Name,Price,Images,Details,product_link
Smartphone Remote Control IR Blasters Type C Universal Smart Infrared Transmitter App Control Adapter for TV Air Conditioner,$0.99,"https://ae-pic-a1.aliexpress-media.com/kf/S147e3b50b0a34f9a8f19c920502c57edx.jpg_220x220q75.jpg_.avif,https://ae-pic-a1.aliexpress-media.com/kf/S147e3b50b0a34f9a8f19c920502c57edx.jpg_220x220q75.jpg_.avif,https://ae-pic-a1.aliexpress-media.com/kf/S6583bbe66df44b188d5c8c5076de5d66W.jpg_220x220q75.jpg_.avif,https://ae-pic-a1.aliexpress-media.com/kf/S7aadb34e25e74880aa2d66be902040c9i.jpg_220x220q75.jpg_.avif,https://ae-pic-a1.aliexpress-media.com/kf/S683f2f9259c04da5a059321014d51d8dR.jpg_220x220q75.jpg_.avif","['High-concerned chemical', 'None', 'Wireless Communication', 'IR', 'Support APP', 'Yes', 'Frequency', '433 MHz', 'Interface Type', 'Type C', 'Certification', 'CE,FCC', 'Origin', 'Mainland China']",https://www.aliexpress.us/item/3256809264499838.html?algo_pvid=803d2f5f-8b76-4994-9db4-aec9f1a45a9e&algo_exp_id=803d2f5f-8b76-4994-9db4-aec9f1a45a9e-1&pdp_ext_f=%7B%22order%22%3A%22558%22%2C%22eval%22%3A%221%22%2C%22fromPage%22%3A%22search%22%7D&pdp_npi=6%40dis%21USD%2110.15%210.99%21%21%2168.80%216.73%21%402101529317762445863808000ea45d%2112000049144502864%21sea%21US%210%21ABX%211%210%21n_tag%3A-29910%3Bd%3A6a0703af%3Bm03_new_user%3A-29895%3BpisId%3A5000000203537367&curPageLogUid=2BER8oCq9Fi2&utparam-url=scene%3Asearch%7Cquery_from%3A%7Cx_object_id%3A1005009450814590%7C_p_origin_prod%3A
IR Appliances Wireless Infrared Remote Control Adapter Smart App Control Mobile Phone Infrared Transmitter For IPhone Mirco,$0.99,"https://ae-pic-a1.aliexpress-media.com/kf/S7439fc7f52654dffb98bd2620701fa42K.jpg_220x220q75.jpg_.avif,https://ae-pic-a1.aliexpress-media.com/kf/S098ab93fe8b249518218d0c44c0516a64.jpg_220x220q75.jpg_.avif,https://ae-pic-a1.aliexpress-media.com/kf/S981d5393d9d740eda362ed1dbffa2e3cK.jpg_220x220q75.jpg_.avif,https://ae-pic-a1.aliexpress-media.com/kf/S18f234b1cfbb4f778b0ee2d988f97ee2j.jpg_220x220q75.jpg_.avif,https://ae-pic-a1.aliexpress-media.com/kf/S7fded014bec149539cf34ac9be45ee75Y.jpg_220x220q75.jpg_.avif","['High-concerned chemical', 'None', 'Frequency', '433 MHz', 'Interface Type', 'Type C', 'Certification', 'CE', 'Origin', 'Mainland China']",https://www.aliexpress.us/item/3256807233976427.html?algo_pvid=803d2f5f-8b76-4994-9db4-aec9f1a45a9e&algo_exp_id=803d2f5f-8b76-4994-9db4-aec9f1a45a9e-3&pdp_ext_f=%7B%22order%22%3A%22268%22%2C%22eval%22%3A%221%22%2C%22fromPage%22%3A%22search%22%7D&pdp_npi=6%40dis%21USD%2110.10%210.99%21%21%2168.50%216.74%21%402101529317762445863808000ea45d%2112000040677740242%21sea%21US%210%21ABX%211%210%21n_tag%3A-29910%3Bd%3A6a0703af%3Bm03_new_user%3A-29895%3BpisId%3A5000000203537367&curPageLogUid=9LJLapQFgw7P&utparam-url=scene%3Asearch%7Cquery_from%3A%7Cx_object_id%3A1005007420291179%7C_p_origin_prod%3A
Wireless Infrared Remote Control Adapter Mobile Phone Infrared Transmitter Smart Control Suitable For IPhone/Android NEW Tool,$0.99,"https://ae-pic-a1.aliexpress-media.com/kf/Sadb7983d3c654c7c8cf12971219a139fM.jpg_220x220q75.jpg_.avif,https://ae-pic-a1.aliexpress-media.com/kf/Scfd0bd61eb914f968559c6bec74d2d57h.jpg_220x220q75.jpg_.avif,https://ae-pic-a1.aliexpress-media.com/kf/Sf2c5c1032fcf4523ba4f528b7f25fa8cN.jpg_220x220q75.jpg_.avif,https://ae-pic-a1.aliexpress-media.com/kf/Sc9650d06a96447b3b3a908a865c738f7b.jpg_220x220q75.jpg_.avif,https://ae-pic-a1.aliexpress-media.com/kf/S811aec2338d945b2b2f33e31a48441a1z.jpg_220x220q75.jpg_.avif","['High-concerned chemical', 'None', 'Frequency', '433 MHz', 'Interface Type', 'Type C', 'Certification', 'CE', 'Origin', 'Mainland China']",https://www.aliexpress.us/item/3256807071859120.html?algo_pvid=803d2f5f-8b76-4994-9db4-aec9f1a45a9e&algo_exp_id=803d2f5f-8b76-4994-9db4-aec9f1a45a9e-33&pdp_ext_f=%7B%22order%22%3A%22129%22%2C%22eval%22%3A%221%22%2C%22fromPage%22%3A%22search%22%7D&pdp_npi=6%40dis%21USD%2115.39%210.99%21%21%21104.32%216.71%21%402101529317762445863808000ea45d%2112000039983342219%21sea%21US%210%21ABX%211%210%21n_tag%3A-29910%3Bd%3A6a0703af%3Bm03_new_user%3A-29895%3BpisId%3A5000000203537399&curPageLogUid=U2Dr5BcO4iyo&utparam-url=scene%3Asearch%7Cquery_from%3A%7Cx_object_id%3A1005007258173872%7C_p_origin_prod%3A
Appliances Wireless Infrared Remote Control Adapter Smart App Control Phone Infrared Transmitter For IPhone&Android Phone,$4.37,"https://ae-pic-a1.aliexpress-media.com/kf/S3d54961815c64769a893ff5da53f50a79.jpg_220x220q75.jpg_.avif,https://ae-pic-a1.aliexpress-media.com/kf/S00311b828945429ca16ab9b99df88f999.jpg_220x220q75.jpg_.avif,https://ae-pic-a1.aliexpress-media.com/kf/S65a87bb22d994f738741c2120a6a5bc9Z.jpg_220x220q75.jpg_.avif,https://ae-pic-a1.aliexpress-media.com/kf/S3791d0fa48da4f298ca91617f3a93f45N.jpg_220x220q75.jpg_.avif,https://ae-pic-a1.aliexpress-media.com/kf/S9611d97d594f4b77822fb6ae8918d84f9.jpg_220x220q75.jpg_.avif","['High-concerned chemical', 'None', 'Frequency', '315 MHz', 'Interface Type', 'Lightning', 'Certification', 'NONE', 'Origin', 'Mainland China']",https://www.aliexpress.us/item/3256807802073516.html?algo_pvid=803d2f5f-8b76-4994-9db4-aec9f1a45a9e&algo_exp_id=803d2f5f-8b76-4994-9db4-aec9f1a45a9e-40&pdp_ext_f=%7B%22order%22%3A%2271%22%2C%22eval%22%3A%221%22%2C%22fromPage%22%3A%22search%22%7D&pdp_npi=6%40dis%21USD%216.94%214.37%21%21%2147.03%2129.63%21%402101529317762445863808000ea45d%2112000043171074903%21sea%21US%210%21ABX%211%210%21n_tag%3A-29910%3Bd%3A6a0703af%3Bm03_new_user%3A-29895&curPageLogUid=BYzmTOh8QQf7&utparam-url=scene%3Asearch%7Cquery_from%3A%7Cx_object_id%3A1005007988388268%7C_p_origin_prod%3A
Wireless Infrared Remote Control Adapter Smart Phone App Control Infrared Transmitter Universal Mini Remote Control For TV Fan,$0.99,"https://ae-pic-a1.aliexpress-media.com/kf/S0264ce827145454eb8766229e2c34580Y.jpg_220x220q75.jpg_.avif,https://ae-pic-a1.aliexpress-media.com/kf/Sb9de785d05204f438d2a6554a40a091bC.jpg_220x220q75.jpg_.avif,https://ae-pic-a1.aliexpress-media.com/kf/Sf582fe248379414b9798c8a2a4835f91L.jpg_220x220q75.jpg_.avif,https://ae-pic-a1.aliexpress-media.com/kf/Sc657d8ab227547059b57682fb7bccc16L.jpg_220x220q75.jpg_.avif,https://ae-pic-a1.aliexpress-media.com/kf/S1efa18637f234724b100503553e4cb855.jpg_220x220q75.jpg_.avif","['High-concerned chemical', 'None', 'Wireless Communication', 'IR', 'Use', 'Universal', 'Frequency', '433 MHz', 'Channel', '1', 'Interface Type', 'Type C', 'Certification', 'NONE', 'Origin', 'Mainland China']",https://www.aliexpress.us/item/3256808568862976.html?algo_pvid=803d2f5f-8b76-4994-9db4-aec9f1a45a9e&algo_exp_id=803d2f5f-8b76-4994-9db4-aec9f1a45a9e-6&pdp_ext_f=%7B%22order%22%3A%2260%22%2C%22eval%22%3A%221%22%2C%22fromPage%22%3A%22search%22%7D&pdp_npi=6%40dis%21USD%219.77%210.99%21%21%2166.22%216.67%21%402101529317762445863808000ea45d%2112000046531280095%21sea%21US%210%21ABX%211%210%21n_tag%3A-29910%3Bd%3A6a0703af%3Bm03_new_user%3A-29895%3BpisId%3A5000000203537367&curPageLogUid=IH4RoUUssOdh&utparam-url=scene%3Asearch%7Cquery_from%3A%7Cx_object_id%3A1005008755177728%7C_p_origin_prod%3A
Appliances Wireless Infrared Remote Control Adapter Mobile Phone Infrared Transmitter Smart Control Suitable For IPhone/Android,$0.99,"https://ae-pic-a1.aliexpress-media.com/kf/S811aec2338d945b2b2f33e31a48441a1z.jpg_220x220q75.jpg_.avif,https://ae-pic-a1.aliexpress-media.com/kf/Sc9650d06a96447b3b3a908a865c738f7b.jpg_220x220q75.jpg_.avif,https://ae-pic-a1.aliexpress-media.com/kf/Sf2c5c1032fcf4523ba4f528b7f25fa8cN.jpg_220x220q75.jpg_.avif,https://ae-pic-a1.aliexpress-media.com/kf/Scfd0bd61eb914f968559c6bec74d2d57h.jpg_220x220q75.jpg_.avif,https://ae-pic-a1.aliexpress-media.com/kf/Sadb7983d3c654c7c8cf12971219a139fM.jpg_220x220q75.jpg_.avif","['High-concerned chemical', 'None', 'Frequency', '315 MHz', 'Interface Type', 'Type C', 'Brand Name', 'GRWIBEOU', 'Certification', 'CE', 'Origin', 'Mainland China']",https://www.aliexpress.us/item/3256806896602357.html?algo_pvid=803d2f5f-8b76-4994-9db4-aec9f1a45a9e&algo_exp_id=803d2f5f-8b76-4994-9db4-aec9f1a45a9e-34&pdp_ext_f=%7B%22order%22%3A%2248%22%2C%22eval%22%3A%221%22%2C%22fromPage%22%3A%22search%22%7D&pdp_npi=6%40dis%21USD%217.15%210.99%21%21%2148.48%216.69%21%402101529317762445863808000ea45d%2112000039339102931%21sea%21US%210%21ABX%211%210%21n_tag%3A-29910%3Bd%3A6a0703af%3Bm03_new_user%3A-29895%3BpisId%3A5000000203537399&curPageLogUid=A2oshTanEmJQ&utparam-url=scene%3Asearch%7Cquery_from%3A%7Cx_object_id%3A1005007082917109%7C_p_origin_prod%3A
1PCS CoRui Smartphone IR Remote Controller Infrared Transmit For Air Conditioner Mini Adapter Type C/Micro USB Interface Smart,$0.99,"https://ae-pic-a1.aliexpress-media.com/kf/Sb7cd93d6afe34654909072d40f1fd601q.jpg_220x220q75.jpg_.avif,https://ae-pic-a1.aliexpress-media.com/kf/S32ee996d68ec4bc991c0fae3a986b575X.jpg_220x220q75.jpg_.avif,https://ae-pic-a1.aliexpress-media.com/kf/S351dfa6e64fb41c98529c6416e6b675c7.jpg_220x220q75.jpg_.avif,https://ae-pic-a1.aliexpress-media.com/kf/Sdf10021e59b343c4bfc03f749f9993e7L.jpg_220x220q75.jpg_.avif,https://ae-pic-a1.aliexpress-media.com/kf/S8d2bf94694c645be84c0cf127fcfb6d6g.jpg_220x220q75.jpg_.avif","['High-concerned chemical', 'None', 'Wireless Communication', 'IR', 'Use', 'Universal', 'Support APP', 'Yes', 'Interface Type', 'Type C', 'Origin', 'Mainland China', 'Certification', 'NONE', 'Remote control distance', '8-15m', 'Material', 'aluminum alloy and silicone and PC', 'Feature E', 'Smart Home', 'Emission intensity', '70-90mW/Sr', 'Type E', 'Control For Tv Dvd Aud Works', 'Size', '26x11.8x6.4mm', 'Product Model', 'EKX5-L/EKX-T/EKX', 'Feature A', 'Convenient Fifth Generation Capsule Remote Control', 'Feature 1', 'Universal Remote Control Save Time', 'Feature 2', 'Fifth Generation Capsule Remote Control Versatile', 'Feature 3', 'Smartphone Remote Control Actual Smartphone Controls Multiple Devices', 'Feature 4', 'Infrared Remote Control Easy To Use', 'Feature 5', 'Mobile Phone Remote Control Convenient', 'Feature 6', 'For Micro USB/Type-C', 'Feature 7', 'For TV Box Air Conditioner']",https://www.aliexpress.us/item/3256806853810906.html?algo_pvid=803d2f5f-8b76-4994-9db4-aec9f1a45a9e&algo_exp_id=803d2f5f-8b76-4994-9db4-aec9f1a45a9e-5&pdp_ext_f=%7B%22order%22%3A%2246%22%2C%22eval%22%3A%221%22%2C%22fromPage%22%3A%22search%22%7D&pdp_npi=6%40dis%21USD%215.20%210.99%21%21%2135.23%216.69%21%402101529317762445863808000ea45d%2112000039184496801%21sea%21US%210%21ABX%211%210%21n_tag%3A-29910%3Bd%3A6a0703af%3Bm03_new_user%3A-29895%3BpisId%3A5000000203537399&curPageLogUid=I113eEip9zac&utparam-url=scene%3Asearch%7Cquery_from%3A%7Cx_object_id%3A1005007040125658%7C_p_origin_prod%3A
Universal Remote Control Infrared Transmitter 3.5mm Phone Wireless Remote Control For TV/DVD/STB/IOS Air Conditioner TV,$2.91,"https://ae-pic-a1.aliexpress-media.com/kf/Sc6acd4d5a2cb465db2a58cd95d98cbdf4.jpg_220x220q75.jpg_.avif,https://ae-pic-a1.aliexpress-media.com/kf/S2142cc8b9f5b4f86b77ebba169f00e9f5.jpg_220x220q75.jpg_.avif,https://ae-pic-a1.aliexpress-media.com/kf/S8d7824161e014da288b7a9467d4fb3f83.jpg_220x220q75.jpg_.avif,https://ae-pic-a1.aliexpress-media.com/kf/S444c6b46360a4bcfb634658a18c0669d7.jpg_220x220q75.jpg_.avif,https://ae-pic-a1.aliexpress-media.com/kf/S27ceaed6cb9343c19479b08025841e8dW.jpg_220x220q75.jpg_.avif","['High-concerned chemical', 'None', 'Frequency', '315 MHz', 'Interface Type', '3.5 MM', 'Certification', 'CE', 'Origin', 'Mainland China', 'Material', 'metal and plastic', 'Coverage', 'Point linear distance 5-10M', 'Interface', '3.5 headphone port', 'Compatible platform', 'Android system IOS system', 'Color', 'black white purple rose orange green blue yellow', 'Applicable objects', 'TV air conditioner set-top box fan', 'Operating temperature range', '-10 degrees to and 60 degrees']",https://www.aliexpress.us/item/3256805901965011.html?algo_pvid=803d2f5f-8b76-4994-9db4-aec9f1a45a9e&algo_exp_id=803d2f5f-8b76-4994-9db4-aec9f1a45a9e-35&pdp_ext_f=%7B%22order%22%3A%2222%22%2C%22eval%22%3A%221%22%2C%22fromPage%22%3A%22search%22%7D&pdp_npi=6%40dis%21USD%212.91%212.91%21%21%2119.70%2119.70%21%402101529317762445863808000ea45d%2112000044350050809%21sea%21US%210%21ABX%211%210%21n_tag%3A-29910%3Bd%3A6a0703af%3Bm03_new_user%3A-29895&curPageLogUid=stOcTwQ2mMEz&utparam-url=scene%3Asearch%7Cquery_from%3A%7Cx_object_id%3A1005006088279763%7C_p_origin_prod%3A
Infrared Remote Control Easy To Use Convenient Pocket Best Seller Fashionable Highest Rated Smartphone Remote Control Actual,$0.99,"https://ae-pic-a1.aliexpress-media.com/kf/S5182dbcce4a04ad8bffaa2d31541150ci.jpg_220x220q75.jpg_.avif,https://ae-pic-a1.aliexpress-media.com/kf/Se83fee8e678543dfa74af74a441b89edd.jpg_220x220q75.jpg_.avif,https://ae-pic-a1.aliexpress-media.com/kf/S2e9d47b8fa6e4c71b8811e13b56be711a.jpg_220x220q75.jpg_.avif,https://ae-pic-a1.aliexpress-media.com/kf/S309452c57a8d4e95bfa116005c7c34f9Y.jpg_220x220q75.jpg_.avif,https://ae-pic-a1.aliexpress-media.com/kf/Sfa27074701964bf3a66c72b144adc5aei.jpg_220x220q75.jpg_.avif","['High-concerned chemical', 'None', 'Wireless Communication', 'IR', 'Use', 'Universal', 'Support APP', 'Yes', 'Interface Type', 'Type C', 'Origin', 'Mainland China', 'Certification', 'NONE', 'Packaging', 'safety packaging', 'Product Model', 'EKX5-L/EKX-T/EKX', 'Feature A', 'Mobile Phone Remote Control', 'Type E', 'Remote Controller Universal', 'Origin', 'Mainland China', 'Type1', 'Smart Phone Remote Control Mobile App Control', 'Type2', 'Mini & Protable', 'Type3', 'Plug and Play', 'Type4', 'Widly Ccompatibility', 'Type5', 'For Smart Home', 'Feature 1', 'Fifth Generation Capsule Remote Control Remote Control App Innovative', 'Feature 2', 'Smartphone Remote Control Smart Home User Friendly', 'Feature 3', 'Infrared Remote Control Voice Control The Latest Technology', 'Feature 4', 'Mobile Phone Remote Control Multi-device Compatibility Best Seller', 'Feature 5', 'Universal Remote Control Wireless Control Highest Rated']",https://www.aliexpress.us/item/3256806699951214.html?algo_pvid=803d2f5f-8b76-4994-9db4-aec9f1a45a9e&algo_exp_id=803d2f5f-8b76-4994-9db4-aec9f1a45a9e-7&pdp_ext_f=%7B%22order%22%3A%2219%22%2C%22eval%22%3A%221%22%2C%22fromPage%22%3A%22search%22%7D&pdp_npi=6%40dis%21USD%215.53%210.99%21%21%215.53%210.99%21%402101529317762445863808000ea45d%2112000038621311333%21sea%21US%210%21ABX%211%210%21n_tag%3A-29910%3Bd%3A6a0703af%3Bm03_new_user%3A-29895%3BpisId%3A5000000203537399&curPageLogUid=gU7VckbiZwyv&utparam-url=scene%3Asearch%7Cquery_from%3A%7Cx_object_id%3A1005006886265966%7C_p_origin_prod%3A
Smart Phone Infrared Transmitter Universal Remote Control For Iphone Mini Remote Controller Accessories,$0.99,"https://ae-pic-a1.aliexpress-media.com/kf/Sc5ca31bd16ec4893bae7e0a241015c06t.jpg_220x220q75.jpg_.avif,https://ae-pic-a1.aliexpress-media.com/kf/Saf599628d048409c9871cc86fb9b5b29b.jpg_220x220q75.jpg_.avif,https://ae-pic-a1.aliexpress-media.com/kf/Sff6dc60549e5434a8c0c53b49da69b87q.jpg_220x220q75.jpg_.avif,https://ae-pic-a1.aliexpress-media.com/kf/Sed72e21f40a34575a909744866ba981di.jpg_220x220q75.jpg_.avif,https://ae-pic-a1.aliexpress-media.com/kf/S4c95aee32b4c4f7391dd72f1085a074dl.jpg_220x220q75.jpg_.avif","['High-concerned chemical', 'None', 'Frequency', '433 MHz', 'Interface Type', 'Micro', 'Certification', 'NONE', 'Origin', 'Mainland China']",https://www.aliexpress.us/item/3256808208835344.html?algo_pvid=803d2f5f-8b76-4994-9db4-aec9f1a45a9e&algo_exp_id=803d2f5f-8b76-4994-9db4-aec9f1a45a9e-31&pdp_ext_f=%7B%22order%22%3A%2216%22%2C%22eval%22%3A%221%22%2C%22fromPage%22%3A%22search%22%7D&pdp_npi=6%40dis%21USD%216.94%210.99%21%21%2147.07%216.73%21%402101529317762445863808000ea45d%2112000044840517177%21sea%21US%210%21ABX%211%210%21n_tag%3A-29910%3Bd%3A6a0703af%3Bm03_new_user%3A-29895%3BpisId%3A5000000203537399&curPageLogUid=R26Cxsozr7bi&utparam-url=scene%3Asearch%7Cquery_from%3A%7Cx_object_id%3A1005008395150096%7C_p_origin_prod%3A
Bluetooth Remote Shutter Control Multifunctional Remote for iPhone Android Wireless Shutter for Vlog TikTok Volume Control,$0.99,"https://ae-pic-a1.aliexpress-media.com/kf/S5b5cc6a577f64753b28cf0c39ef0854aX.jpg_220x220q75.jpg_.avif,https://ae-pic-a1.aliexpress-media.com/kf/S3886a2309f26409995645bac83c3d17cy.jpg_220x220q75.jpg_.avif,https://ae-pic-a1.aliexpress-media.com/kf/S1edd1431e22c45119e77250e1836932fg.jpg_220x220q75.jpg_.avif,https://ae-pic-a1.aliexpress-media.com/kf/S5aee818f31f94e8cb1ba2f2db58961a4S.jpg_220x220q75.jpg_.avif,https://ae-pic-a1.aliexpress-media.com/kf/S1714eca18d3841adafc61410cced0833M.jpg_220x220q75.jpg_.avif","['High-concerned chemical', 'None', 'Wireless Communication', 'Bluetooth', 'Frequency', '315 MHz', 'Interface Type', 'Type C', 'Certification', 'NONE', 'Origin', 'Mainland China']",https://www.aliexpress.us/item/3256808700789245.html?algo_pvid=803d2f5f-8b76-4994-9db4-aec9f1a45a9e&algo_exp_id=803d2f5f-8b76-4994-9db4-aec9f1a45a9e-8&pdp_ext_f=%7B%22order%22%3A%2213%22%2C%22eval%22%3A%221%22%2C%22fromPage%22%3A%22search%22%7D&pdp_npi=6%40dis%21USD%2117.77%210.99%21%21%21120.49%216.75%21%402101529317762445863808000ea45d%2112000047086304179%21sea%21US%210%21ABX%211%210%21n_tag%3A-29910%3Bd%3A6a0703af%3Bm03_new_user%3A-29895%3BpisId%3A5000000203537399&curPageLogUid=vSMGiH7efb2a&utparam-url=scene%3Asearch%7Cquery_from%3A%7Cx_object_id%3A1005008887103997%7C_p_origin_prod%3A
IR Remote Controller Mobile Phone Remote Controller Universal Mobile Phone IR Control Remote Controller for Android Smartphone,$7.62,"https://ae-pic-a1.aliexpress-media.com/kf/S6a150c2dd39f4324a7856cd8c5842ccd9.jpg_220x220q75.jpg_.avif,https://ae-pic-a1.aliexpress-media.com/kf/S6043d3e5e2b944c6b0b32618a0be8efbQ.jpg_220x220q75.jpg_.avif,https://ae-pic-a1.aliexpress-media.com/kf/Seb0d8b0a17b4460a8b7a119c214346aa2.jpg_220x220q75.jpg_.avif,https://ae-pic-a1.aliexpress-media.com/kf/S57053d6edd024ea5bfc3fc0ac1e4395bx.jpg_220x220q75.jpg_.avif,https://ae-pic-a1.aliexpress-media.com/kf/S095d89c96cf045a68b82c12bab5af463v.jpg_220x220q75.jpg_.avif","['High-concerned chemical', 'None', 'Interface Type', 'Type C', 'Brand Name', 'VBESTLIFE', 'Origin', 'Mainland China']",https://www.aliexpress.us/item/3256807367780865.html?algo_pvid=803d2f5f-8b76-4994-9db4-aec9f1a45a9e&algo_exp_id=803d2f5f-8b76-4994-9db4-aec9f1a45a9e-9&pdp_ext_f=%7B%22order%22%3A%2212%22%2C%22eval%22%3A%221%22%2C%22fromPage%22%3A%22search%22%7D&pdp_npi=6%40dis%21USD%2128.97%217.62%21%21%21196.38%2151.62%21%402101529317762445863808000ea45d%2112000041273744516%21sea%21US%210%21ABX%211%210%21n_tag%3A-29910%3Bd%3A6a0703af%3Bm03_new_user%3A-29895%3BpisId%3A5000000203537347&curPageLogUid=bObQSNSWLlHF&utparam-url=scene%3Asearch%7Cquery_from%3A%7Cx_object_id%3A1005007554095617%7C_p_origin_prod%3A
1Pc RF Receiver 433 Mhz Superheterodyne And Transmitter Module For Arduino Uno Wireless Module Diy Kit 433Mhz Remote Control,$0.99,"https://ae-pic-a1.aliexpress-media.com/kf/S0e3e7f15e935437ca0ed2cf2e3f863f1g.jpg_220x220q75.jpg_.avif,https://ae-pic-a1.aliexpress-media.com/kf/Sf56d7ae7b3a74ddb87b4222d1ccff3f1v.jpg_220x220q75.jpg_.avif,https://ae-pic-a1.aliexpress-media.com/kf/S4172c2680a954a6f981f9de0c4ca587e6.jpg_220x220q75.jpg_.avif,https://ae-pic-a1.aliexpress-media.com/kf/S9f7613e95f6a4680953386bf40e663d7K.jpg_220x220q75.jpg_.avif,https://ae-pic-a1.aliexpress-media.com/kf/Sc1d36febd37e4bb58308c3b034b73bc0s.jpg_220x220q75.jpg_.avif","['High-concerned chemical', 'None', 'Frequency', '315 MHz', 'Interface Type', '3.5 MM', 'Brand Name', 'SD&HI', 'Certification', 'NONE', 'Origin', 'Mainland China']",https://www.aliexpress.us/item/3256806634191446.html?algo_pvid=803d2f5f-8b76-4994-9db4-aec9f1a45a9e&algo_exp_id=803d2f5f-8b76-4994-9db4-aec9f1a45a9e-10&pdp_ext_f=%7B%22order%22%3A%2211%22%2C%22eval%22%3A%221%22%2C%22fromPage%22%3A%22search%22%7D&pdp_npi=6%40dis%21USD%214.70%210.99%21%21%2131.88%216.73%21%402101529317762445863808000ea45d%2112000038407702462%21sea%21US%210%21ABX%211%210%21n_tag%3A-29910%3Bd%3A6a0703af%3Bm03_new_user%3A-29895%3BpisId%3A5000000203537367&curPageLogUid=NtrHlvP8Bshz&utparam-url=scene%3Asearch%7Cquery_from%3A%7Cx_object_id%3A1005006820506198%7C_p_origin_prod%3A
"Smartphone Infrared Transmitter - Universal Mini Remote Controller Replacement, Works For iOS TV Air Conditioner Fan Camera",$5.13,"https://ae-pic-a1.aliexpress-media.com/kf/Sf4811fbae94e4c4da785789a20a05f3fk.jpg_220x220q75.jpg_.avif,https://ae-pic-a1.aliexpress-media.com/kf/S19c6ef77cd6f4d8e8e225628c3481600E.jpg_220x220q75.jpg_.avif,https://ae-pic-a1.aliexpress-media.com/kf/S9a4ac700a52a4ece94c914607d318fe6c.jpg_220x220q75.jpg_.avif,https://ae-pic-a1.aliexpress-media.com/kf/Sb82ac0acaef3422b8918338a22a064d3U.jpg_220x220q75.jpg_.avif,https://ae-pic-a1.aliexpress-media.com/kf/S697c45bcb0fb4d07a6fcde1746b0e7aal.jpg_220x220q75.jpg_.avif","['High-concerned chemical', 'None', 'Frequency', '433 MHz', 'Interface Type', 'Type C', 'Certification', 'CE', 'Origin', 'Mainland China']",https://www.aliexpress.us/item/3256809735559506.html?algo_pvid=803d2f5f-8b76-4994-9db4-aec9f1a45a9e&algo_exp_id=803d2f5f-8b76-4994-9db4-aec9f1a45a9e-39&pdp_ext_f=%7B%22order%22%3A%2211%22%2C%22eval%22%3A%221%22%2C%22fromPage%22%3A%22search%22%7D&pdp_npi=6%40dis%21USD%2111.16%215.13%21%21%2175.64%2134.79%21%402101529317762445863808000ea45d%2112000050582256408%21sea%21US%210%21ABX%211%210%21n_tag%3A-29910%3Bd%3A6a0703af%3Bm03_new_user%3A-29895&curPageLogUid=s80HliFvFJ4e&utparam-url=scene%3Asearch%7Cquery_from%3A%7Cx_object_id%3A1005009921874258%7C_p_origin_prod%3A
Mobile Phone Wireless Infrared Remote Control for iPhone IR Blasters Adapter Smart App Control For TV Air Conditioner Fan,$0.99,"https://ae-pic-a1.aliexpress-media.com/kf/S2c880f6586014440971acd3ed7396964L.jpg_220x220q75.jpg_.avif,https://ae-pic-a1.aliexpress-media.com/kf/Sad50688cfb8a4c0d83c10f42e934070cj.jpg_220x220q75.jpg_.avif,https://ae-pic-a1.aliexpress-media.com/kf/Sb93efd6baf764c3f9b03c515be091310U.jpg_220x220q75.jpg_.avif,https://ae-pic-a1.aliexpress-media.com/kf/S316dc854781f40debc6827e2cf1aca6aZ.jpg_220x220q75.jpg_.avif,https://ae-pic-a1.aliexpress-media.com/kf/S9a891cbd5cb546a6a0f29b0014f49828q.jpg_220x220q75.jpg_.avif","['High-concerned chemical', 'None', 'Frequency', '315 MHz', 'Interface Type', '3.5 MM', 'Certification', 'CE', 'Origin', 'Mainland China']",https://www.aliexpress.us/item/3256809458530492.html?algo_pvid=803d2f5f-8b76-4994-9db4-aec9f1a45a9e&algo_exp_id=803d2f5f-8b76-4994-9db4-aec9f1a45a9e-30&pdp_ext_f=%7B%22order%22%3A%228%22%2C%22eval%22%3A%221%22%2C%22fromPage%22%3A%22search%22%7D&pdp_npi=6%40dis%21USD%2113.74%210.99%21%21%2193.17%216.72%21%402101529317762445863808000ea45d%2112000049746708425%21sea%21US%210%21ABX%211%210%21n_tag%3A-29910%3Bd%3A6a0703af%3Bm03_new_user%3A-29895%3BpisId%3A5000000203537399&curPageLogUid=kN3YK4FiFA0d&utparam-url=scene%3Asearch%7Cquery_from%3A%7Cx_object_id%3A1005009644845244%7C_p_origin_prod%3A
U4LC USB C Type C Mini IR Remote Control Phone IR Transmitter IR Blasters for Smartphone Air Conditioner,$0.99,"https://ae-pic-a1.aliexpress-media.com/kf/S0e7c283c22234d4e82010a0e45f6b7d0x.jpg_220x220q75.jpg_.avif,https://ae-pic-a1.aliexpress-media.com/kf/S9ef4787ec0c948018429774fb21c63b0J.jpg_220x220q75.jpg_.avif,https://ae-pic-a1.aliexpress-media.com/kf/Sdff444eeaaa6417ab08ff9f511f18a58K.jpg_220x220q75.jpg_.avif,https://ae-pic-a1.aliexpress-media.com/kf/S8748c6fbb72b44329e2072c67156179bx.jpg_220x220q75.jpg_.avif,https://ae-pic-a1.aliexpress-media.com/kf/S97a32e4bae7946f8819697c94e1db899A.jpg_220x220q75.jpg_.avif","['High-concerned chemical', 'None', 'Frequency', '433 MHz', 'Interface Type', 'Micro', 'Certification', 'NONE', 'Origin', 'Mainland China']",https://www.aliexpress.us/item/3256809374198481.html?algo_pvid=803d2f5f-8b76-4994-9db4-aec9f1a45a9e&algo_exp_id=803d2f5f-8b76-4994-9db4-aec9f1a45a9e-11&pdp_ext_f=%7B%22order%22%3A%226%22%2C%22eval%22%3A%221%22%2C%22fromPage%22%3A%22search%22%7D&pdp_npi=6%40dis%21USD%216.51%210.99%21%21%216.51%210.99%21%402101529317762445863808000ea45d%2112000049464451564%21sea%21US%210%21ABX%211%210%21n_tag%3A-29910%3Bd%3A6a0703af%3Bm03_new_user%3A-29895%3BpisId%3A5000000203537367&curPageLogUid=EBKKAd6i5fqB&utparam-url=scene%3Asearch%7Cquery_from%3A%7Cx_object_id%3A1005009560513233%7C_p_origin_prod%3A
Wireless Infrared Remote Control Adapter Mobile Phone Infrared Transmitter Smart Control IPhone/Android Tool Factory Shipment,$0.99,"https://ae-pic-a1.aliexpress-media.com/kf/Sf1c653ce42704894b4e4f43abb11fff03.jpg_220x220q75.jpg_.avif,https://ae-pic-a1.aliexpress-media.com/kf/S024a052343a44ceab38ec1062d9d0b52D.jpg_220x220q75.jpg_.avif,https://ae-pic-a1.aliexpress-media.com/kf/S4a14a85801fe482c8f514332d26e01cbp.jpg_220x220q75.jpg_.avif,https://ae-pic-a1.aliexpress-media.com/kf/Sdfcc06c1755b44e5b245a5bbd7b626fdo.jpg_220x220q75.jpg_.avif,https://ae-pic-a1.aliexpress-media.com/kf/S86b276355d744ac096c9fa2d41ab813an.jpg_220x220q75.jpg_.avif","['High-concerned chemical', 'None', 'Frequency', '433 MHz', 'Interface Type', 'Type C', 'Certification', 'NONE', 'Origin', 'Mainland China']",https://www.aliexpress.us/item/3256809737080452.html?algo_pvid=803d2f5f-8b76-4994-9db4-aec9f1a45a9e&algo_exp_id=803d2f5f-8b76-4994-9db4-aec9f1a45a9e-29&pdp_ext_f=%7B%22order%22%3A%225%22%2C%22eval%22%3A%221%22%2C%22fromPage%22%3A%22search%22%7D&pdp_npi=6%40dis%21USD%2111.25%210.99%21%21%2176.26%216.67%21%402101529317762445863808000ea45d%2112000050587528900%21sea%21US%210%21ABX%211%210%21n_tag%3A-29910%3Bd%3A6a0703af%3Bm03_new_user%3A-29895%3BpisId%3A5000000203537399&curPageLogUid=oJhyGYYSRs0A&utparam-url=scene%3Asearch%7Cquery_from%3A%7Cx_object_id%3A1005009923395204%7C_p_origin_prod%3A
"IR Remote Control for Smartphone,Small Size IR Transmitter IR Remote Control for Phone with Type C Port best sale",$0.99,"https://ae-pic-a1.aliexpress-media.com/kf/S18d5f4fc0e1f4dd58c8c3400522e399dv.jpg_220x220q75.jpg_.avif,https://ae-pic-a1.aliexpress-media.com/kf/S18d5f4fc0e1f4dd58c8c3400522e399dv.jpg_220x220q75.jpg_.avif,https://ae-pic-a1.aliexpress-media.com/kf/Sb92304faea914dada6222b2d70d56e900.jpg_220x220q75.jpg_.avif,https://ae-pic-a1.aliexpress-media.com/kf/S5b7fea1fe84343b0861a49203d83cec5c.jpg_220x220q75.jpg_.avif,https://ae-pic-a1.aliexpress-media.com/kf/Sf0afab1762a7476a8c961030893159cc6.jpg_220x220q75.jpg_.avif","['High-concerned chemical', 'None', 'Use', '/', 'Frequency', '433 MHz', 'Interface Type', 'Micro', 'Brand Name', 'AREOFRGB', 'Certification', 'NONE', 'Origin', 'Mainland China']",https://www.aliexpress.us/item/3256809528892136.html?algo_pvid=803d2f5f-8b76-4994-9db4-aec9f1a45a9e&algo_exp_id=803d2f5f-8b76-4994-9db4-aec9f1a45a9e-12&pdp_ext_f=%7B%22order%22%3A%224%22%2C%22eval%22%3A%221%22%2C%22fromPage%22%3A%22search%22%7D&pdp_npi=6%40dis%21USD%216.50%210.99%21%21%2144.07%216.72%21%402101529317762445863808000ea45d%2112000049933612750%21sea%21US%210%21ABX%211%210%21n_tag%3A-29910%3Bd%3A6a0703af%3Bm03_new_user%3A-29895%3BpisId%3A5000000203537367&curPageLogUid=2ewTgyNaoD2q&utparam-url=scene%3Asearch%7Cquery_from%3A%7Cx_object_id%3A1005009715206888%7C_p_origin_prod%3A
Universal Remote Control Smart Phone Infrared Transmitter For Iphone Mini Remote Controller Accessories,$0.99,"https://ae-pic-a1.aliexpress-media.com/kf/S5cb53d2d2c0a44549e1e317f1872c07dv.jpg_220x220q75.jpg_.avif,https://ae-pic-a1.aliexpress-media.com/kf/Sed23c9fe01ee465cad4df5b8a0fada15Y.jpg_220x220q75.jpg_.avif,https://ae-pic-a1.aliexpress-media.com/kf/Sa7893afa9d7643198b4094359d797098E.jpg_220x220q75.jpg_.avif,https://ae-pic-a1.aliexpress-media.com/kf/S36123d1643a04e4baa86d5f437d1539dB.jpg_220x220q75.jpg_.avif,https://ae-pic-a1.aliexpress-media.com/kf/Sc26021af64b64efaa82f1f35f5acd27eX.jpg_220x220q75.jpg_.avif","['High-concerned chemical', 'None', 'Frequency', '433 MHz', 'Interface Type', 'Micro', 'Certification', 'NONE', 'Origin', 'Mainland China']",https://www.aliexpress.us/item/3256808199274387.html?algo_pvid=803d2f5f-8b76-4994-9db4-aec9f1a45a9e&algo_exp_id=803d2f5f-8b76-4994-9db4-aec9f1a45a9e-32&pdp_ext_f=%7B%22order%22%3A%224%22%2C%22eval%22%3A%221%22%2C%22fromPage%22%3A%22search%22%7D&pdp_npi=6%40dis%21USD%216.97%210.99%21%21%2147.24%216.70%21%402101529317762445863808000ea45d%2112000044805148188%21sea%21US%210%21ABX%211%210%21n_tag%3A-29910%3Bd%3A6a0703af%3Bm03_new_user%3A-29895%3BpisId%3A5000000203537399&curPageLogUid=nbmIvmCXZFAd&utparam-url=scene%3Asearch%7Cquery_from%3A%7Cx_object_id%3A1005008385589139%7C_p_origin_prod%3A
Smartphone IR Controller 49ft Signal Range Portable Plug And Play Transmitter IR Remote Control Extender For Home Automation,$9.22,"https://ae-pic-a1.aliexpress-media.com/kf/S19a5c707f17c4b21aaad2c81e2400f34Q.jpg_220x220q75.jpg_.avif,https://ae-pic-a1.aliexpress-media.com/kf/Seddc51d5c301430d960184b8d7a6b5e6H.jpg_220x220q75.jpg_.avif,https://ae-pic-a1.aliexpress-media.com/kf/S6ab23806a33249539baa60d9cc4920912.jpg_220x220q75.jpg_.avif,https://ae-pic-a1.aliexpress-media.com/kf/S83bd15e0ee2842c696c8286a7932df3c6.jpg_220x220q75.jpg_.avif,https://ae-pic-a1.aliexpress-media.com/kf/S7c6fdbb3830b4189a5731b5cd8396aa38.jpg_220x220q75.jpg_.avif","['High-concerned chemical', 'None', 'Frequency', '315 MHz', 'Interface Type', '3.5 MM', 'Certification', 'weee', 'Origin', 'Mainland China', 'suitable_for', 'men', 'usage_scenarios', 'home']",https://www.aliexpress.us/item/3256810266184039.html?algo_pvid=803d2f5f-8b76-4994-9db4-aec9f1a45a9e&algo_exp_id=803d2f5f-8b76-4994-9db4-aec9f1a45a9e-13&pdp_ext_f=%7B%22order%22%3A%222%22%2C%22eval%22%3A%221%22%2C%22fromPage%22%3A%22search%22%7D&pdp_npi=6%40dis%21USD%2130.75%219.22%21%21%2130.75%219.22%21%402101529317762445863808000ea45d%2112000052458918910%21sea%21US%210%21ABX%211%210%21n_tag%3A-29910%3Bd%3A6a0703af%3Bm03_new_user%3A-29895&curPageLogUid=047j8VjrKbAm&utparam-url=scene%3Asearch%7Cquery_from%3A%7Cx_object_id%3A1005010452498791%7C_p_origin_prod%3A
Smartphone IR Controller 49ft Signal Range Portable Type-c Transmitter IR Extender for Home Automation Mobile App Control,$7.37,"https://ae-pic-a1.aliexpress-media.com/kf/S77404885fe0846fba1040a5011598fa1g.jpg_220x220q75.jpg_.avif,https://ae-pic-a1.aliexpress-media.com/kf/S280e57d867f6415b8506eeee18a08e67f.jpg_220x220q75.jpg_.avif,https://ae-pic-a1.aliexpress-media.com/kf/S64b69b233899426691ffe58f4723b8bdA.jpg_220x220q75.jpg_.avif,https://ae-pic-a1.aliexpress-media.com/kf/S6c302347d4e94f49bd7fc07c596bb868P.jpg_220x220q75.jpg_.avif,https://ae-pic-a1.aliexpress-media.com/kf/Sc13fc1e163d94aea8683fd9690d71621V.jpg_220x220q75.jpg_.avif","['High-concerned chemical', 'None', 'Wireless Communication', 'Bluetooth', 'Use', 'Computer', 'System', 'Windows', 'Support APP', 'No', 'Frequency', '315 MHz', 'Channel', '1', 'Interface Type', '3.5 MM', 'Certification', 'weee', 'Origin', 'Mainland China', 'suitable_for', 'men', 'usage_scenarios', 'home']",https://www.aliexpress.us/item/3256811546026257.html?algo_pvid=803d2f5f-8b76-4994-9db4-aec9f1a45a9e&algo_exp_id=803d2f5f-8b76-4994-9db4-aec9f1a45a9e-14&pdp_ext_f=%7B%22order%22%3A%221%22%2C%22eval%22%3A%221%22%2C%22fromPage%22%3A%22search%22%7D&pdp_npi=6%40dis%21USD%2124.56%217.37%21%21%2124.56%217.37%21%402101529317762445863808000ea45d%2112000056388490784%21sea%21US%210%21ABX%211%210%21n_tag%3A-29910%3Bd%3A6a0703af%3Bm03_new_user%3A-29895&curPageLogUid=yYfJsuuygoJU&utparam-url=scene%3Asearch%7Cquery_from%3A%7Cx_object_id%3A1005011732341009%7C_p_origin_prod%3A
Wireless Infrared Remote Control Adapter Smart App Control Long Range Sleek Design Compatible with Type-C Devices,$5.29,"https://ae-pic-a1.aliexpress-media.com/kf/S1d74368c4e914b83a60b6e53ba92fe32p.jpg_220x220q75.jpg_.avif,https://ae-pic-a1.aliexpress-media.com/kf/S286867ddde124adeb575baed1be68a21B.jpg_220x220q75.jpg_.avif,https://ae-pic-a1.aliexpress-media.com/kf/S70cc0633fe0b4da3a375d8ce090c495cR.jpg_220x220q75.jpg_.avif,https://ae-pic-a1.aliexpress-media.com/kf/Sa88f998befc7459c8d353644c8725f3af.jpg_220x220q75.jpg_.avif,https://ae-pic-a1.aliexpress-media.com/kf/S3f0109f419e341fbb9c09b7dbd3f89f7c.jpg_220x220q75.jpg_.avif","['Interface Type', 'Type C', 'Origin', 'Mainland China', 'Certification', 'NONE']",https://www.aliexpress.us/item/3256805845136248.html?algo_pvid=803d2f5f-8b76-4994-9db4-aec9f1a45a9e&algo_exp_id=803d2f5f-8b76-4994-9db4-aec9f1a45a9e-36&pdp_ext_f=%7B%22order%22%3A%221%22%2C%22eval%22%3A%221%22%2C%22fromPage%22%3A%22search%22%7D&pdp_npi=6%40dis%21USD%2111.02%215.29%21%21%2174.69%2135.85%21%402101529317762445863808000ea45d%2112000035403397535%21sea%21US%210%21ABX%211%210%21n_tag%3A-29910%3Bd%3A6a0703af%3Bm03_new_user%3A-29895&curPageLogUid=cWhdMdHhWvIC&utparam-url=scene%3Asearch%7Cquery_from%3A%7Cx_object_id%3A1005006031451000%7C_p_origin_prod%3A
MFi Certified Remote Adapters PC Controller Tool for OS System Devices R2LB,$15.69,"https://ae-pic-a1.aliexpress-media.com/kf/S5e9e8e78f6b848a5a2f29fb422f8977dT.jpg_220x220q75.jpg_.avif,https://ae-pic-a1.aliexpress-media.com/kf/Sbc471e90c8444d64a88f93efcf174d1d8.jpg_220x220q75.jpg_.avif,https://ae-pic-a1.aliexpress-media.com/kf/S40cfc0e358fd43d18183db7ee9b08d4eS.jpg_220x220q75.jpg_.avif,https://ae-pic-a1.aliexpress-media.com/kf/Sbcf1f9ccd61a4e8381d93eaac1aa8facs.jpg_220x220q75.jpg_.avif,https://ae-pic-a1.aliexpress-media.com/kf/S9112c4b2d28845138f14c8f29162da02e.jpg_220x220q75.jpg_.avif","['High-concerned chemical', 'None', 'Frequency', '315 MHz', 'Interface Type', 'Type C', 'Certification', 'NONE', 'Origin', 'Mainland China']",https://www.aliexpress.us/item/3256811657156147.html?algo_pvid=803d2f5f-8b76-4994-9db4-aec9f1a45a9e&algo_exp_id=803d2f5f-8b76-4994-9db4-aec9f1a45a9e-15&pdp_ext_f=%7B%22order%22%3A%22-1%22%2C%22eval%22%3A%221%22%2C%22fromPage%22%3A%22search%22%7D&pdp_npi=6%40dis%21USD%2122.41%2115.69%21%21%2122.41%2115.69%21%402101529317762445863808000ea45d%2112000056752561318%21sea%21US%210%21ABX%211%210%21n_tag%3A-29910%3Bd%3A6a0703af%3Bm03_new_user%3A-29895&curPageLogUid=YP55tf5g9OVv&utparam-url=scene%3Asearch%7Cquery_from%3A%7Cx_object_id%3A1005011843470899%7C_p_origin_prod%3A
Small Remote Adapters Rotating Controller Adapters Simple Operate for Phones Q84A,$22.87,"https://ae-pic-a1.aliexpress-media.com/kf/S571988e5391144cfb81238a21bbc7c075.jpg_220x220q75.jpg_.avif,https://ae-pic-a1.aliexpress-media.com/kf/S571988e5391144cfb81238a21bbc7c075.jpg_220x220q75.jpg_.avif,https://ae-pic-a1.aliexpress-media.com/kf/Scf5e01355f4c40b79284c24e7fb4c262n.jpg_220x220q75.jpg_.avif,https://ae-pic-a1.aliexpress-media.com/kf/S090d8560f46344f9b55a9830e435863ct.jpg_220x220q75.jpg_.avif,https://ae-pic-a1.aliexpress-media.com/kf/Sf49520afb7fd462ba1f35498a5af5db6R.jpg_220x220q75.jpg_.avif","['High-concerned chemical', 'None', 'Frequency', '315 MHz', 'Interface Type', 'Type C', 'Certification', 'NONE', 'Origin', 'Mainland China']",https://www.aliexpress.us/item/3256811646200258.html?algo_pvid=803d2f5f-8b76-4994-9db4-aec9f1a45a9e&algo_exp_id=803d2f5f-8b76-4994-9db4-aec9f1a45a9e-16&pdp_ext_f=%7B%22order%22%3A%22-1%22%2C%22eval%22%3A%221%22%2C%22fromPage%22%3A%22search%22%7D&pdp_npi=6%40dis%21USD%2130.09%2122.87%21%21%2130.09%2122.87%21%402101529317762445863808000ea45d%2112000056734790560%21sea%21US%210%21ABX%211%210%21n_tag%3A-29910%3Bd%3A6a0703af%3Bm03_new_user%3A-29895&curPageLogUid=CUZ4NpsPj6yk&utparam-url=scene%3Asearch%7Cquery_from%3A%7Cx_object_id%3A1005011832515010%7C_p_origin_prod%3A
Multiple Device Controller Small Remote Adapters For Home Appliances W8KE,$15.27,"https://ae-pic-a1.aliexpress-media.com/kf/Sd55598db79394d25906db6af02a5b234Q.jpg_220x220q75.jpg_.avif,https://ae-pic-a1.aliexpress-media.com/kf/Sec5bf1749b144fe891c2060ecf177ba3F.jpg_220x220q75.jpg_.avif,https://ae-pic-a1.aliexpress-media.com/kf/Sd255e5c5480341619ffd282cd2a73545D.jpg_220x220q75.jpg_.avif,https://ae-pic-a1.aliexpress-media.com/kf/Sfbd130c2151c43559fc1df04351688f6t.jpg_220x220q75.jpg_.avif,https://ae-pic-a1.aliexpress-media.com/kf/S91437a6c2f2b4d2c8fc68f0563119114T.jpg_220x220q75.jpg_.avif","['High-concerned chemical', 'None', 'Frequency', '315 MHz', 'Interface Type', 'Type C', 'Certification', 'NONE', 'Origin', 'Mainland China']",https://www.aliexpress.us/item/3256811646042692.html?algo_pvid=803d2f5f-8b76-4994-9db4-aec9f1a45a9e&algo_exp_id=803d2f5f-8b76-4994-9db4-aec9f1a45a9e-17&pdp_ext_f=%7B%22order%22%3A%22-1%22%2C%22eval%22%3A%221%22%2C%22fromPage%22%3A%22search%22%7D&pdp_npi=6%40dis%21USD%2120.09%2115.27%21%21%2120.09%2115.27%21%402101529317762445863808000ea45d%2112000056727619013%21sea%21US%210%21ABX%211%210%21n_tag%3A-29910%3Bd%3A6a0703af%3Bm03_new_user%3A-29895&curPageLogUid=qhsyWb2FBrbK&utparam-url=scene%3Asearch%7Cquery_from%3A%7Cx_object_id%3A1005011832357444%7C_p_origin_prod%3A
L9BA Multifunction Remote Adapters Type C Port Blasters Adapters for Phones,$15.54,"https://ae-pic-a1.aliexpress-media.com/kf/Sda983f9ac014445a9f5c38bef8d90cd3E.jpg_220x220q75.jpg_.avif,https://ae-pic-a1.aliexpress-media.com/kf/Sda983f9ac014445a9f5c38bef8d90cd3E.jpg_220x220q75.jpg_.avif,https://ae-pic-a1.aliexpress-media.com/kf/Sb9e838cb84a9405c975b4375dd34ac34N.jpg_220x220q75.jpg_.avif,https://ae-pic-a1.aliexpress-media.com/kf/S4a573d462b604c08992a8c64e1c49224J.jpg_220x220q75.jpg_.avif,https://ae-pic-a1.aliexpress-media.com/kf/S89c94f63dfd945b8ae21f3892f71d1e1t.jpg_220x220q75.jpg_.avif","['High-concerned chemical', 'None', 'Frequency', '315 MHz', 'Interface Type', 'Type C', 'Certification', 'NONE', 'Origin', 'Mainland China']",https://www.aliexpress.us/item/3256811645796946.html?algo_pvid=803d2f5f-8b76-4994-9db4-aec9f1a45a9e&algo_exp_id=803d2f5f-8b76-4994-9db4-aec9f1a45a9e-18&pdp_ext_f=%7B%22order%22%3A%22-1%22%2C%22eval%22%3A%221%22%2C%22fromPage%22%3A%22search%22%7D&pdp_npi=6%40dis%21USD%2121.59%2115.54%21%21%2121.59%2115.54%21%402101529317762445863808000ea45d%2112000056727399454%21sea%21US%210%21ABX%211%210%21n_tag%3A-29910%3Bd%3A6a0703af%3Bm03_new_user%3A-29895&curPageLogUid=t1kD5Omj5dur&utparam-url=scene%3Asearch%7Cquery_from%3A%7Cx_object_id%3A1005011832111698%7C_p_origin_prod%3A
315/433MHZ WIFI/IR/RF Remote Control Broadlink RM4 Pro for IOS/Android Phone,$62.37,"https://ae-pic-a1.aliexpress-media.com/kf/S9c2b98506c2a4d439e32f216cb16d4d6o.jpg_220x220q75.jpg_.avif,https://ae-pic-a1.aliexpress-media.com/kf/S2edf5f018e434a5f985df7736d3c53f3s.jpg_220x220q75.jpg_.avif,https://ae-pic-a1.aliexpress-media.com/kf/S5e1b4fa5c23445529c940208f2ced42cw.jpg_220x220q75.jpg_.avif,https://ae-pic-a1.aliexpress-media.com/kf/S8044dfeef94841de92620866f5d90b28g.jpg_220x220q75.jpg_.avif,https://ae-pic-a1.aliexpress-media.com/kf/S8c0af620eff44bbdad80806787b377f9d.jpg_220x220q75.jpg_.avif","['High-concerned chemical', 'None', 'Frequency', '433 MHz', 'Interface Type', '3.5 MM', 'Brand Name', 'XMSJ', 'Certification', 'NONE', 'Origin', 'Mainland China', 'Country of Origin', 'China', 'Brand', 'Unbranded', 'Compatible Brand', 'Universal', 'Connectivity', 'Wi-Fi', 'Smart Home Protocol', 'Wi-Fi']",https://www.aliexpress.us/item/3256810543700282.html?algo_pvid=803d2f5f-8b76-4994-9db4-aec9f1a45a9e&algo_exp_id=803d2f5f-8b76-4994-9db4-aec9f1a45a9e-19&pdp_ext_f=%7B%22order%22%3A%22-1%22%2C%22eval%22%3A%221%22%2C%22fromPage%22%3A%22search%22%7D&pdp_npi=6%40dis%21USD%2162.37%2162.37%21%21%21422.82%21422.82%21%402101529317762445863808000ea45d%2112000053334220324%21sea%21US%210%21ABX%211%210%21n_tag%3A-29910%3Bd%3A6a0703af%3Bm03_new_user%3A-29895&curPageLogUid=0PnLNfU3zoEn&utparam-url=scene%3Asearch%7Cquery_from%3A%7Cx_object_id%3A1005010730015034%7C_p_origin_prod%3A
IR Remote Control Extender 49ft Signal Range Plug And Play Portable Adapter IR Remote Control Extender For Home Automation,$12.65,"https://ae-pic-a1.aliexpress-media.com/kf/S7e7fa67b7d3c4f6da98cfcfe8e0419fcs.jpg_220x220q75.jpg_.avif,https://ae-pic-a1.aliexpress-media.com/kf/S3ac4ef70f72c4064994941601693200bv.jpg_220x220q75.jpg_.avif,https://ae-pic-a1.aliexpress-media.com/kf/S9c14f6b7fca0491ab19978d0598c41913.jpg_220x220q75.jpg_.avif,https://ae-pic-a1.aliexpress-media.com/kf/S83bd15e0ee2842c696c8286a7932df3c6.jpg_220x220q75.jpg_.avif,https://ae-pic-a1.aliexpress-media.com/kf/S3bb8d4d33f4f46b792b719bc1f666653N.jpg_220x220q75.jpg_.avif","['High-concerned chemical', 'None', 'Frequency', '315 MHz', 'Interface Type', '3.5 MM', 'Certification', 'weee', 'Origin', 'Mainland China', 'suitable_for', 'men', 'usage_scenarios', 'home']",https://www.aliexpress.us/item/3256810266818344.html?algo_pvid=803d2f5f-8b76-4994-9db4-aec9f1a45a9e&algo_exp_id=803d2f5f-8b76-4994-9db4-aec9f1a45a9e-20&pdp_ext_f=%7B%22order%22%3A%22-1%22%2C%22eval%22%3A%221%22%2C%22fromPage%22%3A%22search%22%7D&pdp_npi=6%40dis%21USD%2125.31%2112.65%21%21%2125.31%2112.65%21%402101529317762445863808000ea45d%2112000052461796615%21sea%21US%210%21ABX%211%210%21n_tag%3A-29910%3Bd%3A6a0703af%3Bm03_new_user%3A-29895&curPageLogUid=UrshVKf344mq&utparam-url=scene%3Asearch%7Cquery_from%3A%7Cx_object_id%3A1005010453133096%7C_p_origin_prod%3A
