Brand Name,Product Name,Product Price,Images,Product Details,Product Link
chanel,PANTOS EYEGLASSES,$355.00 ,"https://www.fashioneyewear.com/cdn/shop/files/SUMMER24-A75296-X08101-V1768_3471-1768-PDT_VIEW_1_conversion1.jpg?v=1714563813&width=2048,https://www.fashioneyewear.com/cdn/shop/files/SUMMER24-A75296-X08101-V1768_3471-1768-PDT_VIEW_2_conversion1.jpg?v=1714563813&width=2048,https://www.fashioneyewear.com/cdn/shop/files/SUMMER24-A75296-X08101-V1768_3471-1768-PDT_VIEW_3_conversion1.jpg?v=1714563813&width=2048","• Authorised CHANEL stockist
• Comes with original case & cloth as supplied by CHANEL

Colour Code: 1768 Blue
Frame Shape: Pantos
Material: Acetate

Lens Width: 51 mm
Lens Height: 44 mm
Bridge Width: 17 mm
Arm Length: 140 mm

Made in Italy",https://www.fashioneyewear.com/products/chanel-3471?variant=45501410279653
chanel,CAT EYE EYEGLASSES,$400.00 ,"https://www.fashioneyewear.com/cdn/shop/files/WINTER25-A75334-X08101-V1813_CH3494-1813-PDT_VIEW_1_conversion1.jpg?v=1761229206&width=2048,https://www.fashioneyewear.com/cdn/shop/files/WINTER25-A75334-X08101-V1813_CH3494-1813-PDT_VIEW_2_conversion1.jpg?v=1761229206&width=2048,https://www.fashioneyewear.com/cdn/shop/files/WINTER25-A75334-X08101-V1813_CH3494-1813-PDT_VIEW_3_conversion1.jpg?v=1761229206&width=2048","• Authorised CHANEL stockist
• Comes with original case & cloth as supplied by CHANEL

Colour Code: C622 Black
Frame Shape: Cat Eye
Material: Acetate

Lens Width: 54 mm
Lens Height: 41 mm
Bridge Width: 17 mm
Arm Length: 140 mm

Made in Italy",https://www.fashioneyewear.com/products/chanel-3494?variant=47962074448101
chanel,PILOT EYEGLASSES,$416.00 ,"https://www.fashioneyewear.com/cdn/shop/files/FALL25-A75328-X27391-V3126_CH2224Q-C126-PDT_VIEW_1_conversion1.jpg?v=1752495869&width=2048,https://www.fashioneyewear.com/cdn/shop/files/FALL25-A75328-X27391-V3126_CH2224Q-C126-PDT_VIEW_2_conversion1.jpg?v=1752495869&width=2048,https://www.fashioneyewear.com/cdn/shop/files/FALL25-A75328-X27391-V3126_CH2224Q-C126-PDT_VIEW_3_conversion1.jpg?v=1752495869&width=2048","• Authorised CHANEL stockist
• Comes with original case & cloth as supplied by CHANEL

Colour Code: C454 Ruthenium
Frame Shape: Pilot
Material: Metal & Calfskin

Lens Width: 56 mm
Lens Height: 46 mm
Bridge Width: 16 mm
Arm Length: 140 mm

Made in Italy",https://www.fashioneyewear.com/products/chanel-2224q?variant=47221431795941
chanel,BUTTERFLY EYEGLASSES,$423.00 ,"https://www.fashioneyewear.com/cdn/shop/files/SPRING25-A75313-X08101-V1702_3482-1702-PDT_VIEW_1_conversion1.jpg?v=1736409005&width=2048,https://www.fashioneyewear.com/cdn/shop/files/SPRING25-A75313-X08101-V1702_3482-1702-PDT_VIEW_2_conversion1.jpg?v=1736409005&width=2048,https://www.fashioneyewear.com/cdn/shop/files/SPRING25-A75313-X08101-V1702_3482-1702-PDT_VIEW_3_conversion1.jpg?v=1736409005&width=2048","• Authorised CHANEL stockist
• Comes with original case & cloth as supplied by CHANEL

Colour Code: C454 Ruthenium
Frame Shape: Pilot
Material: Metal & Calfskin

Lens Width: 56 mm
Lens Height: 46 mm
Bridge Width: 16 mm
Arm Length: 140 mm

Made in Italy",https://www.fashioneyewear.com/products/chanel-3482?variant=46425025872101
chanel,SQUARE EYEGLASSES,$400.00 ,"https://www.fashioneyewear.com/cdn/shop/files/FALL25-A75326-X02123-V3622_CH3489Q-C622-PDT_VIEW_1_conversion1.jpg?v=1752504262&width=2048,https://www.fashioneyewear.com/cdn/shop/files/FALL25-A75326-X02123-V3622_CH3489Q-C622-PDT_VIEW_2_conversion1.jpg?v=1752504262&width=2048,https://www.fashioneyewear.com/cdn/shop/files/FALL25-A75326-X02123-V3622_CH3489Q-C622-PDT_VIEW_3_conversion1.jpg?v=1752504262&width=2048","• Authorised CHANEL stockist
• Comes with original case & cloth as supplied by CHANEL

Colour Code: C454 Ruthenium
Frame Shape: Pilot
Material: Metal & Calfskin

Lens Width: 56 mm
Lens Height: 46 mm
Bridge Width: 16 mm
Arm Length: 140 mm

Made in Italy",https://www.fashioneyewear.com/products/chanel-3489q?variant=47221257765093
chanel,PANTOS EYEGLASSES,$400.00 ,"https://www.fashioneyewear.com/cdn/shop/files/WINTER25-A75333-X08101-V3622_CH3493-C622-PDT_VIEW_1_conversion1.jpg?v=1761230195&width=2048,https://www.fashioneyewear.com/cdn/shop/files/WINTER25-A75333-X08101-V3622_CH3493-C622-PDT_VIEW_2_conversion1.jpg?v=1761230195&width=2048,https://www.fashioneyewear.com/cdn/shop/files/WINTER25-A75333-X08101-V3622_CH3493-C622-PDT_VIEW_3_conversion1.jpg?v=1761230195&width=2048","• Authorised CHANEL stockist
• Comes with original case & cloth as supplied by CHANEL

Colour Code: C454 Ruthenium
Frame Shape: Pilot
Material: Metal & Calfskin

Lens Width: 56 mm
Lens Height: 46 mm
Bridge Width: 16 mm
Arm Length: 140 mm

Made in Italy",https://www.fashioneyewear.com/products/chanel-3493?variant=47962073956581
chanel,CAT EYE EYEGLASSES,$624.00 ,"https://www.fashioneyewear.com/cdn/shop/files/SUMMER25-A75325-X08282-V3622_CH3488-C622-PDT_VIEW_1_conversion1.jpg?v=1764065820&width=2048,https://www.fashioneyewear.com/cdn/shop/files/SUMMER25-A75325-X08282-V3622_CH3488-C622-PDT_VIEW_2_conversion1.jpg?v=1764065820&width=2048,https://www.fashioneyewear.com/cdn/shop/files/SUMMER25-A75325-X08282-V3622_CH3488-C622-PDT_VIEW_3_conversion1.jpg?v=1764065820&width=2048","• Authorised CHANEL stockist
• Comes with original case & cloth as supplied by CHANEL

Colour Code: C454 Ruthenium
Frame Shape: Pilot
Material: Metal & Calfskin

Lens Width: 56 mm
Lens Height: 46 mm
Bridge Width: 16 mm
Arm Length: 140 mm

Made in Italy",https://www.fashioneyewear.com/products/chanel-3488?variant=46761227878629
chanel,BUTTERFLY EYEGLASSES,$423.00 ,"https://www.fashioneyewear.com/cdn/shop/files/SPRING25-A75312-X08101-V1702_3480-1702-PDT_VIEW_1_conversion1.jpg?v=1736408554&width=2048,https://www.fashioneyewear.com/cdn/shop/files/SPRING25-A75312-X08101-V1702_3480-1702-PDT_VIEW_2_conversion1.jpg?v=1736408554&width=2048,https://www.fashioneyewear.com/cdn/shop/files/SPRING25-A75312-X08101-V1702_3480-1702-PDT_VIEW_3_conversion1.jpg?v=1736408554&width=2048","• Authorised CHANEL stockist
• Comes with original case & cloth as supplied by CHANEL

Colour Code: C454 Ruthenium
Frame Shape: Pilot
Material: Metal & Calfskin

Lens Width: 56 mm
Lens Height: 46 mm
Bridge Width: 16 mm
Arm Length: 140 mm

Made in Italy",https://www.fashioneyewear.com/products/chanel-3480?variant=46425027018981
chanel,SQUARE EYEGLASSES,$372.00 ,"https://www.fashioneyewear.com/cdn/shop/files/SPRING25-A75315-X08101-V1798_3483-1798-PDT_VIEW_1_conversion1.jpg?v=1751463637&width=2048,https://www.fashioneyewear.com/cdn/shop/files/SPRING25-A75315-X08101-V1798_3483-1798-PDT_VIEW_2_conversion1.jpg?v=1751463637&width=2048,https://www.fashioneyewear.com/cdn/shop/files/SPRING25-A75315-X08101-V1798_3483-1798-PDT_VIEW_3_conversion1.jpg?v=1751463637&width=2048","• Authorised CHANEL stockist
• Comes with original case & cloth as supplied by CHANEL

Colour Code: C454 Ruthenium
Frame Shape: Pilot
Material: Metal & Calfskin

Lens Width: 56 mm
Lens Height: 46 mm
Bridge Width: 16 mm
Arm Length: 140 mm

Made in Italy",https://www.fashioneyewear.com/products/chanel-3483?variant=46425028231397
chanel,CAT EYE EYEGLASSES,$372.00 ,"https://www.fashioneyewear.com/cdn/shop/files/FALL24-A75300-X02110-V501Z_3474-C501-PDT_VIEW_1_conversion1.jpg?v=1719483706&width=2048,https://www.fashioneyewear.com/cdn/shop/files/FALL24-A75300-X02110-V501Z_3474-C501-PDT_VIEW_2_conversion1.jpg?v=1719483706&width=2048,https://www.fashioneyewear.com/cdn/shop/files/FALL24-A75300-X02110-V501Z_3474-C501-PDT_VIEW_3_conversion1.jpg?v=1719483706&width=2048","• Authorised CHANEL stockist
• Comes with original case & cloth as supplied by CHANEL

Colour Code: C454 Ruthenium
Frame Shape: Pilot
Material: Metal & Calfskin

Lens Width: 56 mm
Lens Height: 46 mm
Bridge Width: 16 mm
Arm Length: 140 mm

Made in Italy",https://www.fashioneyewear.com/products/chanel-3474?variant=45795616129253
chanel,BUTTERFLY EYEGLASSES,$423.00 ,"https://www.fashioneyewear.com/cdn/shop/files/WINTER24-A75311-X01060-V3226_2217-C226-PDT_VIEW_1_conversion1.jpg?v=1727513545&width=2048,https://www.fashioneyewear.com/cdn/shop/files/WINTER24-A75311-X01060-V3226_2217-C226-PDT_VIEW_2_conversion1.jpg?v=1727513545&width=2048,https://www.fashioneyewear.com/cdn/shop/files/WINTER24-A75311-X01060-V3226_2217-C226-PDT_VIEW_3_conversion1.jpg?v=1727513545&width=2048","• Authorised CHANEL stockist
• Comes with original case & cloth as supplied by CHANEL

Colour Code: C454 Ruthenium
Frame Shape: Pilot
Material: Metal & Calfskin

Lens Width: 56 mm
Lens Height: 46 mm
Bridge Width: 16 mm
Arm Length: 140 mm

Made in Italy",https://www.fashioneyewear.com/products/chanel-2217?variant=46139875721445
chanel,SQUARE EYEGLASSES,$423.00 ,"https://www.fashioneyewear.com/cdn/shop/files/WINTER24-A75310-X01060-V3226_2216-C226-PDT_VIEW_1_conversion1.jpg?v=1727513176&width=2048,https://www.fashioneyewear.com/cdn/shop/files/WINTER24-A75310-X01060-V3226_2216-C226-PDT_VIEW_2_conversion1.jpg?v=1727513176&width=2048,https://www.fashioneyewear.com/cdn/shop/files/WINTER24-A75310-X01060-V3226_2216-C226-PDT_VIEW_3_conversion1.jpg?v=1727513176&width=2048","• Authorised CHANEL stockist
• Comes with original case & cloth as supplied by CHANEL

Colour Code: C454 Ruthenium
Frame Shape: Pilot
Material: Metal & Calfskin

Lens Width: 56 mm
Lens Height: 46 mm
Bridge Width: 16 mm
Arm Length: 140 mm

Made in Italy",https://www.fashioneyewear.com/products/chanel-2216?variant=46139875950821
chanel,CAT EYE EYEGLASSES,$389.00 ,"https://www.fashioneyewear.com/cdn/shop/files/WINTER23-A75283-X08101-V3622_3460-C622-PDT_VIEW_1_conversion1.jpg?v=1753868808&width=2048,https://www.fashioneyewear.com/cdn/shop/files/WINTER23-A75283-X08101-V3622_3460-C622-PDT_VIEW_2_conversion1.jpg?v=1753868808&width=2048,https://www.fashioneyewear.com/cdn/shop/files/WINTER23-A75283-X08101-V3622_3460-C622-PDT_VIEW_3_conversion1.jpg?v=1753868808&width=2048","• Authorised CHANEL stockist
• Comes with original case & cloth as supplied by CHANEL

Colour Code: C454 Ruthenium
Frame Shape: Pilot
Material: Metal & Calfskin

Lens Width: 56 mm
Lens Height: 46 mm
Bridge Width: 16 mm
Arm Length: 140 mm

Made in Italy",https://www.fashioneyewear.com/products/chanel-3460?variant=44267582390501
chanel,CAT EYE EYEGLASSES,$533.00 ,"https://www.fashioneyewear.com/cdn/shop/files/WINTER24-A75303-X06081-V1460_3477-1460-PDT_VIEW_1_conversion1.jpg?v=1727512214&width=2048,https://www.fashioneyewear.com/cdn/shop/files/WINTER24-A75303-X06081-V1460_3477-1460-PDT_VIEW_2_conversion1.jpg?v=1727512214&width=2048,https://www.fashioneyewear.com/cdn/shop/files/WINTER24-A75303-X06081-V1460_3477-1460-PDT_VIEW_3_conversion1.jpg?v=1727512214&width=2048","• Authorised CHANEL stockist
• Comes with original case & cloth as supplied by CHANEL

Colour Code: C454 Ruthenium
Frame Shape: Pilot
Material: Metal & Calfskin

Lens Width: 56 mm
Lens Height: 46 mm
Bridge Width: 16 mm
Arm Length: 140 mm

Made in Italy",https://www.fashioneyewear.com/products/chanel-3477?variant=46139877032165
chanel,BUTTERFLY EYEGLASSES,$423.00 ,"https://www.fashioneyewear.com/cdn/shop/files/WINTER24-A75311-X06081-V3395_2217J-C395-PDT_VIEW_1_conversion1.jpg?v=1727513661&width=2048,https://www.fashioneyewear.com/cdn/shop/files/WINTER24-A75311-X06081-V3395_2217J-C395-PDT_VIEW_2_conversion1.jpg?v=1727513661&width=2048,https://www.fashioneyewear.com/cdn/shop/files/WINTER24-A75311-X06081-V3395_2217J-C395-PDT_VIEW_3_conversion1.jpg?v=1727513661&width=2048","• Authorised CHANEL stockist
• Comes with original case & cloth as supplied by CHANEL

Colour Code: C454 Ruthenium
Frame Shape: Pilot
Material: Metal & Calfskin

Lens Width: 56 mm
Lens Height: 46 mm
Bridge Width: 16 mm
Arm Length: 140 mm

Made in Italy",https://www.fashioneyewear.com/products/chanel-2217j?variant=46139876409573
chanel,SQUARE EYEGLASSES,$372.00 ,"https://www.fashioneyewear.com/cdn/shop/files/FALL24-A75301-X02110-V1459_3475-1459-PDT_VIEW_1_conversion1.jpg?v=1751468603&width=2048,https://www.fashioneyewear.com/cdn/shop/files/FALL24-A75301-X02110-V1459_3475-1459-PDT_VIEW_2_conversion1.jpg?v=1751468603&width=2048,https://www.fashioneyewear.com/cdn/shop/files/FALL24-A75301-X02110-V1459_3475-1459-PDT_VIEW_3_conversion1.jpg?v=1751468603&width=2048","• Authorised CHANEL stockist
• Comes with original case & cloth as supplied by CHANEL

Colour Code: C454 Ruthenium
Frame Shape: Pilot
Material: Metal & Calfskin

Lens Width: 56 mm
Lens Height: 46 mm
Bridge Width: 16 mm
Arm Length: 140 mm

Made in Italy",https://www.fashioneyewear.com/products/chanel-3475?variant=45795616456933
chanel,SQUARE EYEGLASSES,$423.00 ,"https://www.fashioneyewear.com/cdn/shop/files/WINTER24-A75310-X06081-V3395_2216J-C395-PDT_VIEW_1_conversion1.jpg?v=1727513337&width=2048,https://www.fashioneyewear.com/cdn/shop/files/WINTER24-A75310-X06081-V3395_2216J-C395-PDT_VIEW_2_conversion1.jpg?v=1727513337&width=2048,https://www.fashioneyewear.com/cdn/shop/files/WINTER24-A75310-X06081-V3395_2216J-C395-PDT_VIEW_3_conversion1.jpg?v=1727513337&width=2048","• Authorised CHANEL stockist
• Comes with original case & cloth as supplied by CHANEL

Colour Code: C454 Ruthenium
Frame Shape: Pilot
Material: Metal & Calfskin

Lens Width: 56 mm
Lens Height: 46 mm
Bridge Width: 16 mm
Arm Length: 140 mm

Made in Italy",https://www.fashioneyewear.com/products/chanel-2216j?variant=46139875983589
chanel,CAT EYE EYEGLASSES,$491.00 ,"https://www.fashioneyewear.com/cdn/shop/files/SPRING25-A75317-X06074-V1461_3485Q-1461-PDT_VIEW_1_conversion1.jpg?v=1736410695&width=2048,https://www.fashioneyewear.com/cdn/shop/files/SPRING25-A75317-X06074-V1461_3485Q-1461-PDT_VIEW_2_conversion1.jpg?v=1736410695&width=2048,https://www.fashioneyewear.com/cdn/shop/files/SPRING25-A75317-X06074-V1461_3485Q-1461-PDT_VIEW_3_conversion1.jpg?v=1736410695&width=2048","• Authorised CHANEL stockist
• Comes with original case & cloth as supplied by CHANEL

Colour Code: C454 Ruthenium
Frame Shape: Pilot
Material: Metal & Calfskin

Lens Width: 56 mm
Lens Height: 46 mm
Bridge Width: 16 mm
Arm Length: 140 mm

Made in Italy",https://www.fashioneyewear.com/products/chanel-3485q?variant=46425027510501
chanel,SQUARE EYEGLASSES,$304.00 ,"https://www.fashioneyewear.com/cdn/shop/products/winter19-a75208-x08101-v501z_3392-c501-pdt_view_1_1.jpg?v=1753868821&width=2048,https://www.fashioneyewear.com/cdn/shop/products/winter19-a75208-x08101-v501z_3392-c501-pdt_view_2_1.jpg?v=1753868821&width=2048,https://www.fashioneyewear.com/cdn/shop/products/winter19-a75208-x08101-v501z_3392-c501-pdt_view_3_1.jpg?v=1753868821&width=2048","• Authorised CHANEL stockist
• Comes with original case & cloth as supplied by CHANEL

Colour Code: C454 Ruthenium
Frame Shape: Pilot
Material: Metal & Calfskin

Lens Width: 56 mm
Lens Height: 46 mm
Bridge Width: 16 mm
Arm Length: 140 mm

Made in Italy",https://www.fashioneyewear.com/products/chanel-3392?variant=42757263491301
chanel,SQUARE EYEGLASSES,$355.00 ,"https://www.fashioneyewear.com/cdn/shop/products/WINTER20-A75226-X02040-V3622_3408Q-C622-PDT_VIEW_1.jpg?v=1650291699&width=2048,https://www.fashioneyewear.com/cdn/shop/products/WINTER20-A75226-X02040-V3622_3408Q-C622-PDT_VIEW_2.jpg?v=1650291700&width=2048,https://www.fashioneyewear.com/cdn/shop/products/WINTER20-A75226-X02040-V3622_3408Q-C622-PDT_VIEW_3.jpg?v=1650291699&width=2048","• Authorised CHANEL stockist
• Comes with original case & cloth as supplied by CHANEL

Colour Code: C454 Ruthenium
Frame Shape: Pilot
Material: Metal & Calfskin

Lens Width: 56 mm
Lens Height: 46 mm
Bridge Width: 16 mm
Arm Length: 140 mm

Made in Italy",https://www.fashioneyewear.com/products/chanel-3408q?variant=42757261263077
chanel,SQUARE EYEGLASSES,$533.00 ,"https://www.fashioneyewear.com/cdn/shop/files/WINTER24-A75304-X06081-V3622_3478-C622-PDT_VIEW_1_conversion1.jpg?v=1753366214&width=2048,https://www.fashioneyewear.com/cdn/shop/files/WINTER24-A75304-X06081-V3622_3478-C622-PDT_VIEW_2_conversion1.jpg?v=1753366214&width=2048,https://www.fashioneyewear.com/cdn/shop/files/WINTER24-A75304-X06081-V3622_3478-C622-PDT_VIEW_3_conversion1.jpg?v=1753366214&width=2048","• Authorised CHANEL stockist
• Comes with original case & cloth as supplied by CHANEL

Colour Code: C454 Ruthenium
Frame Shape: Pilot
Material: Metal & Calfskin

Lens Width: 56 mm
Lens Height: 46 mm
Bridge Width: 16 mm
Arm Length: 140 mm

Made in Italy",https://www.fashioneyewear.com/products/chanel-3478?variant=46139877490917
chanel,PANTOS EYEGLASSES,$254.00 ,"https://www.fashioneyewear.com/cdn/shop/products/SUMMER22-A75251-X08101-V501Z_3432-C501-PDT_VIEW_1_c8c64ed6-9204-4ff9-819a-0835d8b1c68e.jpg?v=1754306051&width=2048,https://www.fashioneyewear.com/cdn/shop/products/SUMMER22-A75251-X08101-V501Z_3432-C501-PDT_VIEW_2_b5297950-a404-4ce5-a3e2-8e8f228f53f6.jpg?v=1754306051&width=2048,https://www.fashioneyewear.com/cdn/shop/products/SUMMER22-A75251-X08101-V501Z_3432-C501-PDT_VIEW_3_8ea1dbc3-9b99-4bcc-a0bb-026e32c62db0.jpg?v=1754306051&width=2048","• Authorised CHANEL stockist
• Comes with original case & cloth as supplied by CHANEL

Colour Code: C454 Ruthenium
Frame Shape: Pilot
Material: Metal & Calfskin

Lens Width: 56 mm
Lens Height: 46 mm
Bridge Width: 16 mm
Arm Length: 140 mm

Made in Italy",https://www.fashioneyewear.com/products/chanel-3432?variant=42772057325797
chanel,RECTANGLE EYEGLASSES,$254.00 ,"https://www.fashioneyewear.com/cdn/shop/products/timeless21-a75232-x08101-v501z-3414-c501-pdt_view_2.jpg?v=1753871980&width=2048,https://www.fashioneyewear.com/cdn/shop/products/timeless21-a75232-x08101-v501z-3414-c501-pdt_view_3.jpg?v=1753871980&width=2048,https://www.fashioneyewear.com/cdn/shop/products/timeless21-a75232-x08101-v501z-3414-c501-pdt_view_4.jpg?v=1753871980&width=2048","• Authorised CHANEL stockist
• Comes with original case & cloth as supplied by CHANEL

Colour Code: C454 Ruthenium
Frame Shape: Pilot
Material: Metal & Calfskin

Lens Width: 56 mm
Lens Height: 46 mm
Bridge Width: 16 mm
Arm Length: 140 mm

Made in Italy",https://www.fashioneyewear.com/products/chanel-3414?variant=44039036567781
chanel,OVAL EYEGLASSES,$288.00 ,"https://www.fashioneyewear.com/cdn/shop/products/SUMMER22-A75250-X01060-V3124_2209-C124-PDT_VIEW_1_b9148b3f-3b9e-4bb9-9eac-856d16ba9865.jpg?v=1754307544&width=2048,https://www.fashioneyewear.com/cdn/shop/products/SUMMER22-A75250-X01060-V3124_2209-C124-PDT_VIEW_2_a9337e6e-e804-40da-99a1-f8b6a4b21f58.jpg?v=1754307544&width=2048,https://www.fashioneyewear.com/cdn/shop/products/SUMMER22-A75250-X01060-V3124_2209-C124-PDT_VIEW_3_ab4e2fd4-8569-4b92-aba2-72efd2b315ed.jpg?v=1754307544&width=2048","• Authorised CHANEL stockist
• Comes with original case & cloth as supplied by CHANEL

Colour Code: C454 Ruthenium
Frame Shape: Pilot
Material: Metal & Calfskin

Lens Width: 56 mm
Lens Height: 46 mm
Bridge Width: 16 mm
Arm Length: 140 mm

Made in Italy",https://www.fashioneyewear.com/products/chanel-2209?variant=42772056768741
chanel,BUTTERFLY EYEGLASSES,$355.00 ,"https://www.fashioneyewear.com/cdn/shop/products/WINTER22-A75266-X08222-V3888_3440H-C888-PDT_VIEW_1.jpg?v=1673882917&width=2048,https://www.fashioneyewear.com/cdn/shop/products/WINTER22-A75266-X08222-V3888_3440H-C888-PDT_VIEW_2.jpg?v=1673883126&width=2048,https://www.fashioneyewear.com/cdn/shop/products/WINTER22-A75266-X08222-V3888_3440H-C888-PDT_VIEW_3.jpg?v=1673883126&width=2048","• Authorised CHANEL stockist
• Comes with original case & cloth as supplied by CHANEL

Colour Code: C454 Ruthenium
Frame Shape: Pilot
Material: Metal & Calfskin

Lens Width: 56 mm
Lens Height: 46 mm
Bridge Width: 16 mm
Arm Length: 140 mm

Made in Italy",https://www.fashioneyewear.com/products/chanel-3440h?variant=43834496221413
chanel,SQUARE BLUE LIGHT EYEGLASSES,$635.00 ,"https://www.fashioneyewear.com/cdn/shop/files/FALL24-A71641-X09950-L9512_4287ST-C395-SB-PDT_VIEW_1_conversion1.jpg?v=1753368441&width=2048,https://www.fashioneyewear.com/cdn/shop/files/FALL24-A71641-X09950-L9512_4287ST-C395-SB-PDT_VIEW_2_conversion1.jpg?v=1753368441&width=2048,https://www.fashioneyewear.com/cdn/shop/files/FALL24-A71641-X09950-L9512_4287ST-C395-SB-PDT_VIEW_3_conversion1.jpg?v=1753368441&width=2048","• Authorised CHANEL stockist
• Comes with original case & cloth as supplied by CHANEL

Colour Code: C454 Ruthenium
Frame Shape: Pilot
Material: Metal & Calfskin

Lens Width: 56 mm
Lens Height: 46 mm
Bridge Width: 16 mm
Arm Length: 140 mm

Made in Italy",https://www.fashioneyewear.com/products/chanel-4287st?variant=46425028853989
chanel,RECTANGLE EYEGLASSES,$383.00 ,"https://www.fashioneyewear.com/cdn/shop/files/SUMMER25-A75324-X08282-V1790_CH3487-1790-PDT_VIEW_1_conversion1.jpg?v=1748435025&width=2048,https://www.fashioneyewear.com/cdn/shop/files/SUMMER25-A75324-X08282-V1790_CH3487-1790-PDT_VIEW_2_conversion1.jpg?v=1748435026&width=2048,https://www.fashioneyewear.com/cdn/shop/files/SUMMER25-A75324-X08282-V1790_CH3487-1790-PDT_VIEW_3_conversion1.jpg?v=1748435025&width=2048","• Authorised CHANEL stockist
• Comes with original case & cloth as supplied by CHANEL

Colour Code: C454 Ruthenium
Frame Shape: Pilot
Material: Metal & Calfskin

Lens Width: 56 mm
Lens Height: 46 mm
Bridge Width: 16 mm
Arm Length: 140 mm

Made in Italy",https://www.fashioneyewear.com/products/chanel-3487?variant=46761229680869
chanel,BUTTERFLY EYEGLASSES,$416.00 ,"https://www.fashioneyewear.com/cdn/shop/files/SUMMER25-A75323-X08284-V3108_CH2222-C108-PDT_VIEW_1_conversion1.jpg?v=1748417262&width=2048,https://www.fashioneyewear.com/cdn/shop/files/SUMMER25-A75323-X08284-V3108_CH2222-C108-PDT_VIEW_2_conversion1.jpg?v=1748417262&width=2048,https://www.fashioneyewear.com/cdn/shop/files/SUMMER25-A75323-X08284-V3108_CH2222-C108-PDT_VIEW_3_conversion1.jpg?v=1748417263&width=2048","• Authorised CHANEL stockist
• Comes with original case & cloth as supplied by CHANEL

Colour Code: C454 Ruthenium
Frame Shape: Pilot
Material: Metal & Calfskin

Lens Width: 56 mm
Lens Height: 46 mm
Bridge Width: 16 mm
Arm Length: 140 mm

Made in Italy",https://www.fashioneyewear.com/products/chanel-2222?variant=46761228927205
chanel,OVAL EYEGLASSES,$458.00 ,"https://www.fashioneyewear.com/cdn/shop/files/SUMMER25-A75319-X02506-V3125_CH2218-C125-PDT_VIEW_1_conversion1.jpg?v=1751469124&width=2048,https://www.fashioneyewear.com/cdn/shop/files/SUMMER25-A75319-X02506-V3125_CH2218-C125-PDT_VIEW_2_conversion1.jpg?v=1751469124&width=2048,https://www.fashioneyewear.com/cdn/shop/files/SUMMER25-A75319-X02506-V3125_CH2218-C125-PDT_VIEW_3_conversion1.jpg?v=1751469124&width=2048","• Authorised CHANEL stockist
• Comes with original case & cloth as supplied by CHANEL

Colour Code: C454 Ruthenium
Frame Shape: Pilot
Material: Metal & Calfskin

Lens Width: 56 mm
Lens Height: 46 mm
Bridge Width: 16 mm
Arm Length: 140 mm

Made in Italy",https://www.fashioneyewear.com/products/chanel-2218?variant=46761228533989
chanel,BUTTERFLY EYEGLASSES,$254.00 ,"https://www.fashioneyewear.com/cdn/shop/files/SPRING23-A75271-X08101-V3942_3446-C942-PDT_VIEW_1.jpg?v=1683198409&width=2048,https://www.fashioneyewear.com/cdn/shop/files/SPRING23-A75271-X08101-V3942_3446-C942-PDT_VIEW_2.jpg?v=1683198409&width=2048,https://www.fashioneyewear.com/cdn/shop/files/SPRING23-A75271-X08101-V3942_3446-C942-PDT_VIEW_3.jpg?v=1683198409&width=2048","• Authorised CHANEL stockist
• Comes with original case & cloth as supplied by CHANEL

Colour Code: C454 Ruthenium
Frame Shape: Pilot
Material: Metal & Calfskin

Lens Width: 56 mm
Lens Height: 46 mm
Bridge Width: 16 mm
Arm Length: 140 mm

Made in Italy",https://www.fashioneyewear.com/products/chanel-3446?variant=44039035846885
chanel,SQUARE EYEGLASSES,$267.00 ,"https://www.fashioneyewear.com/cdn/shop/files/SUMMERANIMATION25-A75275-X08101-V1656_CH3448-1656-PDT_VIEW_1_conversion1.jpg?v=1753875827&width=2048,https://www.fashioneyewear.com/cdn/shop/files/SUMMERANIMATION25-A75275-X08101-V1656_CH3448-1656-PDT_VIEW_2_conversion1.jpg?v=1753875827&width=2048,https://www.fashioneyewear.com/cdn/shop/files/SUMMERANIMATION25-A75275-X08101-V1656_CH3448-1656-PDT_VIEW_3_conversion1.jpg?v=1753875827&width=2048","• Authorised CHANEL stockist
• Comes with original case & cloth as supplied by CHANEL

Colour Code: C454 Ruthenium
Frame Shape: Pilot
Material: Metal & Calfskin

Lens Width: 56 mm
Lens Height: 46 mm
Bridge Width: 16 mm
Arm Length: 140 mm

Made in Italy",https://www.fashioneyewear.com/products/chanel-3448?variant=46761236070629
chanel,PANTOS EYEGLASSES,$260.00 ,"https://www.fashioneyewear.com/cdn/shop/products/timeless21-a75231-x08101-v3714-3413-c714-pdt_view_1.jpg?v=1753888484&width=2048,https://www.fashioneyewear.com/cdn/shop/products/timeless21-a75231-x08101-v3714-3413-c714-pdt_view_2.jpg?v=1753888484&width=2048,https://www.fashioneyewear.com/cdn/shop/products/timeless21-a75231-x08101-v3714-3413-c714-pdt_view_3.jpg?v=1753888484&width=2048","• Authorised CHANEL stockist
• Comes with original case & cloth as supplied by CHANEL

Colour Code: C454 Ruthenium
Frame Shape: Pilot
Material: Metal & Calfskin

Lens Width: 56 mm
Lens Height: 46 mm
Bridge Width: 16 mm
Arm Length: 140 mm

Made in Italy",https://www.fashioneyewear.com/products/chanel-3413?variant=42757264146661
chanel,RECTANGLE EYEGLASSES,$458.00 ,"https://www.fashioneyewear.com/cdn/shop/files/SUMMER25-A75320-X02506-V3108_CH2219-C108-PDT_VIEW_1_conversion1.jpg?v=1748346146&width=2048,https://www.fashioneyewear.com/cdn/shop/files/SUMMER25-A75320-X02506-V3108_CH2219-C108-PDT_VIEW_2_conversion1.jpg?v=1748346146&width=2048,https://www.fashioneyewear.com/cdn/shop/files/SUMMER25-A75320-X02506-V3108_CH2219-C108-PDT_VIEW_3_conversion1.jpg?v=1748346146&width=2048","• Authorised CHANEL stockist
• Comes with original case & cloth as supplied by CHANEL

Colour Code: C454 Ruthenium
Frame Shape: Pilot
Material: Metal & Calfskin

Lens Width: 56 mm
Lens Height: 46 mm
Bridge Width: 16 mm
Arm Length: 140 mm

Made in Italy",https://www.fashioneyewear.com/products/chanel-2219?variant=46761234628837
chanel,RECTANGLE EYEGLASSES,$416.00 ,"https://www.fashioneyewear.com/cdn/shop/files/SUMMER25-A75322-X08284-V3108_CH2221-C108-PDT_VIEW_1_conversion1.jpg?v=1748347561&width=2048,https://www.fashioneyewear.com/cdn/shop/files/SUMMER25-A75322-X08284-V3108_CH2221-C108-PDT_VIEW_2_conversion1.jpg?v=1748347561&width=2048,https://www.fashioneyewear.com/cdn/shop/files/SUMMER25-A75322-X08284-V3108_CH2221-C108-PDT_VIEW_3_conversion1.jpg?v=1748347561&width=2048","• Authorised CHANEL stockist
• Comes with original case & cloth as supplied by CHANEL

Colour Code: C454 Ruthenium
Frame Shape: Pilot
Material: Metal & Calfskin

Lens Width: 56 mm
Lens Height: 46 mm
Bridge Width: 16 mm
Arm Length: 140 mm

Made in Italy",https://www.fashioneyewear.com/products/chanel-2221?variant=46761228042469
chanel,RECTANGLE EYEGLASSES,$329.00 ,"https://www.fashioneyewear.com/cdn/shop/files/SPRING24-A71595-X08101-S2212_3463S-C622-SB-PDT_VIEW_1.jpg?v=1705499102&width=2048,https://www.fashioneyewear.com/cdn/shop/files/SPRING24-A71595-X08101-S2212_3463S-C622-SB-PDT_VIEW_2.jpg?v=1705499101&width=2048,https://www.fashioneyewear.com/cdn/shop/files/SPRING24-A71595-X08101-S2212_3463S-C622-SB-PDT_VIEW_3.jpg?v=1705499102&width=2048","• Authorised CHANEL stockist
• Comes with original case & cloth as supplied by CHANEL

Colour Code: C454 Ruthenium
Frame Shape: Pilot
Material: Metal & Calfskin

Lens Width: 56 mm
Lens Height: 46 mm
Bridge Width: 16 mm
Arm Length: 140 mm

Made in Italy",https://www.fashioneyewear.com/products/chanel-3463?variant=44558255751397
chanel,CAT EYE EYEGLASSES,$254.00 ,"https://www.fashioneyewear.com/cdn/shop/files/SPRING24-A75292-X08101-V501Z_3470U-C501-PDT_VIEW_1_conversion1.jpg?v=1705499671&width=2048,https://www.fashioneyewear.com/cdn/shop/files/SPRING24-A75292-X08101-V501Z_3470U-C501-PDT_VIEW_2_conversion1.jpg?v=1705499670&width=2048,https://www.fashioneyewear.com/cdn/shop/files/SPRING24-A75292-X08101-V501Z_3470U-C501-PDT_VIEW_3_conversion1.jpg?v=1705499669&width=2048","• Authorised CHANEL stockist
• Comes with original case & cloth as supplied by CHANEL

Colour Code: C454 Ruthenium
Frame Shape: Pilot
Material: Metal & Calfskin

Lens Width: 56 mm
Lens Height: 46 mm
Bridge Width: 16 mm
Arm Length: 140 mm

Made in Italy",https://www.fashioneyewear.com/products/chanel-3470u?variant=44558257324261
chanel,SQUARE EYEGLASSES,$355.00 ,"https://www.fashioneyewear.com/cdn/shop/files/SUMMER24-A75297-X08101-V1656_3472-1656-PDT_VIEW_1_conversion1.jpg?v=1714564580&width=2048,https://www.fashioneyewear.com/cdn/shop/files/SUMMER24-A75297-X08101-V1656_3472-1656-PDT_VIEW_2_conversion1.jpg?v=1714564580&width=2048,https://www.fashioneyewear.com/cdn/shop/files/SUMMER24-A75297-X08101-V1656_3472-1656-PDT_VIEW_3_conversion1.jpg?v=1714564580&width=2048","• Authorised CHANEL stockist
• Comes with original case & cloth as supplied by CHANEL

Colour Code: C454 Ruthenium
Frame Shape: Pilot
Material: Metal & Calfskin

Lens Width: 56 mm
Lens Height: 46 mm
Bridge Width: 16 mm
Arm Length: 140 mm

Made in Italy",https://www.fashioneyewear.com/products/chanel-3472?variant=45501409951973
chanel,SQUARE EYEGLASSES,$355.00 ,"https://www.fashioneyewear.com/cdn/shop/files/SUMMER24-A75298-X08101-V1768_3473-1768-PDT_VIEW_1_conversion1.jpg?v=1753367334&width=2048,https://www.fashioneyewear.com/cdn/shop/files/SUMMER24-A75298-X08101-V1768_3473-1768-PDT_VIEW_2_conversion1.jpg?v=1753367334&width=2048,https://www.fashioneyewear.com/cdn/shop/files/SUMMER24-A75298-X08101-V1768_3473-1768-PDT_VIEW_3_conversion1.jpg?v=1753367334&width=2048","• Authorised CHANEL stockist
• Comes with original case & cloth as supplied by CHANEL

Colour Code: C454 Ruthenium
Frame Shape: Pilot
Material: Metal & Calfskin

Lens Width: 56 mm
Lens Height: 46 mm
Bridge Width: 16 mm
Arm Length: 140 mm

Made in Italy",https://www.fashioneyewear.com/products/chanel-3473?variant=45501410640101
chanel,PANTOS EYEGLASSES,$473.00 ,"https://www.fashioneyewear.com/cdn/shop/files/SUMMER24-A75293-X01060-V3395_2213-C395-PDT_VIEW_1_conversion1.jpg?v=1714561826&width=2048,https://www.fashioneyewear.com/cdn/shop/files/SUMMER24-A75293-X01060-V3395_2213-C395-PDT_VIEW_2_conversion1.jpg?v=1714561826&width=2048,https://www.fashioneyewear.com/cdn/shop/files/SUMMER24-A75293-X01060-V3395_2213-C395-PDT_VIEW_3_conversion1.jpg?v=1714561826&width=2048","• Authorised CHANEL stockist
• Comes with original case & cloth as supplied by CHANEL

Colour Code: C454 Ruthenium
Frame Shape: Pilot
Material: Metal & Calfskin

Lens Width: 56 mm
Lens Height: 46 mm
Bridge Width: 16 mm
Arm Length: 140 mm

Made in Italy",https://www.fashioneyewear.com/products/chanel-2213?variant=45501412049125
chanel,SQUARE EYEGLASSES,$473.00 ,"https://www.fashioneyewear.com/cdn/shop/files/SUMMER24-A75295-X01060-V2915_2215-C429-PDT_VIEW_1_conversion1.jpg?v=1753367623&width=2048,https://www.fashioneyewear.com/cdn/shop/files/SUMMER24-A75295-X01060-V2915_2215-C429-PDT_VIEW_2_conversion1.jpg?v=1753367623&width=2048,https://www.fashioneyewear.com/cdn/shop/files/SUMMER24-A75295-X01060-V2915_2215-C429-PDT_VIEW_3_conversion1.jpg?v=1753367623&width=2048","• Authorised CHANEL stockist
• Comes with original case & cloth as supplied by CHANEL

Colour Code: C454 Ruthenium
Frame Shape: Pilot
Material: Metal & Calfskin

Lens Width: 56 mm
Lens Height: 46 mm
Bridge Width: 16 mm
Arm Length: 140 mm

Made in Italy",https://www.fashioneyewear.com/products/chanel-2215?variant=45501410672869
chanel,PILOT EYEGLASSES,$473.00 ,"https://www.fashioneyewear.com/cdn/shop/files/SUMMER24-A75299-X01060-V3395_2214-C395-PDT_VIEW_1_conversion1.jpg?v=1714566258&width=2048,https://www.fashioneyewear.com/cdn/shop/files/SUMMER24-A75299-X01060-V3395_2214-C395-PDT_VIEW_2_conversion1.jpg?v=1714566258&width=2048,https://www.fashioneyewear.com/cdn/shop/files/SUMMER24-A75299-X01060-V3395_2214-C395-PDT_VIEW_3_conversion1.jpg?v=1714566258&width=2048","• Authorised CHANEL stockist
• Comes with original case & cloth as supplied by CHANEL

Colour Code: C454 Ruthenium
Frame Shape: Pilot
Material: Metal & Calfskin

Lens Width: 56 mm
Lens Height: 46 mm
Bridge Width: 16 mm
Arm Length: 140 mm

Made in Italy",https://www.fashioneyewear.com/products/chanel-2214?variant=45501410935013
chanel,SQUARE EYEGLASSES,$406.00 ,"https://www.fashioneyewear.com/cdn/shop/files/WINTER24-A75305-X06081-V1769_3479-1769-PDT_VIEW_1_conversion1.jpg?v=1753368158&width=2048,https://www.fashioneyewear.com/cdn/shop/files/WINTER24-A75305-X06081-V1769_3479-1769-PDT_VIEW_2_conversion1.jpg?v=1753368158&width=2048,https://www.fashioneyewear.com/cdn/shop/files/WINTER24-A75305-X06081-V1769_3479-1769-PDT_VIEW_3_conversion1.jpg?v=1753368158&width=2048","• Authorised CHANEL stockist
• Comes with original case & cloth as supplied by CHANEL

Colour Code: C454 Ruthenium
Frame Shape: Pilot
Material: Metal & Calfskin

Lens Width: 56 mm
Lens Height: 46 mm
Bridge Width: 16 mm
Arm Length: 140 mm

Made in Italy",https://www.fashioneyewear.com/products/chanel-3479?variant=46139877720293
chanel,CAT EYE EYEGLASSES,$304.00 ,"https://www.fashioneyewear.com/cdn/shop/files/WINTERANIMATION24-A75209-X08101-V1759_3393-1759-PDT_VIEW_1_conversion1_54ae173a-b4f9-4572-b4f9-0db04d713e91.jpg?v=1753873690&width=2048,https://www.fashioneyewear.com/cdn/shop/files/WINTERANIMATION24-A75209-X08101-V1759_3393-1759-PDT_VIEW_2_conversion1_e4444c40-76ae-4922-8473-91cf7af40abc.jpg?v=1753873690&width=2048,https://www.fashioneyewear.com/cdn/shop/files/WINTERANIMATION24-A75209-X08101-V1759_3393-1759-PDT_VIEW_3_conversion1.jpg?v=1753873690&width=2048","• Authorised CHANEL stockist
• Comes with original case & cloth as supplied by CHANEL

Colour Code: C454 Ruthenium
Frame Shape: Pilot
Material: Metal & Calfskin

Lens Width: 56 mm
Lens Height: 46 mm
Bridge Width: 16 mm
Arm Length: 140 mm

Made in Italy",https://www.fashioneyewear.com/products/chanel-3393?variant=46139881717989
chanel,SQUARE EYEGLASSES,$491.00 ,"https://www.fashioneyewear.com/cdn/shop/files/SPRING25-A75318-X06074-V1702_3486Q-1702-PDT_VIEW_1_conversion1.jpg?v=1736410964&width=2048,https://www.fashioneyewear.com/cdn/shop/files/SPRING25-A75318-X06074-V1702_3486Q-1702-PDT_VIEW_2_conversion1.jpg?v=1736410964&width=2048,https://www.fashioneyewear.com/cdn/shop/files/SPRING25-A75318-X06074-V1702_3486Q-1702-PDT_VIEW_3_conversion1.jpg?v=1736410964&width=2048","• Authorised CHANEL stockist
• Comes with original case & cloth as supplied by CHANEL

Colour Code: C454 Ruthenium
Frame Shape: Pilot
Material: Metal & Calfskin

Lens Width: 56 mm
Lens Height: 46 mm
Bridge Width: 16 mm
Arm Length: 140 mm

Made in Italy",https://www.fashioneyewear.com/products/chanel-3486q?variant=46425027870949
chanel,PANTOS EYEGLASSES,$288.00 ,"https://www.fashioneyewear.com/cdn/shop/files/SPRING24-A75291-X06081-V1723_3468U-1723-PDT_VIEW_1_conversion1.jpg?v=1705499620&width=2048,https://www.fashioneyewear.com/cdn/shop/files/SPRING24-A75291-X06081-V1723_3468U-1723-PDT_VIEW_2_conversion1.jpg?v=1705499621&width=2048,https://www.fashioneyewear.com/cdn/shop/files/SPRING24-A75291-X06081-V1723_3468U-1723-PDT_VIEW_3_conversion1.jpg?v=1705499620&width=2048","• Authorised CHANEL stockist
• Comes with original case & cloth as supplied by CHANEL

Colour Code: C454 Ruthenium
Frame Shape: Pilot
Material: Metal & Calfskin

Lens Width: 56 mm
Lens Height: 46 mm
Bridge Width: 16 mm
Arm Length: 140 mm

Made in Italy",https://www.fashioneyewear.com/products/chanel-3468u?variant=44558257127653
chanel,SQUARE EYEGLASSES,$372.00 ,"https://www.fashioneyewear.com/cdn/shop/files/SPRING24-A75285-X06081-V1758_3462-1758-PDT_VIEW_1.jpg?v=1753367175&width=2048,https://www.fashioneyewear.com/cdn/shop/files/SPRING24-A75285-X06081-V1758_3462-1758-PDT_VIEW_2.jpg?v=1753367175&width=2048,https://www.fashioneyewear.com/cdn/shop/files/SPRING24-A75285-X06081-V1758_3462-1758-PDT_VIEW_3.jpg?v=1753367175&width=2048","• Authorised CHANEL stockist
• Comes with original case & cloth as supplied by CHANEL

Colour Code: C454 Ruthenium
Frame Shape: Pilot
Material: Metal & Calfskin

Lens Width: 56 mm
Lens Height: 46 mm
Bridge Width: 16 mm
Arm Length: 140 mm

Made in Italy",https://www.fashioneyewear.com/products/chanel-3462?variant=44558258405605
chanel,SQUARE EYEGLASSES,$355.00 ,"https://www.fashioneyewear.com/cdn/shop/files/FALL23_A75280-X08101-V3622_CH3458-C622_VIEW_1_conversion1.jpg?v=1699005584&width=2048,https://www.fashioneyewear.com/cdn/shop/files/FALL23_A75280-X08101-V3622_CH3458-C622_VIEW_2_conversion1.jpg?v=1699005584&width=2048,https://www.fashioneyewear.com/cdn/shop/files/FALL23_A75280-X08101-V3622_CH3458-C622_VIEW_3_conversion1.jpg?v=1699005584&width=2048","• Authorised CHANEL stockist
• Comes with original case & cloth as supplied by CHANEL

Colour Code: C454 Ruthenium
Frame Shape: Pilot
Material: Metal & Calfskin

Lens Width: 56 mm
Lens Height: 46 mm
Bridge Width: 16 mm
Arm Length: 140 mm

Made in Italy",https://www.fashioneyewear.com/products/chanel-3458?variant=44364933300453
chanel,PANTOS EYEGLASSES,$416.00 ,"https://www.fashioneyewear.com/cdn/shop/files/SUMMER25-A75321-X08284-V3108_CH2220-C108-PDT_VIEW_1_conversion1.jpg?v=1748346534&width=2048,https://www.fashioneyewear.com/cdn/shop/files/SUMMER25-A75321-X08284-V3108_CH2220-C108-PDT_VIEW_2_conversion1.jpg?v=1748346535&width=2048,https://www.fashioneyewear.com/cdn/shop/files/SUMMER25-A75321-X08284-V3108_CH2220-C108-PDT_VIEW_3_conversion1.jpg?v=1748346535&width=2048","• Authorised CHANEL stockist
• Comes with original case & cloth as supplied by CHANEL

Colour Code: C454 Ruthenium
Frame Shape: Pilot
Material: Metal & Calfskin

Lens Width: 56 mm
Lens Height: 46 mm
Bridge Width: 16 mm
Arm Length: 140 mm

Made in Italy",https://www.fashioneyewear.com/products/chanel-2220?variant=46761228239077
chanel,RECTANGLE EYEGLASSES,$383.00 ,"https://www.fashioneyewear.com/cdn/shop/files/WINTER25-A75335-X08101-V3622_CH3495-C622-PDT_VIEW_1_conversion1.jpg?v=1761230985&width=2048,https://www.fashioneyewear.com/cdn/shop/files/WINTER25-A75335-X08101-V3622_CH3495-C622-PDT_VIEW_2_conversion1.jpg?v=1761230985&width=2048,https://www.fashioneyewear.com/cdn/shop/files/WINTER25-A75335-X08101-V3622_CH3495-C622-PDT_VIEW_3_conversion1.jpg?v=1761230985&width=2048","• Authorised CHANEL stockist
• Comes with original case & cloth as supplied by CHANEL

Colour Code: C454 Ruthenium
Frame Shape: Pilot
Material: Metal & Calfskin

Lens Width: 56 mm
Lens Height: 46 mm
Bridge Width: 16 mm
Arm Length: 140 mm

Made in Italy",https://www.fashioneyewear.com/products/chanel-3495?variant=47962073596133
chanel,SQUARE EYEGLASSES,$383.00 ,"https://www.fashioneyewear.com/cdn/shop/files/WINTER25-A75336-X08101-V1818_CH3496-1818-PDT_VIEW_1_conversion1.jpg?v=1767016703&width=2048,https://www.fashioneyewear.com/cdn/shop/files/WINTER25-A75336-X08101-V1818_CH3496-1818-PDT_VIEW_2_conversion1.jpg?v=1767016703&width=2048,https://www.fashioneyewear.com/cdn/shop/files/WINTER25-A75336-X08101-V1818_CH3496-1818-PDT_VIEW_3_conversion1.jpg?v=1767016703&width=2048","• Authorised CHANEL stockist
• Comes with original case & cloth as supplied by CHANEL

Colour Code: C454 Ruthenium
Frame Shape: Pilot
Material: Metal & Calfskin

Lens Width: 56 mm
Lens Height: 46 mm
Bridge Width: 16 mm
Arm Length: 140 mm

Made in Italy",https://www.fashioneyewear.com/products/chanel-3496?variant=47962072973541
chanel,SQUARE EYEGLASSES,$254.00 ,"https://www.fashioneyewear.com/cdn/shop/files/SUMMER23-A71536-X08101-S2912_3447S-1729-SB-PDT_VIEW_1.jpg?v=1685713439&width=2048,https://www.fashioneyewear.com/cdn/shop/files/SUMMER23-A71536-X08101-S2912_3447S-1729-SB-PDT_VIEW_2.jpg?v=1685713439&width=2048,https://www.fashioneyewear.com/cdn/shop/files/SUMMER23-A71536-X08101-S2912_3447S-1729-SB-PDT_VIEW_3.jpg?v=1685713439&width=2048","• Authorised CHANEL stockist
• Comes with original case & cloth as supplied by CHANEL

Colour Code: C454 Ruthenium
Frame Shape: Pilot
Material: Metal & Calfskin

Lens Width: 56 mm
Lens Height: 46 mm
Bridge Width: 16 mm
Arm Length: 140 mm

Made in Italy",https://www.fashioneyewear.com/products/chanel-3447?variant=44091776598245
