name,price,img,Description
"California Gold Nutrition, NMN, 175 mg, 60 Veggie Capsules","₨4,336.21","https://cloudinary.images-iherb.com/image/upload/f_auto,q_auto:eco/images/cgn/cgn01920/r/111.jpg,https://cloudinary.images-iherb.com/image/upload/f_auto,q_auto:eco/images/cgn/cgn01920/r/116.jpg,https://cloudinary.images-iherb.com/image/upload/f_auto,q_auto:eco/images/cgn/cgn01920/r/120.jpg,https://cloudinary.images-iherb.com/image/upload/f_auto,q_auto:eco/images/cgn/cgn01920/r/123.jpg,https://cloudinary.images-iherb.com/image/upload/f_auto,q_auto:eco/images/cgn/cgn01920/r/76.jpg",
"California Gold Nutrition, NMN, 175 mg , 180 Veggie Capsules","₨11,735.52","https://cloudinary.images-iherb.com/image/upload/f_auto,q_auto:eco/images/cgn/cgn02335/r/30.jpg,https://cloudinary.images-iherb.com/image/upload/f_auto,q_auto:eco/images/cgn/cgn02335/r/35.jpg,https://cloudinary.images-iherb.com/image/upload/f_auto,q_auto:eco/images/cgn/cgn02335/r/38.jpg,https://cloudinary.images-iherb.com/image/upload/f_auto,q_auto:eco/images/cgn/cgn02335/r/40.jpg,https://cloudinary.images-iherb.com/image/upload/f_auto,q_auto:eco/images/cgn/cgn02335/r/0.jpg",
"Life Extension, NAD+ Cell Regenerator, 100 mg, 30 Vegetarian Capsules","₨5,463.63","https://cloudinary.images-iherb.com/image/upload/f_auto,q_auto:eco/images/lex/lex19043/r/67.jpg,https://cloudinary.images-iherb.com/image/upload/f_auto,q_auto:eco/images/lex/lex19043/r/70.jpg,https://cloudinary.images-iherb.com/image/upload/w_240/f_auto,q_auto:eco/images/cms/banners/dPDP_Authenticity_Graphic2_2025_009en-us.jpg,https://cloudinary.images-iherb.com/image/upload/w_240/f_auto,q_auto:eco/images/cms/banners/dPDP_Fresh_Graphic2_2025_003en-us.jpg,https://cloudinary.images-iherb.com/image/upload/f_auto,q_auto:eco/images/lex/lex19043/r/67.jpg",
"California Gold Nutrition, NMN Flavonoid Complex with Apigenin and Dihydroquercetin, 60 Veggie Capsules",,"https://cloudinary.images-iherb.com/image/upload/f_auto,q_auto:eco/images/cgn/cgn01922/r/128.jpg,https://cloudinary.images-iherb.com/image/upload/f_auto,q_auto:eco/images/cgn/cgn01922/r/133.jpg,https://cloudinary.images-iherb.com/image/upload/f_auto,q_auto:eco/images/cgn/cgn01922/r/117.jpg,https://cloudinary.images-iherb.com/image/upload/f_auto,q_auto:eco/images/cgn/cgn01922/r/119.jpg,https://cloudinary.images-iherb.com/image/upload/f_auto,q_auto:eco/images/cgn/cgn01922/r/71.jpg",
"Life Extension, NAD+ Cell Regenerator™ and Resveratrol Elite™, 30 Vegetarian Capsules","₨14,586.87","https://cloudinary.images-iherb.com/image/upload/f_auto,q_auto:eco/images/lex/lex23483/r/65.jpg,https://cloudinary.images-iherb.com/image/upload/f_auto,q_auto:eco/images/lex/lex23483/r/70.jpg,https://cloudinary.images-iherb.com/image/upload/w_240/f_auto,q_auto:eco/images/cms/banners/dPDP_Authenticity_Graphic2_2025_009en-us.jpg,https://cloudinary.images-iherb.com/image/upload/w_240/f_auto,q_auto:eco/images/cms/banners/dPDP_Fresh_Graphic2_2025_003en-us.jpg,https://cloudinary.images-iherb.com/image/upload/f_auto,q_auto:eco/images/lex/lex23483/r/65.jpg",
"ProHealth Longevity, NMN Pro 1000, 60 Capsules (500 mg per Capsule)","₨28,893.63","https://cloudinary.images-iherb.com/image/upload/f_auto,q_auto:eco/images/phv/phv77904/r/40.jpg,https://cloudinary.images-iherb.com/image/upload/f_auto,q_auto:eco/images/phv/phv77904/r/45.jpg,https://cloudinary.images-iherb.com/image/upload/w_240/f_auto,q_auto:eco/images/cms/banners/dPDP_Authenticity_Graphic2_2025_009en-us.jpg,https://cloudinary.images-iherb.com/image/upload/w_240/f_auto,q_auto:eco/images/cms/banners/dPDP_Fresh_Graphic2_2025_003en-us.jpg,https://cloudinary.images-iherb.com/image/upload/f_auto,q_auto:eco/images/phv/phv77904/r/40.jpg",
"Life Extension, NAD+ Cell Regenerator, 300 mg, 30 Vegetarian Capsules","₨13,633.05","https://cloudinary.images-iherb.com/image/upload/f_auto,q_auto:eco/images/lex/lex23443/r/24.jpg,https://cloudinary.images-iherb.com/image/upload/f_auto,q_auto:eco/images/lex/lex23443/r/27.jpg,https://cloudinary.images-iherb.com/image/upload/w_240/f_auto,q_auto:eco/images/cms/banners/dPDP_Authenticity_Graphic2_2025_009en-us.jpg,https://cloudinary.images-iherb.com/image/upload/w_240/f_auto,q_auto:eco/images/cms/banners/dPDP_Fresh_Graphic2_2025_003en-us.jpg,https://cloudinary.images-iherb.com/image/upload/f_auto,q_auto:eco/images/lex/lex23443/r/24.jpg",
"California Gold Nutrition, NMN Powder, 3.18 oz (90 g)",,"https://cloudinary.images-iherb.com/image/upload/f_auto,q_auto:eco/images/cgn/cgn02419/r/29.jpg,https://cloudinary.images-iherb.com/image/upload/f_auto,q_auto:eco/images/cgn/cgn02419/r/34.jpg,https://cloudinary.images-iherb.com/image/upload/f_auto,q_auto:eco/images/cgn/cgn02419/r/17.jpg,https://cloudinary.images-iherb.com/image/upload/f_auto,q_auto:eco/images/cgn/cgn02419/r/37.jpg,https://cloudinary.images-iherb.com/image/upload/f_auto,q_auto:eco/images/cgn/cgn02419/r/38.jpg",
"Thorne, ResveraCel®, 60 Capsules","₨16,766.69","https://cloudinary.images-iherb.com/image/upload/f_auto,q_auto:eco/images/thr/thr01250/r/56.jpg,https://cloudinary.images-iherb.com/image/upload/f_auto,q_auto:eco/images/thr/thr01250/r/61.jpg,https://cloudinary.images-iherb.com/image/upload/w_240/f_auto,q_auto:eco/images/cms/banners/dPDP_Authenticity_Graphic2_2025_009en-us.jpg,https://cloudinary.images-iherb.com/image/upload/w_240/f_auto,q_auto:eco/images/cms/banners/dPDP_Fresh_Graphic2_2025_003en-us.jpg,https://cloudinary.images-iherb.com/image/upload/f_auto,q_auto:eco/images/thr/thr01250/r/56.jpg",
"California Gold Nutrition, NMN Powder, 1.06 oz (30 g)",,"https://cloudinary.images-iherb.com/image/upload/f_auto,q_auto:eco/images/cgn/cgn02169/r/54.jpg,https://cloudinary.images-iherb.com/image/upload/f_auto,q_auto:eco/images/cgn/cgn02169/r/56.jpg,https://cloudinary.images-iherb.com/image/upload/f_auto,q_auto:eco/images/cgn/cgn02169/r/64.jpg,https://cloudinary.images-iherb.com/image/upload/f_auto,q_auto:eco/images/cgn/cgn02169/r/63.jpg,https://cloudinary.images-iherb.com/image/upload/f_auto,q_auto:eco/images/cgn/cgn02169/r/23.jpg",
"ProHealth Longevity, NMN Pro™ 500, 500 mg, 30 Capsules","₨16,477.61","https://cloudinary.images-iherb.com/image/upload/f_auto,q_auto:eco/images/phv/phv41067/r/40.jpg,https://cloudinary.images-iherb.com/image/upload/f_auto,q_auto:eco/images/phv/phv41067/r/45.jpg,https://cloudinary.images-iherb.com/image/upload/w_240/f_auto,q_auto:eco/images/cms/banners/dPDP_Authenticity_Graphic2_2025_009en-us.jpg,https://cloudinary.images-iherb.com/image/upload/w_240/f_auto,q_auto:eco/images/cms/banners/dPDP_Fresh_Graphic2_2025_003en-us.jpg,https://cloudinary.images-iherb.com/image/upload/f_auto,q_auto:eco/images/phv/phv41067/r/40.jpg",
"Super Nutrition, NMN Complex with trans-Resveratrol, Quercetin Phytosome Complex, Apigenin, and Luteolin, 60 Veggie Capsules","₨7,139.14","https://cloudinary.images-iherb.com/image/upload/f_auto,q_auto:eco/images/spn/spn02420/r/9.jpg,https://cloudinary.images-iherb.com/image/upload/f_auto,q_auto:eco/images/spn/spn02420/r/12.jpg,https://cloudinary.images-iherb.com/image/upload/f_auto,q_auto:eco/images/spn/spn02420/r/17.jpg,https://cloudinary.images-iherb.com/image/upload/f_auto,q_auto:eco/images/spn/spn02420/r/20.jpg,https://cloudinary.images-iherb.com/image/upload/f_auto,q_auto:eco/images/spn/spn02420/r/18.jpg",
"Doctor's Best, NMN, 60 Delayed Release Capsules (200 mg per Capsule)","₨9,004.35","https://cloudinary.images-iherb.com/image/upload/f_auto,q_auto:eco/images/drb/drb00597/r/25.jpg,https://cloudinary.images-iherb.com/image/upload/f_auto,q_auto:eco/images/drb/drb00597/r/30.jpg,https://cloudinary.images-iherb.com/image/upload/w_240/f_auto,q_auto:eco/images/cms/banners/dPDP_Authenticity_Graphic2_2025_009en-us.jpg,https://cloudinary.images-iherb.com/image/upload/w_240/f_auto,q_auto:eco/images/cms/banners/dPDP_Fresh_Graphic2_2025_003en-us.jpg,https://cloudinary.images-iherb.com/image/upload/f_auto,q_auto:eco/images/drb/drb00597/r/25.jpg",
"California Gold Nutrition, Nicotinamide Riboside Tartrate (NR), 250 mg, 60 Veggie Capsules","₨4,402.29","https://cloudinary.images-iherb.com/image/upload/f_auto,q_auto:eco/images/cgn/cgn02533/r/9.jpg,https://cloudinary.images-iherb.com/image/upload/f_auto,q_auto:eco/images/cgn/cgn02533/r/14.jpg,https://cloudinary.images-iherb.com/image/upload/f_auto,q_auto:eco/images/cgn/cgn02533/r/17.jpg,https://cloudinary.images-iherb.com/image/upload/f_auto,q_auto:eco/images/cgn/cgn02533/r/18.jpg,https://cloudinary.images-iherb.com/image/upload/f_auto,q_auto:eco/images/cgn/cgn02533/r/19.jpg",
"ProHealth Longevity, NMN Pro™ 300, 300 mg, 30 Capsules","₨10,406.91","https://cloudinary.images-iherb.com/image/upload/f_auto,q_auto:eco/images/phv/phv41000/r/40.jpg,https://cloudinary.images-iherb.com/image/upload/f_auto,q_auto:eco/images/phv/phv41000/r/43.jpg,https://cloudinary.images-iherb.com/image/upload/w_240/f_auto,q_auto:eco/images/cms/banners/dPDP_Authenticity_Graphic2_2025_009en-us.jpg,https://cloudinary.images-iherb.com/image/upload/w_240/f_auto,q_auto:eco/images/cms/banners/dPDP_Fresh_Graphic2_2025_003en-us.jpg,https://cloudinary.images-iherb.com/image/upload/f_auto,q_auto:eco/images/phv/phv41000/r/40.jpg",
"Tru Niagen, Nicotinamide Riboside Chloride, 300 mg, 90 Vegetarian Capsules","₨28,908.08","https://cloudinary.images-iherb.com/image/upload/f_auto,q_auto:eco/images/tnn/tnn00855/r/48.jpg,https://cloudinary.images-iherb.com/image/upload/f_auto,q_auto:eco/images/tnn/tnn00855/r/53.jpg,https://cloudinary.images-iherb.com/image/upload/w_240/f_auto,q_auto:eco/images/cms/banners/dPDP_Authenticity_Graphic2_2025_009en-us.jpg,https://cloudinary.images-iherb.com/image/upload/w_240/f_auto,q_auto:eco/images/cms/banners/dPDP_Fresh_Graphic2_2025_003en-us.jpg,https://cloudinary.images-iherb.com/image/upload/f_auto,q_auto:eco/images/tnn/tnn00855/r/48.jpg",
"Nutricost, NMN, 60 Capsules (250 mg per Capsule)","₨5,930.55","https://cloudinary.images-iherb.com/image/upload/f_auto,q_auto:eco/images/ncs/ncs67335/r/8.jpg,https://cloudinary.images-iherb.com/image/upload/f_auto,q_auto:eco/images/ncs/ncs67335/r/13.jpg,https://cloudinary.images-iherb.com/image/upload/w_240/f_auto,q_auto:eco/images/cms/banners/dPDP_Authenticity_Graphic2_2025_009en-us.jpg,https://cloudinary.images-iherb.com/image/upload/w_240/f_auto,q_auto:eco/images/cms/banners/dPDP_Fresh_Graphic2_2025_003en-us.jpg,https://cloudinary.images-iherb.com/image/upload/f_auto,q_auto:eco/images/ncs/ncs67335/r/8.jpg",
"Micro Ingredients, NAC With NAD+, 300 Softgels","₨6,395.62","https://cloudinary.images-iherb.com/image/upload/f_auto,q_auto:eco/images/mii/mii02319/r/2.jpg,https://cloudinary.images-iherb.com/image/upload/f_auto,q_auto:eco/images/mii/mii02319/r/3.jpg,https://cloudinary.images-iherb.com/image/upload/w_240/f_auto,q_auto:eco/images/cms/banners/dPDP_Authenticity_Graphic2_2025_009en-us.jpg,https://cloudinary.images-iherb.com/image/upload/w_240/f_auto,q_auto:eco/images/cms/banners/dPDP_Fresh_Graphic2_2025_003en-us.jpg,https://cloudinary.images-iherb.com/image/upload/f_auto,q_auto:eco/images/mii/mii02319/r/2.jpg",
"ProHealth Longevity, NMN Pro™ Complete, 120 Capsules","₨32,076.41","https://cloudinary.images-iherb.com/image/upload/f_auto,q_auto:eco/images/phv/phv77952/r/56.jpg,https://cloudinary.images-iherb.com/image/upload/f_auto,q_auto:eco/images/phv/phv77952/r/61.jpg,https://cloudinary.images-iherb.com/image/upload/w_240/f_auto,q_auto:eco/images/cms/banners/dPDP_Authenticity_Graphic2_2025_009en-us.jpg,https://cloudinary.images-iherb.com/image/upload/w_240/f_auto,q_auto:eco/images/cms/banners/dPDP_Fresh_Graphic2_2025_003en-us.jpg,https://cloudinary.images-iherb.com/image/upload/f_auto,q_auto:eco/images/phv/phv77952/r/56.jpg",
"Thorne, Advanced Nutrients, 240 Capsules","₨19,657.50","https://cloudinary.images-iherb.com/image/upload/f_auto,q_auto:eco/images/thr/thr01706/r/71.jpg,https://cloudinary.images-iherb.com/image/upload/f_auto,q_auto:eco/images/thr/thr01706/r/76.jpg,https://cloudinary.images-iherb.com/image/upload/w_240/f_auto,q_auto:eco/images/cms/banners/dPDP_Authenticity_Graphic2_2025_009en-us.jpg,https://cloudinary.images-iherb.com/image/upload/w_240/f_auto,q_auto:eco/images/cms/banners/dPDP_Fresh_Graphic2_2025_003en-us.jpg,https://cloudinary.images-iherb.com/image/upload/f_auto,q_auto:eco/images/thr/thr01706/r/71.jpg",
"Doctor's Best, NMN + CoQ10 , 60 Veggie Caps",,"https://cloudinary.images-iherb.com/image/upload/f_auto,q_auto:eco/images/drb/drb00596/r/24.jpg,https://cloudinary.images-iherb.com/image/upload/f_auto,q_auto:eco/images/drb/drb00596/r/29.jpg,https://cloudinary.images-iherb.com/image/upload/w_240/f_auto,q_auto:eco/images/cms/banners/dPDP_Authenticity_Graphic2_2025_009en-us.jpg,https://cloudinary.images-iherb.com/image/upload/w_240/f_auto,q_auto:eco/images/cms/banners/dPDP_Fresh_Graphic2_2025_003en-us.jpg,https://cloudinary.images-iherb.com/image/upload/f_auto,q_auto:eco/images/drb/drb00596/r/24.jpg",
"Tru Niagen, Nicotinamide Riboside, 300 mg, 30 Vegetarian Capsules","₨11,563.23","https://cloudinary.images-iherb.com/image/upload/f_auto,q_auto:eco/images/tnn/tnn31111/r/16.jpg,https://cloudinary.images-iherb.com/image/upload/f_auto,q_auto:eco/images/tnn/tnn31111/r/22.jpg,https://cloudinary.images-iherb.com/image/upload/w_240/f_auto,q_auto:eco/images/cms/banners/dPDP_Authenticity_Graphic2_2025_009en-us.jpg,https://cloudinary.images-iherb.com/image/upload/w_240/f_auto,q_auto:eco/images/cms/banners/dPDP_Fresh_Graphic2_2025_003en-us.jpg,https://cloudinary.images-iherb.com/image/upload/f_auto,q_auto:eco/images/tnn/tnn31111/r/16.jpg",
"Codeage, Liposomal NMN Platinum, 90 Vegetable Capsules","₨23,123.57","https://cloudinary.images-iherb.com/image/upload/f_auto,q_auto:eco/images/age/age12114/r/72.jpg,https://cloudinary.images-iherb.com/image/upload/f_auto,q_auto:eco/images/age/age12114/r/77.jpg,https://cloudinary.images-iherb.com/image/upload/w_240/f_auto,q_auto:eco/images/cms/banners/dPDP_Authenticity_Graphic2_2025_009en-us.jpg,https://cloudinary.images-iherb.com/image/upload/w_240/f_auto,q_auto:eco/images/cms/banners/dPDP_Fresh_Graphic2_2025_003en-us.jpg,https://cloudinary.images-iherb.com/image/upload/f_auto,q_auto:eco/images/age/age12114/r/72.jpg",
"ProHealth Longevity, NMN Pro™, Pure NMN Powder, 100 g","₨36,327.99","https://cloudinary.images-iherb.com/image/upload/f_auto,q_auto:eco/images/phv/phv41071/r/10.jpg,https://cloudinary.images-iherb.com/image/upload/f_auto,q_auto:eco/images/phv/phv41071/r/11.jpg,https://cloudinary.images-iherb.com/image/upload/w_240/f_auto,q_auto:eco/images/cms/banners/dPDP_Authenticity_Graphic2_2025_009en-us.jpg,https://cloudinary.images-iherb.com/image/upload/w_240/f_auto,q_auto:eco/images/cms/banners/dPDP_Fresh_Graphic2_2025_003en-us.jpg,https://cloudinary.images-iherb.com/image/upload/f_auto,q_auto:eco/images/phv/phv41071/r/10.jpg",
"Thorne, Collagen Fit, 17.8 oz (506 g)","₨15,321.28","https://cloudinary.images-iherb.com/image/upload/f_auto,q_auto:eco/images/thr/thr01353/r/24.jpg,https://cloudinary.images-iherb.com/image/upload/f_auto,q_auto:eco/images/thr/thr01353/r/30.jpg,https://cloudinary.images-iherb.com/image/upload/w_240/f_auto,q_auto:eco/images/cms/banners/dPDP_Authenticity_Graphic2_2025_009en-us.jpg,https://cloudinary.images-iherb.com/image/upload/w_240/f_auto,q_auto:eco/images/cms/banners/dPDP_Fresh_Graphic2_2025_003en-us.jpg,https://cloudinary.images-iherb.com/image/upload/f_auto,q_auto:eco/images/thr/thr01353/r/24.jpg",
"Doctor's Best, NMN+, 60 Veggie Capsules","₨12,603.92","https://cloudinary.images-iherb.com/image/upload/f_auto,q_auto:eco/images/drb/drb00599/r/8.jpg,https://cloudinary.images-iherb.com/image/upload/f_auto,q_auto:eco/images/drb/drb00599/r/13.jpg,https://cloudinary.images-iherb.com/image/upload/w_240/f_auto,q_auto:eco/images/cms/banners/dPDP_Authenticity_Graphic2_2025_009en-us.jpg,https://cloudinary.images-iherb.com/image/upload/w_240/f_auto,q_auto:eco/images/cms/banners/dPDP_Fresh_Graphic2_2025_003en-us.jpg,https://cloudinary.images-iherb.com/image/upload/f_auto,q_auto:eco/images/drb/drb00599/r/8.jpg",
"Force Factor, NAD+ Longevity Nutrient Complex, 60 Vegetable Capsules","₨12,475.14","https://cloudinary.images-iherb.com/image/upload/f_auto,q_auto:eco/images/foa/foa66184/r/20.jpg,https://cloudinary.images-iherb.com/image/upload/f_auto,q_auto:eco/images/foa/foa66184/r/23.jpg,https://cloudinary.images-iherb.com/image/upload/f_auto,q_auto:eco/images/foa/foa66184/r/12.jpg,https://cloudinary.images-iherb.com/image/upload/w_240/f_auto,q_auto:eco/images/cms/banners/dPDP_Authenticity_Graphic2_2025_009en-us.jpg,https://cloudinary.images-iherb.com/image/upload/w_240/f_auto,q_auto:eco/images/cms/banners/dPDP_Fresh_Graphic2_2025_003en-us.jpg",
"California Gold Nutrition, Nicotinamide Riboside Tartrate (NRT) Complex, 60 Veggie Capsules",,"https://cloudinary.images-iherb.com/image/upload/f_auto,q_auto:eco/images/cgn/cgn02537/r/9.jpg,https://cloudinary.images-iherb.com/image/upload/f_auto,q_auto:eco/images/cgn/cgn02537/r/14.jpg,https://cloudinary.images-iherb.com/image/upload/f_auto,q_auto:eco/images/cgn/cgn02537/r/17.jpg,https://cloudinary.images-iherb.com/image/upload/f_auto,q_auto:eco/images/cgn/cgn02537/r/18.jpg,https://cloudinary.images-iherb.com/image/upload/f_auto,q_auto:eco/images/cgn/cgn02537/r/19.jpg",
"Thorne, NiaCel 400®, Nicotinamide Riboside, 60 Capsules","₨20,235.66","https://cloudinary.images-iherb.com/image/upload/f_auto,q_auto:eco/images/thr/thr01208/r/40.jpg,https://cloudinary.images-iherb.com/image/upload/f_auto,q_auto:eco/images/thr/thr01208/r/43.jpg,https://cloudinary.images-iherb.com/image/upload/w_240/f_auto,q_auto:eco/images/cms/banners/dPDP_Authenticity_Graphic2_2025_009en-us.jpg,https://cloudinary.images-iherb.com/image/upload/w_240/f_auto,q_auto:eco/images/cms/banners/dPDP_Fresh_Graphic2_2025_003en-us.jpg,https://cloudinary.images-iherb.com/image/upload/f_auto,q_auto:eco/images/thr/thr01208/r/40.jpg",
"Metabolic Nutrition, NAD MAX+™, Anti-Aging Cellular Rejuvenator, 30 Capsules","₨7,685.22","https://cloudinary.images-iherb.com/image/upload/f_auto,q_auto:eco/images/mtb/mtb59200/r/8.jpg,https://cloudinary.images-iherb.com/image/upload/f_auto,q_auto:eco/images/mtb/mtb59200/r/13.jpg,https://cloudinary.images-iherb.com/image/upload/w_240/f_auto,q_auto:eco/images/cms/banners/dPDP_Authenticity_Graphic2_2025_009en-us.jpg,https://cloudinary.images-iherb.com/image/upload/w_240/f_auto,q_auto:eco/images/cms/banners/dPDP_Fresh_Graphic2_2025_003en-us.jpg,https://cloudinary.images-iherb.com/image/upload/f_auto,q_auto:eco/images/mtb/mtb59200/r/8.jpg",
"PatchAid, NAD+ Patch , 30 Patches","₨4,416.36","https://cloudinary.images-iherb.com/image/upload/f_auto,q_auto:eco/images/pad/pad58205/r/3.jpg,https://cloudinary.images-iherb.com/image/upload/f_auto,q_auto:eco/images/pad/pad58205/r/4.jpg,https://cloudinary.images-iherb.com/image/upload/f_auto,q_auto:eco/images/pad/pad58205/r/5.jpg,https://cloudinary.images-iherb.com/image/upload/w_240/f_auto,q_auto:eco/images/cms/banners/dPDP_Authenticity_Graphic2_2025_009en-us.jpg,https://cloudinary.images-iherb.com/image/upload/w_240/f_auto,q_auto:eco/images/cms/banners/dPDP_Fresh_Graphic2_2025_003en-us.jpg",
"Thorne, Collagen Plus, Passion Berry, 1.09 lb (495 g)","₨18,212.09","https://cloudinary.images-iherb.com/image/upload/f_auto,q_auto:eco/images/thr/thr01311/r/96.jpg,https://cloudinary.images-iherb.com/image/upload/f_auto,q_auto:eco/images/thr/thr01311/r/101.jpg,https://cloudinary.images-iherb.com/image/upload/w_240/f_auto,q_auto:eco/images/cms/banners/dPDP_Authenticity_Graphic2_2025_009en-us.jpg,https://cloudinary.images-iherb.com/image/upload/w_240/f_auto,q_auto:eco/images/cms/banners/dPDP_Fresh_Graphic2_2025_003en-us.jpg,https://cloudinary.images-iherb.com/image/upload/f_auto,q_auto:eco/images/thr/thr01311/r/96.jpg",
"Micro Ingredients, NAD+, 240 Vegetarian Capsules","₨8,197.18","https://cloudinary.images-iherb.com/image/upload/f_auto,q_auto:eco/images/mii/mii02354/r/8.jpg,https://cloudinary.images-iherb.com/image/upload/f_auto,q_auto:eco/images/mii/mii02354/r/13.jpg,https://cloudinary.images-iherb.com/image/upload/w_240/f_auto,q_auto:eco/images/cms/banners/dPDP_Authenticity_Graphic2_2025_009en-us.jpg,https://cloudinary.images-iherb.com/image/upload/w_240/f_auto,q_auto:eco/images/cms/banners/dPDP_Fresh_Graphic2_2025_003en-us.jpg,https://cloudinary.images-iherb.com/image/upload/f_auto,q_auto:eco/images/mii/mii02354/r/8.jpg",
"Nutri, NMN+, Max Strength, 60 Vegan Capsules","₨14,467.22","https://cloudinary.images-iherb.com/image/upload/f_auto,q_auto:eco/images/nfu/nfu74298/r/24.jpg,https://cloudinary.images-iherb.com/image/upload/f_auto,q_auto:eco/images/nfu/nfu74298/r/29.jpg,https://cloudinary.images-iherb.com/image/upload/w_240/f_auto,q_auto:eco/images/cms/banners/dPDP_Authenticity_Graphic2_2025_009en-us.jpg,https://cloudinary.images-iherb.com/image/upload/w_240/f_auto,q_auto:eco/images/cms/banners/dPDP_Fresh_Graphic2_2025_003en-us.jpg,https://cloudinary.images-iherb.com/image/upload/f_auto,q_auto:eco/images/nfu/nfu74298/r/24.jpg",
"Micro Ingredients, Resveratrol, 240 Vegetarian Capsules","₨8,266.56","https://cloudinary.images-iherb.com/image/upload/f_auto,q_auto:eco/images/mii/mii02365/r/8.jpg,https://cloudinary.images-iherb.com/image/upload/f_auto,q_auto:eco/images/mii/mii02365/r/14.jpg,https://cloudinary.images-iherb.com/image/upload/w_240/f_auto,q_auto:eco/images/cms/banners/dPDP_Authenticity_Graphic2_2025_009en-us.jpg,https://cloudinary.images-iherb.com/image/upload/w_240/f_auto,q_auto:eco/images/cms/banners/dPDP_Fresh_Graphic2_2025_003en-us.jpg,https://cloudinary.images-iherb.com/image/upload/f_auto,q_auto:eco/images/mii/mii02365/r/8.jpg",
"Codeage, Eternal, Liposomal NAD+, 60 Vegetable Capsules","₨20,232.77","https://cloudinary.images-iherb.com/image/upload/f_auto,q_auto:eco/images/age/age60902/r/50.jpg,https://cloudinary.images-iherb.com/image/upload/f_auto,q_auto:eco/images/age/age60902/r/58.jpg,https://cloudinary.images-iherb.com/image/upload/w_240/f_auto,q_auto:eco/images/cms/banners/dPDP_Authenticity_Graphic2_2025_009en-us.jpg,https://cloudinary.images-iherb.com/image/upload/w_240/f_auto,q_auto:eco/images/cms/banners/dPDP_Fresh_Graphic2_2025_003en-us.jpg,https://cloudinary.images-iherb.com/image/upload/f_auto,q_auto:eco/images/age/age60902/r/50.jpg",
"ProHealth Longevity, Liposomal NMN Pro™ Complete, 90 Capsules","₨21,247.44","https://cloudinary.images-iherb.com/image/upload/f_auto,q_auto:eco/images/phv/phv77940/r/24.jpg,https://cloudinary.images-iherb.com/image/upload/f_auto,q_auto:eco/images/phv/phv77940/r/29.jpg,https://cloudinary.images-iherb.com/image/upload/w_240/f_auto,q_auto:eco/images/cms/banners/dPDP_Authenticity_Graphic2_2025_009en-us.jpg,https://cloudinary.images-iherb.com/image/upload/w_240/f_auto,q_auto:eco/images/cms/banners/dPDP_Fresh_Graphic2_2025_003en-us.jpg,https://cloudinary.images-iherb.com/image/upload/f_auto,q_auto:eco/images/phv/phv77940/r/24.jpg",
"Nutri, NMNH, Max Strength, 60 Vegan Capsule","₨14,467.22","https://cloudinary.images-iherb.com/image/upload/f_auto,q_auto:eco/images/nfu/nfu74300/r/24.jpg,https://cloudinary.images-iherb.com/image/upload/f_auto,q_auto:eco/images/nfu/nfu74300/r/29.jpg,https://cloudinary.images-iherb.com/image/upload/w_240/f_auto,q_auto:eco/images/cms/banners/dPDP_Authenticity_Graphic2_2025_009en-us.jpg,https://cloudinary.images-iherb.com/image/upload/w_240/f_auto,q_auto:eco/images/cms/banners/dPDP_Fresh_Graphic2_2025_003en-us.jpg,https://cloudinary.images-iherb.com/image/upload/f_auto,q_auto:eco/images/nfu/nfu74300/r/24.jpg",
"ProHealth Longevity, NMN Pro 300, 300 mg, 90 Capsules","₨30,006.59","https://cloudinary.images-iherb.com/image/upload/f_auto,q_auto:eco/images/phv/phv77932/r/40.jpg,https://cloudinary.images-iherb.com/image/upload/f_auto,q_auto:eco/images/phv/phv77932/r/45.jpg,https://cloudinary.images-iherb.com/image/upload/w_240/f_auto,q_auto:eco/images/cms/banners/dPDP_Authenticity_Graphic2_2025_009en-us.jpg,https://cloudinary.images-iherb.com/image/upload/w_240/f_auto,q_auto:eco/images/cms/banners/dPDP_Fresh_Graphic2_2025_003en-us.jpg,https://cloudinary.images-iherb.com/image/upload/f_auto,q_auto:eco/images/phv/phv77932/r/40.jpg",
"Nutri, NMN+, 60 Vegan Capsules","₨9,680.04","https://cloudinary.images-iherb.com/image/upload/f_auto,q_auto:eco/images/nfu/nfu74294/r/24.jpg,https://cloudinary.images-iherb.com/image/upload/f_auto,q_auto:eco/images/nfu/nfu74294/r/29.jpg,https://cloudinary.images-iherb.com/image/upload/w_240/f_auto,q_auto:eco/images/cms/banners/dPDP_Authenticity_Graphic2_2025_009en-us.jpg,https://cloudinary.images-iherb.com/image/upload/w_240/f_auto,q_auto:eco/images/cms/banners/dPDP_Fresh_Graphic2_2025_003en-us.jpg,https://cloudinary.images-iherb.com/image/upload/f_auto,q_auto:eco/images/nfu/nfu74294/r/24.jpg",
"Codeage, Sport, Liposomal NAD+ ULTRA, 90 Vegetable Capsules","₨26,014.38","https://cloudinary.images-iherb.com/image/upload/f_auto,q_auto:eco/images/age/age60903/r/57.jpg,https://cloudinary.images-iherb.com/image/upload/f_auto,q_auto:eco/images/age/age60903/r/65.jpg,https://cloudinary.images-iherb.com/image/upload/w_240/f_auto,q_auto:eco/images/cms/banners/dPDP_Authenticity_Graphic2_2025_009en-us.jpg,https://cloudinary.images-iherb.com/image/upload/w_240/f_auto,q_auto:eco/images/cms/banners/dPDP_Fresh_Graphic2_2025_003en-us.jpg,https://cloudinary.images-iherb.com/image/upload/f_auto,q_auto:eco/images/age/age60903/r/57.jpg",
"Neurogan Health, NMN + RSV, 90 Vegan Capsules","₨15,871.69","https://cloudinary.images-iherb.com/image/upload/f_auto,q_auto:eco/images/neg/neg55217/r/24.jpg,https://cloudinary.images-iherb.com/image/upload/f_auto,q_auto:eco/images/neg/neg55217/r/29.jpg,https://cloudinary.images-iherb.com/image/upload/w_240/f_auto,q_auto:eco/images/cms/banners/dPDP_Authenticity_Graphic2_2025_009en-us.jpg,https://cloudinary.images-iherb.com/image/upload/w_240/f_auto,q_auto:eco/images/cms/banners/dPDP_Fresh_Graphic2_2025_003en-us.jpg,https://cloudinary.images-iherb.com/image/upload/f_auto,q_auto:eco/images/neg/neg55217/r/24.jpg",
"Force Factor, NMN, 300 mg , 30 Vegetable Capsules","₨6,329.70","https://cloudinary.images-iherb.com/image/upload/f_auto,q_auto:eco/images/foa/foa66073/r/8.jpg,https://cloudinary.images-iherb.com/image/upload/f_auto,q_auto:eco/images/foa/foa66073/r/13.jpg,https://cloudinary.images-iherb.com/image/upload/w_240/f_auto,q_auto:eco/images/cms/banners/dPDP_Authenticity_Graphic2_2025_009en-us.jpg,https://cloudinary.images-iherb.com/image/upload/w_240/f_auto,q_auto:eco/images/cms/banners/dPDP_Fresh_Graphic2_2025_003en-us.jpg,https://cloudinary.images-iherb.com/image/upload/f_auto,q_auto:eco/images/foa/foa66073/r/16.jpg",
"Tru Niagen, Nicotinamide Riboside, 150 mg, 120 Vegetarian Capsules","₨27,173.60","https://cloudinary.images-iherb.com/image/upload/f_auto,q_auto:eco/images/tnn/tnn31113/r/56.jpg,https://cloudinary.images-iherb.com/image/upload/f_auto,q_auto:eco/images/tnn/tnn31113/r/62.jpg,https://cloudinary.images-iherb.com/image/upload/w_240/f_auto,q_auto:eco/images/cms/banners/dPDP_Authenticity_Graphic2_2025_009en-us.jpg,https://cloudinary.images-iherb.com/image/upload/w_240/f_auto,q_auto:eco/images/cms/banners/dPDP_Fresh_Graphic2_2025_003en-us.jpg,https://cloudinary.images-iherb.com/image/upload/f_auto,q_auto:eco/images/tnn/tnn31113/r/56.jpg",
"Source Naturals, NAD+, Coenzymated B-3, 60 Lozenges","₨5,569.32","https://cloudinary.images-iherb.com/image/upload/f_auto,q_auto:eco/images/sns/sns00937/r/37.jpg,https://cloudinary.images-iherb.com/image/upload/f_auto,q_auto:eco/images/sns/sns00937/r/42.jpg,https://cloudinary.images-iherb.com/image/upload/w_240/f_auto,q_auto:eco/images/cms/banners/dPDP_Authenticity_Graphic2_2025_009en-us.jpg,https://cloudinary.images-iherb.com/image/upload/w_240/f_auto,q_auto:eco/images/cms/banners/dPDP_Fresh_Graphic2_2025_003en-us.jpg,https://cloudinary.images-iherb.com/image/upload/f_auto,q_auto:eco/images/sns/sns00937/r/37.jpg",
"Metabolic Nutrition, NAD MAX™ , Anti-Aging Cellular Rejuvenator, 30 Capsules","₨6,162.04","https://cloudinary.images-iherb.com/image/upload/f_auto,q_auto:eco/images/mtb/mtb59150/r/8.jpg,https://cloudinary.images-iherb.com/image/upload/f_auto,q_auto:eco/images/mtb/mtb59150/r/13.jpg,https://cloudinary.images-iherb.com/image/upload/w_240/f_auto,q_auto:eco/images/cms/banners/dPDP_Authenticity_Graphic2_2025_009en-us.jpg,https://cloudinary.images-iherb.com/image/upload/w_240/f_auto,q_auto:eco/images/cms/banners/dPDP_Fresh_Graphic2_2025_003en-us.jpg,https://cloudinary.images-iherb.com/image/upload/f_auto,q_auto:eco/images/mtb/mtb59150/r/8.jpg",
"Codeage, Liposomal Nicotinamide Riboside+, 60 Vegetable Capsules","₨17,341.96","https://cloudinary.images-iherb.com/image/upload/f_auto,q_auto:eco/images/age/age60921/r/43.jpg,https://cloudinary.images-iherb.com/image/upload/f_auto,q_auto:eco/images/age/age60921/r/51.jpg,https://cloudinary.images-iherb.com/image/upload/w_240/f_auto,q_auto:eco/images/cms/banners/dPDP_Authenticity_Graphic2_2025_009en-us.jpg,https://cloudinary.images-iherb.com/image/upload/w_240/f_auto,q_auto:eco/images/cms/banners/dPDP_Fresh_Graphic2_2025_003en-us.jpg,https://cloudinary.images-iherb.com/image/upload/f_auto,q_auto:eco/images/age/age60921/r/43.jpg",
"Micro Ingredients, NMN, 120 Vegetarian Capsules (100 mg per Capsule)","₨5,445.77","https://cloudinary.images-iherb.com/image/upload/f_auto,q_auto:eco/images/mii/mii02381/r/8.jpg,https://cloudinary.images-iherb.com/image/upload/f_auto,q_auto:eco/images/mii/mii02381/r/13.jpg,https://cloudinary.images-iherb.com/image/upload/w_240/f_auto,q_auto:eco/images/cms/banners/dPDP_Authenticity_Graphic2_2025_009en-us.jpg,https://cloudinary.images-iherb.com/image/upload/w_240/f_auto,q_auto:eco/images/cms/banners/dPDP_Fresh_Graphic2_2025_003en-us.jpg,https://cloudinary.images-iherb.com/image/upload/f_auto,q_auto:eco/images/mii/mii02381/r/8.jpg",
"Neurogan Health, NAD+, Cell Renewer, 900 mg, 90 Capsules","₨16,111.05","https://cloudinary.images-iherb.com/image/upload/f_auto,q_auto:eco/images/neg/neg55216/r/8.jpg,https://cloudinary.images-iherb.com/image/upload/f_auto,q_auto:eco/images/neg/neg55216/r/13.jpg,https://cloudinary.images-iherb.com/image/upload/w_240/f_auto,q_auto:eco/images/cms/banners/dPDP_Authenticity_Graphic2_2025_009en-us.jpg,https://cloudinary.images-iherb.com/image/upload/w_240/f_auto,q_auto:eco/images/cms/banners/dPDP_Fresh_Graphic2_2025_003en-us.jpg,https://cloudinary.images-iherb.com/image/upload/f_auto,q_auto:eco/images/neg/neg55216/r/8.jpg",
"Neurogan Health, NAD+ Liposomal Drops, Wild Berry, 300 mg, 2 oz (60 ml)","₨6,879.98","https://cloudinary.images-iherb.com/image/upload/f_auto,q_auto:eco/images/neg/neg55220/r/8.jpg,https://cloudinary.images-iherb.com/image/upload/f_auto,q_auto:eco/images/neg/neg55220/r/13.jpg,https://cloudinary.images-iherb.com/image/upload/w_240/f_auto,q_auto:eco/images/cms/banners/dPDP_Authenticity_Graphic2_2025_009en-us.jpg,https://cloudinary.images-iherb.com/image/upload/w_240/f_auto,q_auto:eco/images/cms/banners/dPDP_Fresh_Graphic2_2025_003en-us.jpg,https://cloudinary.images-iherb.com/image/upload/f_auto,q_auto:eco/images/neg/neg55220/r/8.jpg",
"Ageless Foundation Laboratories, NAD+ Boost, 90 Veg Capsules","₨11,835.67","https://cloudinary.images-iherb.com/image/upload/f_auto,q_auto:eco/images/nat/nat78999/r/20.jpg,https://cloudinary.images-iherb.com/image/upload/f_auto,q_auto:eco/images/nat/nat78999/r/22.jpg,https://cloudinary.images-iherb.com/image/upload/f_auto,q_auto:eco/images/nat/nat78999/r/12.jpg,https://cloudinary.images-iherb.com/image/upload/w_240/f_auto,q_auto:eco/images/cms/banners/dPDP_Authenticity_Graphic2_2025_009en-us.jpg,https://cloudinary.images-iherb.com/image/upload/w_240/f_auto,q_auto:eco/images/cms/banners/dPDP_Fresh_Graphic2_2025_003en-us.jpg",
"Metabolic Nutrition, NAD DAILY™ , Anti-Aging Cellular Rejuvenator, 30 Capsules","₨4,031.01","https://cloudinary.images-iherb.com/image/upload/f_auto,q_auto:eco/images/mtb/mtb59100/r/8.jpg,https://cloudinary.images-iherb.com/image/upload/f_auto,q_auto:eco/images/mtb/mtb59100/r/13.jpg,https://cloudinary.images-iherb.com/image/upload/w_240/f_auto,q_auto:eco/images/cms/banners/dPDP_Authenticity_Graphic2_2025_009en-us.jpg,https://cloudinary.images-iherb.com/image/upload/w_240/f_auto,q_auto:eco/images/cms/banners/dPDP_Fresh_Graphic2_2025_003en-us.jpg,https://cloudinary.images-iherb.com/image/upload/f_auto,q_auto:eco/images/mtb/mtb59100/r/8.jpg",
"California Gold Nutrition, NMNH Complex, with CoQ10, PQQ & L-Ergothioneine, 60 Veggie Capsules",,"https://cloudinary.images-iherb.com/image/upload/f_auto,q_auto:eco/images/cgn/cgn02538/r/9.jpg,https://cloudinary.images-iherb.com/image/upload/f_auto,q_auto:eco/images/cgn/cgn02538/r/14.jpg,https://cloudinary.images-iherb.com/image/upload/f_auto,q_auto:eco/images/cgn/cgn02538/r/17.jpg,https://cloudinary.images-iherb.com/image/upload/f_auto,q_auto:eco/images/cgn/cgn02538/r/18.jpg,https://cloudinary.images-iherb.com/image/upload/f_auto,q_auto:eco/images/cgn/cgn02538/r/19.jpg",
"Dr. Murray's, NMN, 400 mg, 60 Vegan Capsules","₨6,344.75","https://cloudinary.images-iherb.com/image/upload/f_auto,q_auto:eco/images/dmy/dmy35346/r/8.jpg,https://cloudinary.images-iherb.com/image/upload/f_auto,q_auto:eco/images/dmy/dmy35346/r/13.jpg,https://cloudinary.images-iherb.com/image/upload/w_240/f_auto,q_auto:eco/images/cms/banners/dPDP_Authenticity_Graphic2_2025_009en-us.jpg,https://cloudinary.images-iherb.com/image/upload/w_240/f_auto,q_auto:eco/images/cms/banners/dPDP_Fresh_Graphic2_2025_003en-us.jpg,https://cloudinary.images-iherb.com/image/upload/f_auto,q_auto:eco/images/dmy/dmy35346/r/8.jpg",
"Natural Factors, RegenerLife®, NMN Surge, 500 mg, 30 Vegetarian Capsules","₨7,352.89","https://cloudinary.images-iherb.com/image/upload/f_auto,q_auto:eco/images/nfs/nfs01926/r/8.jpg,https://cloudinary.images-iherb.com/image/upload/f_auto,q_auto:eco/images/nfs/nfs01926/r/13.jpg,https://cloudinary.images-iherb.com/image/upload/w_240/f_auto,q_auto:eco/images/cms/banners/dPDP_Authenticity_Graphic2_2025_009en-us.jpg,https://cloudinary.images-iherb.com/image/upload/w_240/f_auto,q_auto:eco/images/cms/banners/dPDP_Fresh_Graphic2_2025_003en-us.jpg,https://cloudinary.images-iherb.com/image/upload/f_auto,q_auto:eco/images/nfs/nfs01926/r/8.jpg",
"Swanson, NMN, 300 mg, 30 Veggie Capsules","₨11,567.16","https://cloudinary.images-iherb.com/image/upload/f_auto,q_auto:eco/images/swv/swv11819/r/24.jpg,https://cloudinary.images-iherb.com/image/upload/f_auto,q_auto:eco/images/swv/swv11819/r/30.jpg,https://cloudinary.images-iherb.com/image/upload/w_240/f_auto,q_auto:eco/images/cms/banners/dPDP_Authenticity_Graphic2_2025_009en-us.jpg,https://cloudinary.images-iherb.com/image/upload/w_240/f_auto,q_auto:eco/images/cms/banners/dPDP_Fresh_Graphic2_2025_003en-us.jpg,https://img.youtube.com/vi/rajQKy4WxkU/0.jpg",
"ProHealth Longevity, Liposomal NMN Pro 300, 60 Capsules (150 mg per Capsule)","₨12,488.29","https://cloudinary.images-iherb.com/image/upload/f_auto,q_auto:eco/images/phv/phv77947/r/40.jpg,https://cloudinary.images-iherb.com/image/upload/f_auto,q_auto:eco/images/phv/phv77947/r/43.jpg,https://cloudinary.images-iherb.com/image/upload/w_240/f_auto,q_auto:eco/images/cms/banners/dPDP_Authenticity_Graphic2_2025_009en-us.jpg,https://cloudinary.images-iherb.com/image/upload/w_240/f_auto,q_auto:eco/images/cms/banners/dPDP_Fresh_Graphic2_2025_003en-us.jpg,https://cloudinary.images-iherb.com/image/upload/f_auto,q_auto:eco/images/phv/phv77947/r/40.jpg",
"Neurogan Health, NMN, 120 Capsules (250 mg per Capsule)","₨11,799.12","https://cloudinary.images-iherb.com/image/upload/f_auto,q_auto:eco/images/neg/neg55215/r/8.jpg,https://cloudinary.images-iherb.com/image/upload/f_auto,q_auto:eco/images/neg/neg55215/r/13.jpg,https://cloudinary.images-iherb.com/image/upload/w_240/f_auto,q_auto:eco/images/cms/banners/dPDP_Authenticity_Graphic2_2025_009en-us.jpg,https://cloudinary.images-iherb.com/image/upload/w_240/f_auto,q_auto:eco/images/cms/banners/dPDP_Fresh_Graphic2_2025_003en-us.jpg,https://cloudinary.images-iherb.com/image/upload/f_auto,q_auto:eco/images/neg/neg55215/r/8.jpg",
"Elysium, Basis, Cellular Health & Optimization, 60 Capsules","₨17,681.34","https://cloudinary.images-iherb.com/image/upload/f_auto,q_auto:eco/images/ehi/ehi53703/r/8.jpg,https://cloudinary.images-iherb.com/image/upload/f_auto,q_auto:eco/images/ehi/ehi53703/r/13.jpg,https://cloudinary.images-iherb.com/image/upload/w_240/f_auto,q_auto:eco/images/cms/banners/dPDP_Authenticity_Graphic2_2025_009en-us.jpg,https://cloudinary.images-iherb.com/image/upload/w_240/f_auto,q_auto:eco/images/cms/banners/dPDP_Fresh_Graphic2_2025_003en-us.jpg,https://cloudinary.images-iherb.com/image/upload/f_auto,q_auto:eco/images/ehi/ehi53703/r/8.jpg",
"Thorne, Brain Factors, 30 Capsules","₨14,743.12","https://cloudinary.images-iherb.com/image/upload/f_auto,q_auto:eco/images/thr/thr01343/r/24.jpg,https://cloudinary.images-iherb.com/image/upload/f_auto,q_auto:eco/images/thr/thr01343/r/30.jpg,https://cloudinary.images-iherb.com/image/upload/w_240/f_auto,q_auto:eco/images/cms/banners/dPDP_Authenticity_Graphic2_2025_009en-us.jpg,https://cloudinary.images-iherb.com/image/upload/w_240/f_auto,q_auto:eco/images/cms/banners/dPDP_Fresh_Graphic2_2025_003en-us.jpg,https://cloudinary.images-iherb.com/image/upload/f_auto,q_auto:eco/images/thr/thr01343/r/24.jpg",
"Neurogan Health, NMN, 900 mg, 90 Capsules, 2.85 oz (81 g)","₨14,137.06","https://cloudinary.images-iherb.com/image/upload/f_auto,q_auto:eco/images/neg/neg43860/r/8.jpg,https://cloudinary.images-iherb.com/image/upload/f_auto,q_auto:eco/images/neg/neg43860/r/13.jpg,https://cloudinary.images-iherb.com/image/upload/w_240/f_auto,q_auto:eco/images/cms/banners/dPDP_Authenticity_Graphic2_2025_009en-us.jpg,https://cloudinary.images-iherb.com/image/upload/w_240/f_auto,q_auto:eco/images/cms/banners/dPDP_Fresh_Graphic2_2025_003en-us.jpg,https://cloudinary.images-iherb.com/image/upload/f_auto,q_auto:eco/images/neg/neg43860/r/8.jpg",
"ProHealth Longevity, NMN Pro Complete Powder, 75 g","₨31,741.07","https://cloudinary.images-iherb.com/image/upload/f_auto,q_auto:eco/images/phv/phv41035/r/24.jpg,https://cloudinary.images-iherb.com/image/upload/f_auto,q_auto:eco/images/phv/phv41035/r/29.jpg,https://cloudinary.images-iherb.com/image/upload/f_auto,q_auto:eco/images/phv/phv41035/r/27.jpg,https://cloudinary.images-iherb.com/image/upload/w_240/f_auto,q_auto:eco/images/cms/banners/dPDP_Authenticity_Graphic2_2025_009en-us.jpg,https://cloudinary.images-iherb.com/image/upload/w_240/f_auto,q_auto:eco/images/cms/banners/dPDP_Fresh_Graphic2_2025_003en-us.jpg",
"Primaforce, NAD+, 120 Capsules (500 mg per Capsule)",,"https://cloudinary.images-iherb.com/image/upload/f_auto,q_auto:eco/images/pmf/pmf02156/r/16.jpg,https://cloudinary.images-iherb.com/image/upload/f_auto,q_auto:eco/images/pmf/pmf02156/r/21.jpg,https://cloudinary.images-iherb.com/image/upload/w_240/f_auto,q_auto:eco/images/cms/banners/dPDP_Authenticity_Graphic2_2025_009en-us.jpg,https://cloudinary.images-iherb.com/image/upload/w_240/f_auto,q_auto:eco/images/cms/banners/dPDP_Fresh_Graphic2_2025_003en-us.jpg,https://cloudinary.images-iherb.com/image/upload/f_auto,q_auto:eco/images/pmf/pmf02156/r/16.jpg",
"ProHealth Longevity, Nicotinamide Riboside Pro 500, 60 Capsules","₨11,284.33","https://cloudinary.images-iherb.com/image/upload/f_auto,q_auto:eco/images/phv/phv16107/r/8.jpg,https://cloudinary.images-iherb.com/image/upload/f_auto,q_auto:eco/images/phv/phv16107/r/13.jpg,https://cloudinary.images-iherb.com/image/upload/w_240/f_auto,q_auto:eco/images/cms/banners/dPDP_Authenticity_Graphic2_2025_009en-us.jpg,https://cloudinary.images-iherb.com/image/upload/w_240/f_auto,q_auto:eco/images/cms/banners/dPDP_Fresh_Graphic2_2025_003en-us.jpg,https://cloudinary.images-iherb.com/image/upload/f_auto,q_auto:eco/images/phv/phv16107/r/8.jpg",
"Tru Niagen, NAD+, Nicotinamide Riboside, Unflavored, 30 Stick Packs, 0.14 oz (4 g) Each","₨16,766.69","https://cloudinary.images-iherb.com/image/upload/f_auto,q_auto:eco/images/tnn/tnn00822/r/36.jpg,https://cloudinary.images-iherb.com/image/upload/f_auto,q_auto:eco/images/tnn/tnn00822/r/38.jpg,https://cloudinary.images-iherb.com/image/upload/f_auto,q_auto:eco/images/tnn/tnn00822/r/35.jpg,https://cloudinary.images-iherb.com/image/upload/w_240/f_auto,q_auto:eco/images/cms/banners/dPDP_Authenticity_Graphic2_2025_009en-us.jpg,https://cloudinary.images-iherb.com/image/upload/w_240/f_auto,q_auto:eco/images/cms/banners/dPDP_Fresh_Graphic2_2025_003en-us.jpg",
"ProHealth Longevity, Nicotinamide Riboside Pro 1000, 90 Capsules","₨16,120.07","https://cloudinary.images-iherb.com/image/upload/f_auto,q_auto:eco/images/phv/phv16163/r/8.jpg,https://cloudinary.images-iherb.com/image/upload/f_auto,q_auto:eco/images/phv/phv16163/r/13.jpg,https://cloudinary.images-iherb.com/image/upload/w_240/f_auto,q_auto:eco/images/cms/banners/dPDP_Authenticity_Graphic2_2025_009en-us.jpg,https://cloudinary.images-iherb.com/image/upload/w_240/f_auto,q_auto:eco/images/cms/banners/dPDP_Fresh_Graphic2_2025_003en-us.jpg,https://cloudinary.images-iherb.com/image/upload/f_auto,q_auto:eco/images/phv/phv16163/r/8.jpg",
"Nutricost, Nicotinamide Riboside + Resveratrol, 120 Capsules",,"https://cloudinary.images-iherb.com/image/upload/f_auto,q_auto:eco/images/ncs/ncs57635/r/8.jpg,https://cloudinary.images-iherb.com/image/upload/f_auto,q_auto:eco/images/ncs/ncs57635/r/13.jpg,https://cloudinary.images-iherb.com/image/upload/w_240/f_auto,q_auto:eco/images/cms/banners/dPDP_Authenticity_Graphic2_2025_009en-us.jpg,https://cloudinary.images-iherb.com/image/upload/w_240/f_auto,q_auto:eco/images/cms/banners/dPDP_Fresh_Graphic2_2025_003en-us.jpg,https://cloudinary.images-iherb.com/image/upload/f_auto,q_auto:eco/images/ncs/ncs57635/r/8.jpg",
"ProHealth Longevity, NMN Pro, Pure NMN Powder, 30 g","₨23,068.65","https://cloudinary.images-iherb.com/image/upload/f_auto,q_auto:eco/images/phv/phv41036/r/24.jpg,https://cloudinary.images-iherb.com/image/upload/f_auto,q_auto:eco/images/phv/phv41036/r/30.jpg,https://cloudinary.images-iherb.com/image/upload/w_240/f_auto,q_auto:eco/images/cms/banners/dPDP_Authenticity_Graphic2_2025_009en-us.jpg,https://cloudinary.images-iherb.com/image/upload/w_240/f_auto,q_auto:eco/images/cms/banners/dPDP_Fresh_Graphic2_2025_003en-us.jpg,https://cloudinary.images-iherb.com/image/upload/f_auto,q_auto:eco/images/phv/phv41036/r/24.jpg",
"Natural Factors, RegenerLife®, NMN Surge, 60 Vegetarian Capsules (150 mg per Capsule)","₨5,624.19","https://cloudinary.images-iherb.com/image/upload/f_auto,q_auto:eco/images/nfs/nfs01904/r/8.jpg,https://cloudinary.images-iherb.com/image/upload/f_auto,q_auto:eco/images/nfs/nfs01904/r/13.jpg,https://cloudinary.images-iherb.com/image/upload/w_240/f_auto,q_auto:eco/images/cms/banners/dPDP_Authenticity_Graphic2_2025_009en-us.jpg,https://cloudinary.images-iherb.com/image/upload/w_240/f_auto,q_auto:eco/images/cms/banners/dPDP_Fresh_Graphic2_2025_003en-us.jpg,https://cloudinary.images-iherb.com/image/upload/f_auto,q_auto:eco/images/nfs/nfs01904/r/8.jpg",
"ProHealth Longevity, NMN Pro™, Pure NMN Powder, 15 g","₨12,791.83","https://cloudinary.images-iherb.com/image/upload/f_auto,q_auto:eco/images/phv/phv41001/r/24.jpg,https://cloudinary.images-iherb.com/image/upload/f_auto,q_auto:eco/images/phv/phv41001/r/30.jpg,https://cloudinary.images-iherb.com/image/upload/w_240/f_auto,q_auto:eco/images/cms/banners/dPDP_Authenticity_Graphic2_2025_009en-us.jpg,https://cloudinary.images-iherb.com/image/upload/w_240/f_auto,q_auto:eco/images/cms/banners/dPDP_Fresh_Graphic2_2025_003en-us.jpg,https://cloudinary.images-iherb.com/image/upload/f_auto,q_auto:eco/images/phv/phv41001/r/24.jpg",
"Nutri, NMN+, 60 Vegan Capsules","₨7,272.58","https://cloudinary.images-iherb.com/image/upload/f_auto,q_auto:eco/images/nfu/nfu74244/r/24.jpg,https://cloudinary.images-iherb.com/image/upload/f_auto,q_auto:eco/images/nfu/nfu74244/r/29.jpg,https://cloudinary.images-iherb.com/image/upload/w_240/f_auto,q_auto:eco/images/cms/banners/dPDP_Authenticity_Graphic2_2025_009en-us.jpg,https://cloudinary.images-iherb.com/image/upload/w_240/f_auto,q_auto:eco/images/cms/banners/dPDP_Fresh_Graphic2_2025_003en-us.jpg,https://cloudinary.images-iherb.com/image/upload/f_auto,q_auto:eco/images/nfu/nfu74244/r/24.jpg",
"Toniiq, NMN, 3.53 oz (100 g)","₨17,758.01","https://cloudinary.images-iherb.com/image/upload/f_auto,q_auto:eco/images/tnq/tnq99954/r/8.jpg,https://cloudinary.images-iherb.com/image/upload/f_auto,q_auto:eco/images/tnq/tnq99954/r/13.jpg,https://cloudinary.images-iherb.com/image/upload/w_240/f_auto,q_auto:eco/images/cms/banners/dPDP_Authenticity_Graphic2_2025_009en-us.jpg,https://cloudinary.images-iherb.com/image/upload/w_240/f_auto,q_auto:eco/images/cms/banners/dPDP_Fresh_Graphic2_2025_003en-us.jpg,https://cloudinary.images-iherb.com/image/upload/f_auto,q_auto:eco/images/tnq/tnq99954/r/8.jpg",
"Superior Source, Pure NMN, 60 Instant Dissolve Tablets","₨8,989.72","https://cloudinary.images-iherb.com/image/upload/f_auto,q_auto:eco/images/sps/sps92150/r/42.jpg,https://cloudinary.images-iherb.com/image/upload/f_auto,q_auto:eco/images/sps/sps92150/r/43.jpg,https://cloudinary.images-iherb.com/image/upload/f_auto,q_auto:eco/images/sps/sps92150/r/41.jpg,https://cloudinary.images-iherb.com/image/upload/w_240/f_auto,q_auto:eco/images/cms/banners/dPDP_Authenticity_Graphic2_2025_009en-us.jpg,https://cloudinary.images-iherb.com/image/upload/w_240/f_auto,q_auto:eco/images/cms/banners/dPDP_Fresh_Graphic2_2025_003en-us.jpg",
"ProHealth Longevity, NAD+ Pro, 15 g","₨17,341.96","https://cloudinary.images-iherb.com/image/upload/f_auto,q_auto:eco/images/phv/phv41020/r/8.jpg,https://cloudinary.images-iherb.com/image/upload/f_auto,q_auto:eco/images/phv/phv41020/r/11.jpg,https://cloudinary.images-iherb.com/image/upload/w_240/f_auto,q_auto:eco/images/cms/banners/dPDP_Authenticity_Graphic2_2025_009en-us.jpg,https://cloudinary.images-iherb.com/image/upload/w_240/f_auto,q_auto:eco/images/cms/banners/dPDP_Fresh_Graphic2_2025_003en-us.jpg,https://cloudinary.images-iherb.com/image/upload/f_auto,q_auto:eco/images/phv/phv41020/r/8.jpg",
"Dr. Murray's, NMN, 200 mg, 60 Vegan Capsules","₨4,477.99","https://cloudinary.images-iherb.com/image/upload/f_auto,q_auto:eco/images/dmy/dmy35345/r/8.jpg,https://cloudinary.images-iherb.com/image/upload/f_auto,q_auto:eco/images/dmy/dmy35345/r/13.jpg,https://cloudinary.images-iherb.com/image/upload/w_240/f_auto,q_auto:eco/images/cms/banners/dPDP_Authenticity_Graphic2_2025_009en-us.jpg,https://cloudinary.images-iherb.com/image/upload/w_240/f_auto,q_auto:eco/images/cms/banners/dPDP_Fresh_Graphic2_2025_003en-us.jpg,https://cloudinary.images-iherb.com/image/upload/f_auto,q_auto:eco/images/dmy/dmy35345/r/8.jpg",
"Neurogan Health, NAD + RSV, 90 Vegan Capsules, 1.9 oz (54 g)","₨14,906.16","https://cloudinary.images-iherb.com/image/upload/f_auto,q_auto:eco/images/neg/neg55218/r/8.jpg,https://cloudinary.images-iherb.com/image/upload/f_auto,q_auto:eco/images/neg/neg55218/r/13.jpg,https://cloudinary.images-iherb.com/image/upload/w_240/f_auto,q_auto:eco/images/cms/banners/dPDP_Authenticity_Graphic2_2025_009en-us.jpg,https://cloudinary.images-iherb.com/image/upload/w_240/f_auto,q_auto:eco/images/cms/banners/dPDP_Fresh_Graphic2_2025_003en-us.jpg,https://cloudinary.images-iherb.com/image/upload/f_auto,q_auto:eco/images/neg/neg55218/r/8.jpg",
"DaVinci Laboratories, NAD+Activate, 30 Capsules","₨5,962.93","https://cloudinary.images-iherb.com/image/upload/f_auto,q_auto:eco/images/dvi/dvi01806/r/16.jpg,https://cloudinary.images-iherb.com/image/upload/f_auto,q_auto:eco/images/dvi/dvi01806/r/22.jpg,https://cloudinary.images-iherb.com/image/upload/w_240/f_auto,q_auto:eco/images/cms/banners/dPDP_Authenticity_Graphic2_2025_009en-us.jpg,https://cloudinary.images-iherb.com/image/upload/w_240/f_auto,q_auto:eco/images/cms/banners/dPDP_Fresh_Graphic2_2025_003en-us.jpg,https://cloudinary.images-iherb.com/image/upload/f_auto,q_auto:eco/images/dvi/dvi01806/r/16.jpg",
"Nutri, NMNH, 30 Vegan Capsules","₨6,089.66","https://cloudinary.images-iherb.com/image/upload/f_auto,q_auto:eco/images/nfu/nfu74302/r/24.jpg,https://cloudinary.images-iherb.com/image/upload/f_auto,q_auto:eco/images/nfu/nfu74302/r/29.jpg,https://cloudinary.images-iherb.com/image/upload/w_240/f_auto,q_auto:eco/images/cms/banners/dPDP_Authenticity_Graphic2_2025_009en-us.jpg,https://cloudinary.images-iherb.com/image/upload/w_240/f_auto,q_auto:eco/images/cms/banners/dPDP_Fresh_Graphic2_2025_003en-us.jpg,https://cloudinary.images-iherb.com/image/upload/f_auto,q_auto:eco/images/nfu/nfu74302/r/24.jpg",
"Qualia, NAD+®, 42 Capsules","₨13,919.82","https://cloudinary.images-iherb.com/image/upload/f_auto,q_auto:eco/images/qui/qui14936/r/40.jpg,https://cloudinary.images-iherb.com/image/upload/f_auto,q_auto:eco/images/qui/qui14936/r/45.jpg,https://cloudinary.images-iherb.com/image/upload/w_240/f_auto,q_auto:eco/images/cms/banners/dPDP_Authenticity_Graphic2_2025_009en-us.jpg,https://cloudinary.images-iherb.com/image/upload/w_240/f_auto,q_auto:eco/images/cms/banners/dPDP_Fresh_Graphic2_2025_003en-us.jpg,https://cloudinary.images-iherb.com/image/upload/f_auto,q_auto:eco/images/qui/qui14936/r/40.jpg",
"Neurogan Health, NMN Powder, 1.06 oz (30.06 g)","₨7,428.16","https://cloudinary.images-iherb.com/image/upload/f_auto,q_auto:eco/images/neg/neg55205/r/8.jpg,https://cloudinary.images-iherb.com/image/upload/f_auto,q_auto:eco/images/neg/neg55205/r/14.jpg,https://cloudinary.images-iherb.com/image/upload/w_240/f_auto,q_auto:eco/images/cms/banners/dPDP_Authenticity_Graphic2_2025_009en-us.jpg,https://cloudinary.images-iherb.com/image/upload/w_240/f_auto,q_auto:eco/images/cms/banners/dPDP_Fresh_Graphic2_2025_003en-us.jpg,https://cloudinary.images-iherb.com/image/upload/f_auto,q_auto:eco/images/neg/neg55205/r/8.jpg",
"ProHealth Longevity, NR Plus Pterostilbene, 30 Capsules","₨8,060.33","https://cloudinary.images-iherb.com/image/upload/f_auto,q_auto:eco/images/phv/phv16106/r/8.jpg,https://cloudinary.images-iherb.com/image/upload/f_auto,q_auto:eco/images/phv/phv16106/r/13.jpg,https://cloudinary.images-iherb.com/image/upload/w_240/f_auto,q_auto:eco/images/cms/banners/dPDP_Authenticity_Graphic2_2025_009en-us.jpg,https://cloudinary.images-iherb.com/image/upload/w_240/f_auto,q_auto:eco/images/cms/banners/dPDP_Fresh_Graphic2_2025_003en-us.jpg,https://cloudinary.images-iherb.com/image/upload/f_auto,q_auto:eco/images/phv/phv16106/r/8.jpg",
"California Gold Nutrition, NMNH, 250 mg, 60 Veggie Capsules",,"https://cloudinary.images-iherb.com/image/upload/f_auto,q_auto:eco/images/cgn/cgn02534/r/9.jpg,https://cloudinary.images-iherb.com/image/upload/f_auto,q_auto:eco/images/cgn/cgn02534/r/14.jpg,https://cloudinary.images-iherb.com/image/upload/f_auto,q_auto:eco/images/cgn/cgn02534/r/17.jpg,https://cloudinary.images-iherb.com/image/upload/f_auto,q_auto:eco/images/cgn/cgn02534/r/18.jpg,https://cloudinary.images-iherb.com/image/upload/f_auto,q_auto:eco/images/cgn/cgn02534/r/19.jpg",
"Probase Nutrition, NR, 500 mg , 30 Capsules","₨7,516.10","https://cloudinary.images-iherb.com/image/upload/f_auto,q_auto:eco/images/pba/pba58267/r/8.jpg,https://cloudinary.images-iherb.com/image/upload/f_auto,q_auto:eco/images/pba/pba58267/r/14.jpg,https://cloudinary.images-iherb.com/image/upload/w_240/f_auto,q_auto:eco/images/cms/banners/dPDP_Authenticity_Graphic2_2025_009en-us.jpg,https://cloudinary.images-iherb.com/image/upload/w_240/f_auto,q_auto:eco/images/cms/banners/dPDP_Fresh_Graphic2_2025_003en-us.jpg,https://cloudinary.images-iherb.com/image/upload/f_auto,q_auto:eco/images/pba/pba58267/r/8.jpg",
"Nutri, NMNH, 30 Vegan Capsules","₨9,680.04","https://cloudinary.images-iherb.com/image/upload/f_auto,q_auto:eco/images/nfu/nfu74301/r/24.jpg,https://cloudinary.images-iherb.com/image/upload/f_auto,q_auto:eco/images/nfu/nfu74301/r/29.jpg,https://cloudinary.images-iherb.com/image/upload/w_240/f_auto,q_auto:eco/images/cms/banners/dPDP_Authenticity_Graphic2_2025_009en-us.jpg,https://cloudinary.images-iherb.com/image/upload/w_240/f_auto,q_auto:eco/images/cms/banners/dPDP_Fresh_Graphic2_2025_003en-us.jpg,https://cloudinary.images-iherb.com/image/upload/f_auto,q_auto:eco/images/nfu/nfu74301/r/24.jpg",
"ProHealth Longevity, NAD Triple Boost™, 90 Capsules","₨24,102.17","https://cloudinary.images-iherb.com/image/upload/f_auto,q_auto:eco/images/phv/phv16108/r/8.jpg,https://cloudinary.images-iherb.com/image/upload/f_auto,q_auto:eco/images/phv/phv16108/r/13.jpg,https://cloudinary.images-iherb.com/image/upload/w_240/f_auto,q_auto:eco/images/cms/banners/dPDP_Authenticity_Graphic2_2025_009en-us.jpg,https://cloudinary.images-iherb.com/image/upload/w_240/f_auto,q_auto:eco/images/cms/banners/dPDP_Fresh_Graphic2_2025_003en-us.jpg,https://cloudinary.images-iherb.com/image/upload/f_auto,q_auto:eco/images/phv/phv16108/r/8.jpg",
"Elysium, Signal, Metabolic Health & Optimization , 60 Capsules",,"https://cloudinary.images-iherb.com/image/upload/f_auto,q_auto:eco/images/ehi/ehi53704/r/8.jpg,https://cloudinary.images-iherb.com/image/upload/f_auto,q_auto:eco/images/ehi/ehi53704/r/13.jpg,https://cloudinary.images-iherb.com/image/upload/w_240/f_auto,q_auto:eco/images/cms/banners/dPDP_Authenticity_Graphic2_2025_009en-us.jpg,https://cloudinary.images-iherb.com/image/upload/w_240/f_auto,q_auto:eco/images/cms/banners/dPDP_Fresh_Graphic2_2025_003en-us.jpg,https://cloudinary.images-iherb.com/image/upload/f_auto,q_auto:eco/images/ehi/ehi53704/r/8.jpg",
"ProHealth Longevity, Pure NMNH, 125 mg, 60 Capsules","₨19,202.14","https://cloudinary.images-iherb.com/image/upload/f_auto,q_auto:eco/images/phv/phv77974/r/24.jpg,https://cloudinary.images-iherb.com/image/upload/f_auto,q_auto:eco/images/phv/phv77974/r/29.jpg,https://cloudinary.images-iherb.com/image/upload/w_240/f_auto,q_auto:eco/images/cms/banners/dPDP_Authenticity_Graphic2_2025_009en-us.jpg,https://cloudinary.images-iherb.com/image/upload/w_240/f_auto,q_auto:eco/images/cms/banners/dPDP_Fresh_Graphic2_2025_003en-us.jpg,https://cloudinary.images-iherb.com/image/upload/f_auto,q_auto:eco/images/phv/phv77974/r/24.jpg",
"Crystal Star, NAD+, 60 Vegetarian Sustained-Release Tablets","₨12,479.04","https://cloudinary.images-iherb.com/image/upload/f_auto,q_auto:eco/images/csr/csr00003/r/8.jpg,https://cloudinary.images-iherb.com/image/upload/f_auto,q_auto:eco/images/csr/csr00003/r/13.jpg,https://cloudinary.images-iherb.com/image/upload/w_240/f_auto,q_auto:eco/images/cms/banners/dPDP_Authenticity_Graphic2_2025_009en-us.jpg,https://cloudinary.images-iherb.com/image/upload/w_240/f_auto,q_auto:eco/images/cms/banners/dPDP_Fresh_Graphic2_2025_003en-us.jpg,https://cloudinary.images-iherb.com/image/upload/f_auto,q_auto:eco/images/csr/csr00003/r/8.jpg",
"ProHealth Longevity, NMN Pro 250 , 250 mg , 60 Tablets","₨20,163.39","https://cloudinary.images-iherb.com/image/upload/f_auto,q_auto:eco/images/phv/phv77908/r/8.jpg,https://cloudinary.images-iherb.com/image/upload/f_auto,q_auto:eco/images/phv/phv77908/r/13.jpg,https://cloudinary.images-iherb.com/image/upload/w_240/f_auto,q_auto:eco/images/cms/banners/dPDP_Authenticity_Graphic2_2025_009en-us.jpg,https://cloudinary.images-iherb.com/image/upload/w_240/f_auto,q_auto:eco/images/cms/banners/dPDP_Fresh_Graphic2_2025_003en-us.jpg,https://cloudinary.images-iherb.com/image/upload/f_auto,q_auto:eco/images/phv/phv77908/r/8.jpg",
"ProHealth Longevity, NMN Pro™ Lozenges, 250 mg, 30 Lozenges","₨10,623.72","https://cloudinary.images-iherb.com/image/upload/f_auto,q_auto:eco/images/phv/phv41002/r/40.jpg,https://cloudinary.images-iherb.com/image/upload/f_auto,q_auto:eco/images/phv/phv41002/r/45.jpg,https://cloudinary.images-iherb.com/image/upload/w_240/f_auto,q_auto:eco/images/cms/banners/dPDP_Authenticity_Graphic2_2025_009en-us.jpg,https://cloudinary.images-iherb.com/image/upload/w_240/f_auto,q_auto:eco/images/cms/banners/dPDP_Fresh_Graphic2_2025_003en-us.jpg,https://cloudinary.images-iherb.com/image/upload/f_auto,q_auto:eco/images/phv/phv41002/r/40.jpg",
"Toniiq, NMN + Resveratrol, 90 Capsules","₨10,366.90","https://cloudinary.images-iherb.com/image/upload/f_auto,q_auto:eco/images/tnq/tnq00774/r/8.jpg,https://cloudinary.images-iherb.com/image/upload/f_auto,q_auto:eco/images/tnq/tnq00774/r/13.jpg,https://cloudinary.images-iherb.com/image/upload/w_240/f_auto,q_auto:eco/images/cms/banners/dPDP_Authenticity_Graphic2_2025_009en-us.jpg,https://cloudinary.images-iherb.com/image/upload/w_240/f_auto,q_auto:eco/images/cms/banners/dPDP_Fresh_Graphic2_2025_003en-us.jpg,https://cloudinary.images-iherb.com/image/upload/f_auto,q_auto:eco/images/tnq/tnq00774/r/8.jpg",
"Toniiq, NMN 300, 60 Capsules (150 mg per Capsule)","₨6,235.13","https://cloudinary.images-iherb.com/image/upload/f_auto,q_auto:eco/images/tnq/tnq00746/r/8.jpg,https://cloudinary.images-iherb.com/image/upload/f_auto,q_auto:eco/images/tnq/tnq00746/r/13.jpg,https://cloudinary.images-iherb.com/image/upload/w_240/f_auto,q_auto:eco/images/cms/banners/dPDP_Authenticity_Graphic2_2025_009en-us.jpg,https://cloudinary.images-iherb.com/image/upload/w_240/f_auto,q_auto:eco/images/cms/banners/dPDP_Fresh_Graphic2_2025_003en-us.jpg,https://cloudinary.images-iherb.com/image/upload/f_auto,q_auto:eco/images/tnq/tnq00746/r/8.jpg",
"Aurora Nutrascience, Mega-Pack+®, Liposomal NAD +/ Resveratrol, 10 Packets, 0.68 fl oz (20 ml) Each","₨7,153.02","https://cloudinary.images-iherb.com/image/upload/f_auto,q_auto:eco/images/aun/aun20031/r/9.jpg,https://cloudinary.images-iherb.com/image/upload/f_auto,q_auto:eco/images/aun/aun20031/r/13.jpg,https://cloudinary.images-iherb.com/image/upload/f_auto,q_auto:eco/images/aun/aun20031/r/17.jpg,https://cloudinary.images-iherb.com/image/upload/w_240/f_auto,q_auto:eco/images/cms/banners/dPDP_Authenticity_Graphic2_2025_009en-us.jpg,https://cloudinary.images-iherb.com/image/upload/w_240/f_auto,q_auto:eco/images/cms/banners/dPDP_Fresh_Graphic2_2025_003en-us.jpg",
"Toniiq, NMNH, Ultra High Purity, 60 Capsules (125 mg per Capsule)","₨16,595.65","https://cloudinary.images-iherb.com/image/upload/f_auto,q_auto:eco/images/tnq/tnq38948/r/8.jpg,https://cloudinary.images-iherb.com/image/upload/f_auto,q_auto:eco/images/tnq/tnq38948/r/13.jpg,https://cloudinary.images-iherb.com/image/upload/w_240/f_auto,q_auto:eco/images/cms/banners/dPDP_Authenticity_Graphic2_2025_009en-us.jpg,https://cloudinary.images-iherb.com/image/upload/w_240/f_auto,q_auto:eco/images/cms/banners/dPDP_Fresh_Graphic2_2025_003en-us.jpg,https://cloudinary.images-iherb.com/image/upload/f_auto,q_auto:eco/images/tnq/tnq38948/r/8.jpg",
"Codeage, Liposomal Spermidine NAD+, 30 Vegetable Capsules",,"https://cloudinary.images-iherb.com/image/upload/f_auto,q_auto:eco/images/age/age81589/r/8.jpg,https://cloudinary.images-iherb.com/image/upload/f_auto,q_auto:eco/images/age/age81589/r/16.jpg,https://cloudinary.images-iherb.com/image/upload/w_240/f_auto,q_auto:eco/images/cms/banners/dPDP_Authenticity_Graphic2_2025_009en-us.jpg,https://cloudinary.images-iherb.com/image/upload/w_240/f_auto,q_auto:eco/images/cms/banners/dPDP_Fresh_Graphic2_2025_003en-us.jpg,https://cloudinary.images-iherb.com/image/upload/f_auto,q_auto:eco/images/age/age81589/r/8.jpg",
"BioEmblem, NAD+ , 45 Veggie Caps","₨9,668.02","https://cloudinary.images-iherb.com/image/upload/f_auto,q_auto:eco/images/bim/bim82022/r/8.jpg,https://cloudinary.images-iherb.com/image/upload/f_auto,q_auto:eco/images/bim/bim82022/r/13.jpg,https://cloudinary.images-iherb.com/image/upload/w_240/f_auto,q_auto:eco/images/cms/banners/dPDP_Authenticity_Graphic2_2025_009en-us.jpg,https://cloudinary.images-iherb.com/image/upload/w_240/f_auto,q_auto:eco/images/cms/banners/dPDP_Fresh_Graphic2_2025_003en-us.jpg,https://cloudinary.images-iherb.com/image/upload/f_auto,q_auto:eco/images/bim/bim82022/r/8.jpg",
"Ageless Foundation Laboratories, NMN, 500 mg, 90 Veg Capsules","₨23,561.71","https://cloudinary.images-iherb.com/image/upload/f_auto,q_auto:eco/images/nat/nat32118/r/20.jpg,https://cloudinary.images-iherb.com/image/upload/f_auto,q_auto:eco/images/nat/nat32118/r/22.jpg,https://cloudinary.images-iherb.com/image/upload/f_auto,q_auto:eco/images/nat/nat32118/r/12.jpg,https://cloudinary.images-iherb.com/image/upload/w_240/f_auto,q_auto:eco/images/cms/banners/dPDP_Authenticity_Graphic2_2025_009en-us.jpg,https://cloudinary.images-iherb.com/image/upload/w_240/f_auto,q_auto:eco/images/cms/banners/dPDP_Fresh_Graphic2_2025_003en-us.jpg",
"Aurora Nutrascience, Mega-Liposomal™ NAD+,Resveratrol, Organic Fruit, 16 fl oz (480 ml)","₨21,341.33","https://cloudinary.images-iherb.com/image/upload/f_auto,q_auto:eco/images/aun/aun64823/r/24.jpg,https://cloudinary.images-iherb.com/image/upload/f_auto,q_auto:eco/images/aun/aun64823/r/28.jpg,https://cloudinary.images-iherb.com/image/upload/w_240/f_auto,q_auto:eco/images/cms/banners/dPDP_Authenticity_Graphic2_2025_009en-us.jpg,https://cloudinary.images-iherb.com/image/upload/w_240/f_auto,q_auto:eco/images/cms/banners/dPDP_Fresh_Graphic2_2025_003en-us.jpg,https://cloudinary.images-iherb.com/image/upload/f_auto,q_auto:eco/images/aun/aun64823/r/24.jpg",
"Codeage, Liposomal NMN, 30 Capsules",,"https://cloudinary.images-iherb.com/image/upload/f_auto,q_auto:eco/images/age/age12182/r/41.jpg,https://cloudinary.images-iherb.com/image/upload/f_auto,q_auto:eco/images/age/age12182/r/49.jpg,https://cloudinary.images-iherb.com/image/upload/w_240/f_auto,q_auto:eco/images/cms/banners/dPDP_Authenticity_Graphic2_2025_009en-us.jpg,https://cloudinary.images-iherb.com/image/upload/w_240/f_auto,q_auto:eco/images/cms/banners/dPDP_Fresh_Graphic2_2025_003en-us.jpg,https://cloudinary.images-iherb.com/image/upload/f_auto,q_auto:eco/images/age/age12182/r/41.jpg",
"Vitamatic, NAD+, 60 Capsules",,"https://cloudinary.images-iherb.com/image/upload/f_auto,q_auto:eco/images/vmc/vmc47635/r/8.jpg,https://cloudinary.images-iherb.com/image/upload/f_auto,q_auto:eco/images/vmc/vmc47635/r/14.jpg,https://cloudinary.images-iherb.com/image/upload/w_240/f_auto,q_auto:eco/images/cms/banners/dPDP_Authenticity_Graphic2_2025_009en-us.jpg,https://cloudinary.images-iherb.com/image/upload/w_240/f_auto,q_auto:eco/images/cms/banners/dPDP_Fresh_Graphic2_2025_003en-us.jpg,https://cloudinary.images-iherb.com/image/upload/f_auto,q_auto:eco/images/vmc/vmc47635/r/8.jpg",
"Swisse, NAD + Beauty Restore, 30 Capsules","₨15,142.45","https://cloudinary.images-iherb.com/image/upload/f_auto,q_auto:eco/images/sww/sww85823/r/8.jpg,https://cloudinary.images-iherb.com/image/upload/f_auto,q_auto:eco/images/sww/sww85823/r/14.jpg,https://cloudinary.images-iherb.com/image/upload/w_240/f_auto,q_auto:eco/images/cms/banners/dPDP_Authenticity_Graphic2_2025_009en-us.jpg,https://cloudinary.images-iherb.com/image/upload/w_240/f_auto,q_auto:eco/images/cms/banners/dPDP_Fresh_Graphic2_2025_003en-us.jpg,https://cloudinary.images-iherb.com/image/upload/f_auto,q_auto:eco/images/sww/sww85823/r/8.jpg",
"Toniiq, NMN 1200, 60 Capsules (600 mg per Capsule)",,"https://cloudinary.images-iherb.com/image/upload/f_auto,q_auto:eco/images/tnq/tnq99934/r/8.jpg,https://cloudinary.images-iherb.com/image/upload/f_auto,q_auto:eco/images/tnq/tnq99934/r/13.jpg,https://cloudinary.images-iherb.com/image/upload/w_240/f_auto,q_auto:eco/images/cms/banners/dPDP_Authenticity_Graphic2_2025_009en-us.jpg,https://cloudinary.images-iherb.com/image/upload/w_240/f_auto,q_auto:eco/images/cms/banners/dPDP_Fresh_Graphic2_2025_003en-us.jpg,https://cloudinary.images-iherb.com/image/upload/f_auto,q_auto:eco/images/tnq/tnq99934/r/8.jpg",
"Ageless Foundation Laboratories, NAD+ Boost, 30 Veg Capsules","₨9,134.99","https://cloudinary.images-iherb.com/image/upload/f_auto,q_auto:eco/images/nat/nat78998/r/20.jpg,https://cloudinary.images-iherb.com/image/upload/f_auto,q_auto:eco/images/nat/nat78998/r/22.jpg,https://cloudinary.images-iherb.com/image/upload/f_auto,q_auto:eco/images/nat/nat78998/r/12.jpg,https://cloudinary.images-iherb.com/image/upload/w_240/f_auto,q_auto:eco/images/cms/banners/dPDP_Authenticity_Graphic2_2025_009en-us.jpg,https://cloudinary.images-iherb.com/image/upload/w_240/f_auto,q_auto:eco/images/cms/banners/dPDP_Fresh_Graphic2_2025_003en-us.jpg",
"Aurora Nutrascience, Liposomal NAD+/Resveratrol, 32 Packets, 0.68 fl oz (20 ml) Each","₨22,867.45","https://cloudinary.images-iherb.com/image/upload/f_auto,q_auto:eco/images/aun/aun20030/r/19.jpg,https://cloudinary.images-iherb.com/image/upload/f_auto,q_auto:eco/images/aun/aun20030/r/18.jpg,https://cloudinary.images-iherb.com/image/upload/f_auto,q_auto:eco/images/aun/aun20030/r/20.jpg,https://cloudinary.images-iherb.com/image/upload/w_240/f_auto,q_auto:eco/images/cms/banners/dPDP_Authenticity_Graphic2_2025_009en-us.jpg,https://cloudinary.images-iherb.com/image/upload/w_240/f_auto,q_auto:eco/images/cms/banners/dPDP_Fresh_Graphic2_2025_003en-us.jpg",
"Probase Nutrition, NMN Powder , 1.4 oz (40 g)",,"https://cloudinary.images-iherb.com/image/upload/f_auto,q_auto:eco/images/pba/pba58260/r/16.jpg,https://cloudinary.images-iherb.com/image/upload/f_auto,q_auto:eco/images/pba/pba58260/r/22.jpg,https://cloudinary.images-iherb.com/image/upload/w_240/f_auto,q_auto:eco/images/cms/banners/dPDP_Authenticity_Graphic2_2025_009en-us.jpg,https://cloudinary.images-iherb.com/image/upload/w_240/f_auto,q_auto:eco/images/cms/banners/dPDP_Fresh_Graphic2_2025_003en-us.jpg,https://cloudinary.images-iherb.com/image/upload/f_auto,q_auto:eco/images/pba/pba58260/r/16.jpg",
"CATALO, NMN 18000 Youth Rejuvenator, Supreme Strength, 60 Capsules","₨56,239.50","https://cloudinary.images-iherb.com/image/upload/f_auto,q_auto:eco/images/cat/cat02903/r/20.jpg,https://cloudinary.images-iherb.com/image/upload/f_auto,q_auto:eco/images/cat/cat02903/r/23.jpg,https://cloudinary.images-iherb.com/image/upload/f_auto,q_auto:eco/images/cat/cat02903/r/12.jpg,https://cloudinary.images-iherb.com/image/upload/w_240/f_auto,q_auto:eco/images/cms/banners/dPDP_Authenticity_Graphic2_2025_009en-us.jpg,https://cloudinary.images-iherb.com/image/upload/w_240/f_auto,q_auto:eco/images/cms/banners/dPDP_Fresh_Graphic2_2025_003en-us.jpg",
"Dr. Emil Nutrition, NMN, 400 mg, 30 Capsules","₨19,247.79","https://cloudinary.images-iherb.com/image/upload/f_auto,q_auto:eco/images/dem/dem95667/r/8.jpg,https://cloudinary.images-iherb.com/image/upload/f_auto,q_auto:eco/images/dem/dem95667/r/13.jpg,https://cloudinary.images-iherb.com/image/upload/w_240/f_auto,q_auto:eco/images/cms/banners/dPDP_Authenticity_Graphic2_2025_009en-us.jpg,https://cloudinary.images-iherb.com/image/upload/w_240/f_auto,q_auto:eco/images/cms/banners/dPDP_Fresh_Graphic2_2025_003en-us.jpg,https://cloudinary.images-iherb.com/image/upload/f_auto,q_auto:eco/images/dem/dem95667/r/8.jpg",
"Source Naturals, NAD+, Coenzymated B-3, 30 Lozenges",,"https://cloudinary.images-iherb.com/image/upload/f_auto,q_auto:eco/images/sns/sns00936/r/8.jpg,https://cloudinary.images-iherb.com/image/upload/f_auto,q_auto:eco/images/sns/sns00936/r/13.jpg,https://cloudinary.images-iherb.com/image/upload/w_240/f_auto,q_auto:eco/images/cms/banners/dPDP_Authenticity_Graphic2_2025_009en-us.jpg,https://cloudinary.images-iherb.com/image/upload/w_240/f_auto,q_auto:eco/images/cms/banners/dPDP_Fresh_Graphic2_2025_003en-us.jpg,https://cloudinary.images-iherb.com/image/upload/f_auto,q_auto:eco/images/sns/sns00936/r/8.jpg",
"Divine Health, Dr. Colbert M.D., NAD+, Lemon Lime , 1.69 oz (48 g)","₨8,106.98","https://cloudinary.images-iherb.com/image/upload/f_auto,q_auto:eco/images/dvh/dvh00805/r/8.jpg,https://cloudinary.images-iherb.com/image/upload/f_auto,q_auto:eco/images/dvh/dvh00805/r/13.jpg,https://cloudinary.images-iherb.com/image/upload/w_240/f_auto,q_auto:eco/images/cms/banners/dPDP_Authenticity_Graphic2_2025_009en-us.jpg,https://cloudinary.images-iherb.com/image/upload/w_240/f_auto,q_auto:eco/images/cms/banners/dPDP_Fresh_Graphic2_2025_003en-us.jpg,https://cloudinary.images-iherb.com/image/upload/f_auto,q_auto:eco/images/dvh/dvh00805/r/8.jpg",
"ProHealth Longevity, NR Pro Powder 1000, Tropical Fruit, 5 oz (144 g)","₨16,238.02","https://cloudinary.images-iherb.com/image/upload/f_auto,q_auto:eco/images/phv/phv16150/r/8.jpg,https://cloudinary.images-iherb.com/image/upload/f_auto,q_auto:eco/images/phv/phv16150/r/13.jpg,https://cloudinary.images-iherb.com/image/upload/w_240/f_auto,q_auto:eco/images/cms/banners/dPDP_Authenticity_Graphic2_2025_009en-us.jpg,https://cloudinary.images-iherb.com/image/upload/w_240/f_auto,q_auto:eco/images/cms/banners/dPDP_Fresh_Graphic2_2025_003en-us.jpg,https://cloudinary.images-iherb.com/image/upload/f_auto,q_auto:eco/images/phv/phv16150/r/8.jpg",
"Swanson, NMN + Beet Root Complex, 30 Vegan Capsules","₨13,276.67","https://cloudinary.images-iherb.com/image/upload/f_auto,q_auto:eco/images/swv/swv11922/r/8.jpg,https://cloudinary.images-iherb.com/image/upload/f_auto,q_auto:eco/images/swv/swv11922/r/10.jpg,https://cloudinary.images-iherb.com/image/upload/w_240/f_auto,q_auto:eco/images/cms/banners/dPDP_Authenticity_Graphic2_2025_009en-us.jpg,https://cloudinary.images-iherb.com/image/upload/w_240/f_auto,q_auto:eco/images/cms/banners/dPDP_Fresh_Graphic2_2025_003en-us.jpg,https://cloudinary.images-iherb.com/image/upload/f_auto,q_auto:eco/images/swv/swv11922/r/8.jpg",
"Hi Tech Pharmaceuticals, NMN, 250 mg, 60 Tablets","₨14,976.24","https://cloudinary.images-iherb.com/image/upload/f_auto,q_auto:eco/images/htp/htp02724/r/12.jpg,https://cloudinary.images-iherb.com/image/upload/f_auto,q_auto:eco/images/htp/htp02724/r/17.jpg,https://cloudinary.images-iherb.com/image/upload/w_240/f_auto,q_auto:eco/images/cms/banners/dPDP_Authenticity_Graphic2_2025_009en-us.jpg,https://cloudinary.images-iherb.com/image/upload/w_240/f_auto,q_auto:eco/images/cms/banners/dPDP_Fresh_Graphic2_2025_003en-us.jpg,https://cloudinary.images-iherb.com/image/upload/f_auto,q_auto:eco/images/htp/htp02724/r/12.jpg",
"Probase Nutrition, NMN, 500 mg, 60 Capsules","₨16,043.99","https://cloudinary.images-iherb.com/image/upload/f_auto,q_auto:eco/images/pba/pba58266/r/16.jpg,https://cloudinary.images-iherb.com/image/upload/f_auto,q_auto:eco/images/pba/pba58266/r/19.jpg,https://cloudinary.images-iherb.com/image/upload/w_240/f_auto,q_auto:eco/images/cms/banners/dPDP_Authenticity_Graphic2_2025_009en-us.jpg,https://cloudinary.images-iherb.com/image/upload/w_240/f_auto,q_auto:eco/images/cms/banners/dPDP_Fresh_Graphic2_2025_003en-us.jpg,https://cloudinary.images-iherb.com/image/upload/f_auto,q_auto:eco/images/pba/pba58266/r/16.jpg",
"ProHealth Longevity, Nicotinamide Riboside Pro 300, 300 mg, 30 Capsules",,"https://cloudinary.images-iherb.com/image/upload/f_auto,q_auto:eco/images/phv/phv77944/r/24.jpg,https://cloudinary.images-iherb.com/image/upload/f_auto,q_auto:eco/images/phv/phv77944/r/27.jpg,https://cloudinary.images-iherb.com/image/upload/w_240/f_auto,q_auto:eco/images/cms/banners/dPDP_Authenticity_Graphic2_2025_009en-us.jpg,https://cloudinary.images-iherb.com/image/upload/w_240/f_auto,q_auto:eco/images/cms/banners/dPDP_Fresh_Graphic2_2025_003en-us.jpg,https://cloudinary.images-iherb.com/image/upload/f_auto,q_auto:eco/images/phv/phv77944/r/24.jpg",
"Neurogan Health, NMN, Mint, 300 Tablets (100 mg per Tablet)","₨13,561.36","https://cloudinary.images-iherb.com/image/upload/f_auto,q_auto:eco/images/neg/neg55137/r/8.jpg,https://cloudinary.images-iherb.com/image/upload/f_auto,q_auto:eco/images/neg/neg55137/r/13.jpg,https://cloudinary.images-iherb.com/image/upload/w_240/f_auto,q_auto:eco/images/cms/banners/dPDP_Authenticity_Graphic2_2025_009en-us.jpg,https://cloudinary.images-iherb.com/image/upload/w_240/f_auto,q_auto:eco/images/cms/banners/dPDP_Fresh_Graphic2_2025_003en-us.jpg,https://cloudinary.images-iherb.com/image/upload/f_auto,q_auto:eco/images/neg/neg55137/r/8.jpg","Description
Nicotinamide Mononucleotide 
30,000 mg Total NMN
500 mg NMN Per Serving
Vegan
GMP 
Manufactured in a FDA Registered Facility 
NAD+ is an essential metabolite that declines as you age. Nicotinamide Mononucleotide (NMN) is a naturally occurring compound that has been found to be orally bioavailable, and to support NAD+ levels within liver and muscle tissue.
Neurogan NMN Tablets contains powerful Nicotinamide Mononucleotide and other rich nutrients that support your NAD Levels so your body gets the boost it needs to reduce the signs of aging.
Suggested use
Take 1 to 2 serving per day. Chew carefully for 20-40 seconds and let it dissolve in your mouth before swallowing.
Other ingredients
Magnesium stearate, microcrystalline cellulose, dicalcium phosphate, silicon dioxide, powder sugar, fructose, peppermint powder, and pectin.
Warnings
Use only as directed. Consult your physician before use if you are pregnant or nursing, have serious medical condition, or use prescription medications. For adult use only. Keep out of reach of children.
Disclaimer
While iHerb strives to ensure the accuracy of its product images and information, some manufacturing changes to packaging and/or ingredients may be pending update on our site. Although items may occasionally ship with alternate packaging, freshness is always guaranteed. We recommend that you read labels, warnings and directions of all products before use and not rely solely on the information provided by iHerb."
"Ageless Foundation Laboratories, NMN, 500 mg, 30 Veg Capsules","₨11,794.53","https://cloudinary.images-iherb.com/image/upload/f_auto,q_auto:eco/images/nat/nat32117/r/20.jpg,https://cloudinary.images-iherb.com/image/upload/f_auto,q_auto:eco/images/nat/nat32117/r/22.jpg,https://cloudinary.images-iherb.com/image/upload/f_auto,q_auto:eco/images/nat/nat32117/r/12.jpg,https://cloudinary.images-iherb.com/image/upload/w_240/f_auto,q_auto:eco/images/cms/banners/dPDP_Authenticity_Graphic2_2025_009en-us.jpg,https://cloudinary.images-iherb.com/image/upload/w_240/f_auto,q_auto:eco/images/cms/banners/dPDP_Fresh_Graphic2_2025_003en-us.jpg",
"Probase Nutrition, NMNH, 60 Capsules (125 mg per Capsule)","₨17,080.05","https://cloudinary.images-iherb.com/image/upload/f_auto,q_auto:eco/images/pba/pba69760/r/16.jpg,https://cloudinary.images-iherb.com/image/upload/f_auto,q_auto:eco/images/pba/pba69760/r/21.jpg,https://cloudinary.images-iherb.com/image/upload/w_240/f_auto,q_auto:eco/images/cms/banners/dPDP_Authenticity_Graphic2_2025_009en-us.jpg,https://cloudinary.images-iherb.com/image/upload/w_240/f_auto,q_auto:eco/images/cms/banners/dPDP_Fresh_Graphic2_2025_003en-us.jpg,https://cloudinary.images-iherb.com/image/upload/f_auto,q_auto:eco/images/pba/pba69760/r/16.jpg",
"Primaforce, NMN, 60 Capsules (250 mg per Capsule)",,"https://cloudinary.images-iherb.com/image/upload/f_auto,q_auto:eco/images/pmf/pmf02147/r/8.jpg,https://cloudinary.images-iherb.com/image/upload/f_auto,q_auto:eco/images/pmf/pmf02147/r/13.jpg,https://cloudinary.images-iherb.com/image/upload/w_240/f_auto,q_auto:eco/images/cms/banners/dPDP_Authenticity_Graphic2_2025_009en-us.jpg,https://cloudinary.images-iherb.com/image/upload/w_240/f_auto,q_auto:eco/images/cms/banners/dPDP_Fresh_Graphic2_2025_003en-us.jpg,https://cloudinary.images-iherb.com/image/upload/f_auto,q_auto:eco/images/pmf/pmf02147/r/8.jpg",
"DaVinci Laboratories, NAD + Activate with Glutathione, 60 Capsules",,"https://cloudinary.images-iherb.com/image/upload/f_auto,q_auto:eco/images/dvi/dvi01931/r/8.jpg,https://cloudinary.images-iherb.com/image/upload/f_auto,q_auto:eco/images/dvi/dvi01931/r/14.jpg,https://cloudinary.images-iherb.com/image/upload/w_240/f_auto,q_auto:eco/images/cms/banners/dPDP_Authenticity_Graphic2_2025_009en-us.jpg,https://cloudinary.images-iherb.com/image/upload/w_240/f_auto,q_auto:eco/images/cms/banners/dPDP_Fresh_Graphic2_2025_003en-us.jpg,https://cloudinary.images-iherb.com/image/upload/f_auto,q_auto:eco/images/dvi/dvi01931/r/8.jpg",
"LifeSeasons, Therapeutics, Men's Multivitamin, High Potency, 120 Veg Capsules","₨15,128.18","https://cloudinary.images-iherb.com/image/upload/f_auto,q_auto:eco/images/lse/lse44231/r/8.jpg,https://cloudinary.images-iherb.com/image/upload/f_auto,q_auto:eco/images/lse/lse44231/r/14.jpg,https://cloudinary.images-iherb.com/image/upload/f_auto,q_auto:eco/images/lse/lse44231/r/12.jpg,https://cloudinary.images-iherb.com/image/upload/w_240/f_auto,q_auto:eco/images/cms/banners/dPDP_Authenticity_Graphic2_2025_009en-us.jpg,https://cloudinary.images-iherb.com/image/upload/w_240/f_auto,q_auto:eco/images/cms/banners/dPDP_Fresh_Graphic2_2025_003en-us.jpg",
"Swisse, Plus, NAD+ Calm Skin, 30 Capsules","₨15,156.32","https://cloudinary.images-iherb.com/image/upload/f_auto,q_auto:eco/images/sww/sww85824/r/8.jpg,https://cloudinary.images-iherb.com/image/upload/f_auto,q_auto:eco/images/sww/sww85824/r/14.jpg,https://cloudinary.images-iherb.com/image/upload/w_240/f_auto,q_auto:eco/images/cms/banners/dPDP_Authenticity_Graphic2_2025_009en-us.jpg,https://cloudinary.images-iherb.com/image/upload/w_240/f_auto,q_auto:eco/images/cms/banners/dPDP_Fresh_Graphic2_2025_003en-us.jpg,https://cloudinary.images-iherb.com/image/upload/f_auto,q_auto:eco/images/sww/sww85824/r/8.jpg",
"ProHealth Longevity, NMN Pro Complete Powder, 37.5 g",,"https://cloudinary.images-iherb.com/image/upload/f_auto,q_auto:eco/images/phv/phv41059/r/24.jpg,https://cloudinary.images-iherb.com/image/upload/f_auto,q_auto:eco/images/phv/phv41059/r/27.jpg,https://cloudinary.images-iherb.com/image/upload/w_240/f_auto,q_auto:eco/images/cms/banners/dPDP_Authenticity_Graphic2_2025_009en-us.jpg,https://cloudinary.images-iherb.com/image/upload/w_240/f_auto,q_auto:eco/images/cms/banners/dPDP_Fresh_Graphic2_2025_003en-us.jpg,https://cloudinary.images-iherb.com/image/upload/f_auto,q_auto:eco/images/phv/phv41059/r/24.jpg",
"Pure Encapsulations, NR Longevity™, 60 Capsules",,"https://cloudinary.images-iherb.com/image/upload/f_auto,q_auto:eco/images/pes/pes02580/r/8.jpg,https://cloudinary.images-iherb.com/image/upload/f_auto,q_auto:eco/images/pes/pes02580/r/16.jpg,https://cloudinary.images-iherb.com/image/upload/w_240/f_auto,q_auto:eco/images/cms/banners/dPDP_Authenticity_Graphic2_2025_009en-us.jpg,https://cloudinary.images-iherb.com/image/upload/w_240/f_auto,q_auto:eco/images/cms/banners/dPDP_Fresh_Graphic2_2025_003en-us.jpg,https://cloudinary.images-iherb.com/image/upload/f_auto,q_auto:eco/images/pes/pes02580/r/8.jpg",
