Name,Price,Images,Details
"Drop It Sulfite & Tannin Reducer for Wine, 100% Natural",Starting at $9.88,"https://www.instacart.com/image-server/272x272/www.instacart.com/assets/domains/product-image/file/large_75b95dcd-68f2-4c1b-ac87-b1dc863ec5f0.png, https://www.instacart.com/image-server/272x272/www.instacart.com/assets/domains/product-image/file/large_856730d3-1460-41f7-b811-2a510ab9af9c.png","Stop wine headaches. No preservatives. Why Choose Drop It: Some products on the market treat only sulfites in wines for headaches. However, Drop It also binds to the tannins in wine which are also suspected to cause headaches. Tannins in young wines can cause an astringency or the tactile drying sensation and sense of bitterness they can leave in the mouth. Drop It will slightly smooth out the astringency while not changing the taste of the wine., • Natural, • No Preservatives/No Artificial Preservatives, • No Artificial Sweeteners, • No Artificial Flavors, • No Artificial Colors, • Soy Free, • Gluten Free"
Distributed Consumables Gin & Tonic Infusion Bottle,Starting at $14.59,https://www.instacart.com/image-server/272x272/www.instacart.com/assets/domains/product-image/file/large_edce3925-89ff-4c86-8152-e5165d141779.jpg,"Reuse the bottle & pourer system with rokz infusion flavor packs – delicious blends for all your favorite spirits., 1. Add one pint (2 cups) gin, 2. Steep for 2 – 4 days (swirl daily), 3. Make G&Ts!, • 16 oz (473 mL) bottles with natural ingredients, • Infuse vodka, rum, tequila, and gin, • Screened pourer, • PKG: tag"
BarkLogic Beer Line Cleaner,Starting at $13.17,https://www.instacart.com/image-server/272x272/www.instacart.com/assets/domains/product-image/file/large_f5510b2e-0c85-44ea-aca5-7cf25a8eedd6.jpg
Canlzo Eco-Friendly Fire,Starting at $2.29,https://www.instacart.com/image-server/272x272/www.instacart.com/assets/domains/product-image/file/large_0ac9b52f-1493-4c73-be47-adf09c5a2439.jpg
KIBELA Vinobran,,https://www.instacart.com/image-server/272x272/www.instacart.com/assets/domains/product-image/file/large_e9982162-2057-425a-b28a-46fc9f13b92b.jpg
Ferment'n Home Fermentation Kit,,https://www.instacart.com/image-server/272x272/www.instacart.com/assets/domains/product-image/file/large_b19e9384-c3d8-4cd1-8aee-0999f462ff20.jpg
"Mr Beer Home Beer Kit, Premium Edition",Starting at $61.09,https://www.instacart.com/image-server/272x272/www.instacart.com/assets/domains/product-image/file/large_bd76f5de-3cde-4d09-8f7c-55333316aef3.jpg,"Malted Two Row Barley, Maltodextrins, Hops, Hop Extract, Water and Yeast."
Brooklyn Brew Shop Afternoon Wheat Beer Making Mix,,https://www.instacart.com/image-server/272x272/www.instacart.com/assets/domains/product-image/file/large_65feb62d-e82b-41f0-bf3e-8986e94382eb.jpg
Brooklyn Brew Shop Beer Making Kit: Everyday Ipa,,https://www.instacart.com/image-server/272x272/www.instacart.com/assets/domains/product-image/file/large_ad5b95fa-4ce2-4484-98fa-17c5519a92d3.jpg
Brooklyn Brew Shop Brew Kit Bruxelles Blonde,,https://www.instacart.com/image-server/272x272/www.instacart.com/assets/domains/product-image/file/large_2259d7ec-4549-46bf-b1bd-f06de429267d.jpg
Diastatic Malt Powder,,https://www.instacart.com/image-server/272x272/www.instacart.com/assets/domains/product-image/file/large_75747d07-7b4d-4698-9e91-a725a1f5d6dc.jpg
Brooklyn Brew Shop Bruxelles Blonde Beer Making Mix,,https://www.instacart.com/image-server/272x272/www.instacart.com/assets/domains/product-image/file/large_974cb8a5-e36a-42b0-b1af-095a3eff352d.jpg
True Tanked 64oz Growler Keg,,"https://www.instacart.com/image-server/272x272/www.instacart.com/assets/domains/product-image/file/large_5353699d-bc81-4449-a990-93ee067511d2.jpg, https://www.instacart.com/image-server/272x272/www.instacart.com/assets/domains/product-image/file/large_f4418e23-36cb-41a7-9917-a2fe05e4a4c0.jpg, https://www.instacart.com/image-server/272x272/www.instacart.com/assets/domains/product-image/file/large_6a3f1165-777f-410f-8a86-f4be5409448d.jpg","Get your hands on a gift that any beer lover would buy! The Tanked Growler Keg is a tour de force, outfitted with dual handles, an airtight rubber gasket and a durable stainless steel frame. At a capacious 64-ounces, it guarantees the safekeeping of any beverage - from home-brewed beer to an ale chosen straight from the still., • Holds 64 oz, • Fill up at your favorite brewery, • Small enough to fit into your fridge, • Rubber seal keeps beer fresh for longer, • Great gift for any beer lover"
