Product Name,Price,Color,Image URLs,Highlights,Specifications
"Men's Bright Yellow Golf Sneakers, Lightweight Design, Breathable Material for Summer Golf Outings",$69.99,Yellow,"https://litb-cgis.rightinthebox.com/images/170x170/202503/bps/product/inc/czkfmc1742555140917.jpg,https://litb-cgis.rightinthebox.com/images/170x170/202503/bps/product/inc/uzxfan1742555139894.jpg,https://litb-cgis.rightinthebox.com/images/170x170/202503/bps/product/inc/fizfur1742555134795.jpg,https://litb-cgis.rightinthebox.com/images/170x170/202503/bps/product/inc/uweoga1742555135896.jpg","['- High-quality microfiber upper for durability and style', '- Breathable mesh lining for added comfort', '- Superior materials for long-lasting performance', '- Stylish design with a focus on both functionality and fashion']",
"Men's Bright Yellow Golf Sneakers, Lightweight Design, Breathable Material for Summer Golf Outings",$69.99,Blue,"https://litb-cgis.rightinthebox.com/images/170x170/202503/bps/product/inc/czkfmc1742555140917.jpg,https://litb-cgis.rightinthebox.com/images/170x170/202503/bps/product/inc/uzxfan1742555139894.jpg,https://litb-cgis.rightinthebox.com/images/170x170/202503/bps/product/inc/fizfur1742555134795.jpg,https://litb-cgis.rightinthebox.com/images/170x170/202503/bps/product/inc/uweoga1742555135896.jpg","['- High-quality microfiber upper for durability and style', '- Breathable mesh lining for added comfort', '- Superior materials for long-lasting performance', '- Stylish design with a focus on both functionality and fashion']",
"Men's Bright Yellow Golf Sneakers, Lightweight Design, Breathable Material for Summer Golf Outings",$69.99,Green,"https://litb-cgis.rightinthebox.com/images/170x170/202503/bps/product/inc/czkfmc1742555140917.jpg,https://litb-cgis.rightinthebox.com/images/170x170/202503/bps/product/inc/uzxfan1742555139894.jpg,https://litb-cgis.rightinthebox.com/images/170x170/202503/bps/product/inc/fizfur1742555134795.jpg,https://litb-cgis.rightinthebox.com/images/170x170/202503/bps/product/inc/uweoga1742555135896.jpg","['- High-quality microfiber upper for durability and style', '- Breathable mesh lining for added comfort', '- Superior materials for long-lasting performance', '- Stylish design with a focus on both functionality and fashion']",
"Men's Bright Yellow Golf Sneakers, Lightweight Design, Breathable Material for Summer Golf Outings",$69.99,Black / White,"https://litb-cgis.rightinthebox.com/images/170x170/202503/bps/product/inc/czkfmc1742555140917.jpg,https://litb-cgis.rightinthebox.com/images/170x170/202503/bps/product/inc/uzxfan1742555139894.jpg,https://litb-cgis.rightinthebox.com/images/170x170/202503/bps/product/inc/fizfur1742555134795.jpg,https://litb-cgis.rightinthebox.com/images/170x170/202503/bps/product/inc/uweoga1742555135896.jpg","['- High-quality microfiber upper for durability and style', '- Breathable mesh lining for added comfort', '- Superior materials for long-lasting performance', '- Stylish design with a focus on both functionality and fashion']",
Women’s Lightweight Golf Shoes – Modern Sports Trainers with Pink Accents for Daily Golf Practice and Summer Outdoor Activities,$69.99,Pink / White,"https://litb-cgis.rightinthebox.com/images/170x226/202506/bps/product/inc/mvduir1750934919576.jpg,https://litb-cgis.rightinthebox.com/images/170x226/202506/bps/product/inc/spubcf1750934917934.jpg,https://litb-cgis.rightinthebox.com/images/170x226/202506/bps/product/inc/datzxp1750934915986.jpg,https://litb-cgis.rightinthebox.com/images/170x226/202506/bps/product/inc/syalcx1750934921179.jpg",,"[""Gender: Women's"", 'Category: Sneakers', 'Style: Sporty, Casual, Comfort', 'Occasion: Outdoor', 'Activity: Golf', 'Toe Shape: Round Toe', 'Upper Materials: Microfiber, Microbial Leather', 'Outsole Materials: Rubber, EVA', 'Platform Height (inch): 4.14', 'Pattern: Color Block, Camouflage', 'Function: Non-Slip, Shockproof, Breathable, Wear-Resistant', 'Closure Type: Elastic Band', 'Strap Type: Adjustable Strap', 'Heel Type: Flat Heel']"
Women’s Lightweight Golf Shoes – Modern Sports Trainers with Pink Accents for Daily Golf Practice and Summer Outdoor Activities,$69.99,White / Blue,"https://litb-cgis.rightinthebox.com/images/170x226/202506/bps/product/inc/mvduir1750934919576.jpg,https://litb-cgis.rightinthebox.com/images/170x226/202506/bps/product/inc/spubcf1750934917934.jpg,https://litb-cgis.rightinthebox.com/images/170x226/202506/bps/product/inc/datzxp1750934915986.jpg,https://litb-cgis.rightinthebox.com/images/170x226/202506/bps/product/inc/syalcx1750934921179.jpg",,"[""Gender: Women's"", 'Category: Sneakers', 'Style: Sporty, Casual, Comfort', 'Occasion: Outdoor', 'Activity: Golf', 'Toe Shape: Round Toe', 'Upper Materials: Microfiber, Microbial Leather', 'Outsole Materials: Rubber, EVA', 'Platform Height (inch): 4.14', 'Pattern: Color Block, Camouflage', 'Function: Non-Slip, Shockproof, Breathable, Wear-Resistant', 'Closure Type: Elastic Band', 'Strap Type: Adjustable Strap', 'Heel Type: Flat Heel']"
Women’s Lightweight Golf Shoes – Modern Sports Trainers with Pink Accents for Daily Golf Practice and Summer Outdoor Activities,$69.99,Gray,"https://litb-cgis.rightinthebox.com/images/170x226/202506/bps/product/inc/mvduir1750934919576.jpg,https://litb-cgis.rightinthebox.com/images/170x226/202506/bps/product/inc/spubcf1750934917934.jpg,https://litb-cgis.rightinthebox.com/images/170x226/202506/bps/product/inc/datzxp1750934915986.jpg,https://litb-cgis.rightinthebox.com/images/170x226/202506/bps/product/inc/syalcx1750934921179.jpg",,"[""Gender: Women's"", 'Category: Sneakers', 'Style: Sporty, Casual, Comfort', 'Occasion: Outdoor', 'Activity: Golf', 'Toe Shape: Round Toe', 'Upper Materials: Microfiber, Microbial Leather', 'Outsole Materials: Rubber, EVA', 'Platform Height (inch): 4.14', 'Pattern: Color Block, Camouflage', 'Function: Non-Slip, Shockproof, Breathable, Wear-Resistant', 'Closure Type: Elastic Band', 'Strap Type: Adjustable Strap', 'Heel Type: Flat Heel']"
"Women's Sleek Golf Shoes - Waterproof with Soft Spike Technology, Perfect for Enhancing Swing Stability",$59.99,,"https://litb-cgis.rightinthebox.com/images/170x226/202503/bps/product/inc/mmmzhf1741345191893.jpg,https://litb-cgis.rightinthebox.com/images/170x226/202503/bps/product/inc/rwuvoh1741345194554.jpg,https://litb-cgis.rightinthebox.com/images/170x226/202503/bps/product/inc/ppxmip1741345196490.jpg,https://litb-cgis.rightinthebox.com/images/170x226/202503/bps/product/inc/txameg1741345198039.jpg","['- High-Quality Microbial Leather Upper', '- Stylish Round Toe Shape', '- Durable Rubber Outsole', '- Comfortable MD (Phylon) Outsole materials']",
"Women's Sleek Golf Shoes - Waterproof with Soft Spike Technology, Perfect for Enhancing Swing Stability",$59.99,Pink / White,"https://litb-cgis.rightinthebox.com/images/170x226/202503/bps/product/inc/mmmzhf1741345191893.jpg,https://litb-cgis.rightinthebox.com/images/170x226/202503/bps/product/inc/rwuvoh1741345194554.jpg,https://litb-cgis.rightinthebox.com/images/170x226/202503/bps/product/inc/ppxmip1741345196490.jpg,https://litb-cgis.rightinthebox.com/images/170x226/202503/bps/product/inc/txameg1741345198039.jpg","['- High-Quality Microbial Leather Upper', '- Stylish Round Toe Shape', '- Durable Rubber Outsole', '- Comfortable MD (Phylon) Outsole materials']",
"Women's Sleek Golf Shoes - Waterproof with Soft Spike Technology, Perfect for Enhancing Swing Stability",$59.99,Light Grey,"https://litb-cgis.rightinthebox.com/images/170x226/202503/bps/product/inc/mmmzhf1741345191893.jpg,https://litb-cgis.rightinthebox.com/images/170x226/202503/bps/product/inc/rwuvoh1741345194554.jpg,https://litb-cgis.rightinthebox.com/images/170x226/202503/bps/product/inc/ppxmip1741345196490.jpg,https://litb-cgis.rightinthebox.com/images/170x226/202503/bps/product/inc/txameg1741345198039.jpg","['- High-Quality Microbial Leather Upper', '- Stylish Round Toe Shape', '- Durable Rubber Outsole', '- Comfortable MD (Phylon) Outsole materials']",
"Women's Sleek Golf Shoes - Waterproof with Soft Spike Technology, Perfect for Enhancing Swing Stability",$59.99,Black,"https://litb-cgis.rightinthebox.com/images/170x226/202503/bps/product/inc/mmmzhf1741345191893.jpg,https://litb-cgis.rightinthebox.com/images/170x226/202503/bps/product/inc/rwuvoh1741345194554.jpg,https://litb-cgis.rightinthebox.com/images/170x226/202503/bps/product/inc/ppxmip1741345196490.jpg,https://litb-cgis.rightinthebox.com/images/170x226/202503/bps/product/inc/txameg1741345198039.jpg","['- High-Quality Microbial Leather Upper', '- Stylish Round Toe Shape', '- Durable Rubber Outsole', '- Comfortable MD (Phylon) Outsole materials']",
"Men's Black and White Golf Shoes with Spiked Sole, Breathable Upper, and Lightweight Design for Comfort and Support on the Golf Course",$69.99,Black,"https://litb-cgis.rightinthebox.com/images/170x170/202505/bps/product/inc/ytullo1748419435845.jpg,https://litb-cgis.rightinthebox.com/images/170x170/202502/bps/product/inc/lqpqys1740049909309.jpg,https://litb-cgis.rightinthebox.com/images/170x170/202502/bps/product/inc/pnfmgp1740049906782.jpg,https://litb-cgis.rightinthebox.com/images/170x170/202502/bps/product/inc/dnpocb1740049896947.jpg","['- Crafted with high-quality microfiber upper materials', '- Features a luxurious PU lining for added comfort and durability', '- Designed for long-lasting wear and style']",
"Men's Black and White Golf Shoes with Spiked Sole, Breathable Upper, and Lightweight Design for Comfort and Support on the Golf Course",$69.99,White,"https://litb-cgis.rightinthebox.com/images/170x170/202505/bps/product/inc/ytullo1748419435845.jpg,https://litb-cgis.rightinthebox.com/images/170x170/202502/bps/product/inc/lqpqys1740049909309.jpg,https://litb-cgis.rightinthebox.com/images/170x170/202502/bps/product/inc/pnfmgp1740049906782.jpg,https://litb-cgis.rightinthebox.com/images/170x170/202502/bps/product/inc/dnpocb1740049896947.jpg","['- Crafted with high-quality microfiber upper materials', '- Features a luxurious PU lining for added comfort and durability', '- Designed for long-lasting wear and style']",
"Men's Black and White Golf Shoes with Spiked Sole, Breathable Upper, and Lightweight Design for Comfort and Support on the Golf Course",$69.99,Blue,"https://litb-cgis.rightinthebox.com/images/170x170/202505/bps/product/inc/ytullo1748419435845.jpg,https://litb-cgis.rightinthebox.com/images/170x170/202502/bps/product/inc/lqpqys1740049909309.jpg,https://litb-cgis.rightinthebox.com/images/170x170/202502/bps/product/inc/pnfmgp1740049906782.jpg,https://litb-cgis.rightinthebox.com/images/170x170/202502/bps/product/inc/dnpocb1740049896947.jpg","['- Crafted with high-quality microfiber upper materials', '- Features a luxurious PU lining for added comfort and durability', '- Designed for long-lasting wear and style']",
"Men's Black and White Golf Shoes with Spiked Sole, Breathable Upper, and Lightweight Design for Comfort and Support on the Golf Course",$69.99,Black and White,"https://litb-cgis.rightinthebox.com/images/170x170/202505/bps/product/inc/ytullo1748419435845.jpg,https://litb-cgis.rightinthebox.com/images/170x170/202502/bps/product/inc/lqpqys1740049909309.jpg,https://litb-cgis.rightinthebox.com/images/170x170/202502/bps/product/inc/pnfmgp1740049906782.jpg,https://litb-cgis.rightinthebox.com/images/170x170/202502/bps/product/inc/dnpocb1740049896947.jpg","['- Crafted with high-quality microfiber upper materials', '- Features a luxurious PU lining for added comfort and durability', '- Designed for long-lasting wear and style']",
"Women's Golf Sneakers - Comfortable Fit with Durable Sole, Suitable for Long Days on the Course",$59.99,,"https://litb-cgis.rightinthebox.com/images/170x226/202503/bps/product/inc/ohilwy1741345175223.jpg,https://litb-cgis.rightinthebox.com/images/170x226/202503/bps/product/inc/cofkwk1741345173488.jpg,https://litb-cgis.rightinthebox.com/images/170x226/202503/bps/product/inc/byjhjn1741345176499.jpg,https://litb-cgis.rightinthebox.com/images/170x226/202503/bps/product/inc/pgimwz1741345178031.jpg","['- High quality Nylon and Microbial Leather upper materials', '- Stylish round toe shape', '- Durable rubber and MD (Phylon) outsole materials']",
"Women's Golf Sneakers - Comfortable Fit with Durable Sole, Suitable for Long Days on the Course",$59.99,Pink,"https://litb-cgis.rightinthebox.com/images/170x226/202503/bps/product/inc/ohilwy1741345175223.jpg,https://litb-cgis.rightinthebox.com/images/170x226/202503/bps/product/inc/cofkwk1741345173488.jpg,https://litb-cgis.rightinthebox.com/images/170x226/202503/bps/product/inc/byjhjn1741345176499.jpg,https://litb-cgis.rightinthebox.com/images/170x226/202503/bps/product/inc/pgimwz1741345178031.jpg","['- High quality Nylon and Microbial Leather upper materials', '- Stylish round toe shape', '- Durable rubber and MD (Phylon) outsole materials']",
"Women's Golf Sneakers - Comfortable Fit with Durable Sole, Suitable for Long Days on the Course",$59.99,White,"https://litb-cgis.rightinthebox.com/images/170x226/202503/bps/product/inc/ohilwy1741345175223.jpg,https://litb-cgis.rightinthebox.com/images/170x226/202503/bps/product/inc/cofkwk1741345173488.jpg,https://litb-cgis.rightinthebox.com/images/170x226/202503/bps/product/inc/byjhjn1741345176499.jpg,https://litb-cgis.rightinthebox.com/images/170x226/202503/bps/product/inc/pgimwz1741345178031.jpg","['- High quality Nylon and Microbial Leather upper materials', '- Stylish round toe shape', '- Durable rubber and MD (Phylon) outsole materials']",
"Women's Golf Sneakers - Comfortable Fit with Durable Sole, Suitable for Long Days on the Course",$59.99,Black,"https://litb-cgis.rightinthebox.com/images/170x226/202503/bps/product/inc/ohilwy1741345175223.jpg,https://litb-cgis.rightinthebox.com/images/170x226/202503/bps/product/inc/cofkwk1741345173488.jpg,https://litb-cgis.rightinthebox.com/images/170x226/202503/bps/product/inc/byjhjn1741345176499.jpg,https://litb-cgis.rightinthebox.com/images/170x226/202503/bps/product/inc/pgimwz1741345178031.jpg","['- High quality Nylon and Microbial Leather upper materials', '- Stylish round toe shape', '- Durable rubber and MD (Phylon) outsole materials']",
"Men's Vibrant Yellow Brogue Golf Shoes, Lace-Up, Water-Resistant Leather, Stylish Choice for Golf and Casual Wear",$69.99,Yellow,"https://litb-cgis.rightinthebox.com/images/170x170/202503/bps/product/inc/otpont1742555287513.jpg,https://litb-cgis.rightinthebox.com/images/170x170/202503/bps/product/inc/wdpeah1742555282711.jpg,https://litb-cgis.rightinthebox.com/images/170x170/202503/bps/product/inc/ceazmr1742555283844.jpg,https://litb-cgis.rightinthebox.com/images/170x170/202503/bps/product/inc/vilqvt1742555285028.jpg","['- Made with high-quality microfiber upper materials for a luxurious feel', '- Features a smooth and durable PU lining for long-lasting comfort', '- Crafted with premium materials for a stylish and sophisticated look']",
"Men's Vibrant Yellow Brogue Golf Shoes, Lace-Up, Water-Resistant Leather, Stylish Choice for Golf and Casual Wear",$69.99,Blue,"https://litb-cgis.rightinthebox.com/images/170x170/202503/bps/product/inc/otpont1742555287513.jpg,https://litb-cgis.rightinthebox.com/images/170x170/202503/bps/product/inc/wdpeah1742555282711.jpg,https://litb-cgis.rightinthebox.com/images/170x170/202503/bps/product/inc/ceazmr1742555283844.jpg,https://litb-cgis.rightinthebox.com/images/170x170/202503/bps/product/inc/vilqvt1742555285028.jpg","['- Made with high-quality microfiber upper materials for a luxurious feel', '- Features a smooth and durable PU lining for long-lasting comfort', '- Crafted with premium materials for a stylish and sophisticated look']",
"Men's Vibrant Yellow Brogue Golf Shoes, Lace-Up, Water-Resistant Leather, Stylish Choice for Golf and Casual Wear",$69.99,White,"https://litb-cgis.rightinthebox.com/images/170x170/202503/bps/product/inc/otpont1742555287513.jpg,https://litb-cgis.rightinthebox.com/images/170x170/202503/bps/product/inc/wdpeah1742555282711.jpg,https://litb-cgis.rightinthebox.com/images/170x170/202503/bps/product/inc/ceazmr1742555283844.jpg,https://litb-cgis.rightinthebox.com/images/170x170/202503/bps/product/inc/vilqvt1742555285028.jpg","['- Made with high-quality microfiber upper materials for a luxurious feel', '- Features a smooth and durable PU lining for long-lasting comfort', '- Crafted with premium materials for a stylish and sophisticated look']",
"Men's Vibrant Yellow Brogue Golf Shoes, Lace-Up, Water-Resistant Leather, Stylish Choice for Golf and Casual Wear",$69.99,Red,"https://litb-cgis.rightinthebox.com/images/170x170/202503/bps/product/inc/otpont1742555287513.jpg,https://litb-cgis.rightinthebox.com/images/170x170/202503/bps/product/inc/wdpeah1742555282711.jpg,https://litb-cgis.rightinthebox.com/images/170x170/202503/bps/product/inc/ceazmr1742555283844.jpg,https://litb-cgis.rightinthebox.com/images/170x170/202503/bps/product/inc/vilqvt1742555285028.jpg","['- Made with high-quality microfiber upper materials for a luxurious feel', '- Features a smooth and durable PU lining for long-lasting comfort', '- Crafted with premium materials for a stylish and sophisticated look']",
"Men's Vibrant Yellow Brogue Golf Shoes, Lace-Up, Water-Resistant Leather, Stylish Choice for Golf and Casual Wear",$69.99,Black,"https://litb-cgis.rightinthebox.com/images/170x170/202503/bps/product/inc/otpont1742555287513.jpg,https://litb-cgis.rightinthebox.com/images/170x170/202503/bps/product/inc/wdpeah1742555282711.jpg,https://litb-cgis.rightinthebox.com/images/170x170/202503/bps/product/inc/ceazmr1742555283844.jpg,https://litb-cgis.rightinthebox.com/images/170x170/202503/bps/product/inc/vilqvt1742555285028.jpg","['- Made with high-quality microfiber upper materials for a luxurious feel', '- Features a smooth and durable PU lining for long-lasting comfort', '- Crafted with premium materials for a stylish and sophisticated look']",
Women's Casual Lace-Up Golf Shoes | Lightweight Non-Slip Walking Sneakers for Female Golfers | Stylish Pink and White Design for Practice & Play,$64.99,,"https://litb-cgis.rightinthebox.com/images/170x226/202504/bps/product/inc/pbybtq1744023510230.jpg,https://litb-cgis.rightinthebox.com/images/170x226/202504/bps/product/inc/asdcag1744023511638.jpg,https://litb-cgis.rightinthebox.com/images/170x226/202504/bps/product/inc/olhfji1744023513231.jpg,https://litb-cgis.rightinthebox.com/images/170x226/202504/bps/product/inc/gajomj1744023514739.jpg",,"[""Gender: Women's"", 'Category: Sneakers', 'Style: Comfort, Casual, Sporty', 'Occasion: Outdoor, Daily', 'Activity: Golf, Running, Walking', 'Toe Shape: Round Toe', 'Upper Materials: Faux Leather', 'Lining Materials: Mesh', 'Outsole Materials: TPR', 'Season: Fall, Summer, Spring', 'Function: Non-Slip, Breathable, Wear-Resistant', 'Size Suggestion: standard size, select your usual size', 'Closure Type: Lace-up', 'Strap Type: Adjustable Strap', 'Heel Type: Flat Heel']"
Women's Casual Lace-Up Golf Shoes | Lightweight Non-Slip Walking Sneakers for Female Golfers | Stylish Pink and White Design for Practice & Play,$64.99,Beige,"https://litb-cgis.rightinthebox.com/images/170x226/202504/bps/product/inc/pbybtq1744023510230.jpg,https://litb-cgis.rightinthebox.com/images/170x226/202504/bps/product/inc/asdcag1744023511638.jpg,https://litb-cgis.rightinthebox.com/images/170x226/202504/bps/product/inc/olhfji1744023513231.jpg,https://litb-cgis.rightinthebox.com/images/170x226/202504/bps/product/inc/gajomj1744023514739.jpg",,"[""Gender: Women's"", 'Category: Sneakers', 'Style: Comfort, Casual, Sporty', 'Occasion: Outdoor, Daily', 'Activity: Golf, Running, Walking', 'Toe Shape: Round Toe', 'Upper Materials: Faux Leather', 'Lining Materials: Mesh', 'Outsole Materials: TPR', 'Season: Fall, Summer, Spring', 'Function: Non-Slip, Breathable, Wear-Resistant', 'Size Suggestion: standard size, select your usual size', 'Closure Type: Lace-up', 'Strap Type: Adjustable Strap', 'Heel Type: Flat Heel']"
Women's Casual Lace-Up Golf Shoes | Lightweight Non-Slip Walking Sneakers for Female Golfers | Stylish Pink and White Design for Practice & Play,$64.99,White,"https://litb-cgis.rightinthebox.com/images/170x226/202504/bps/product/inc/pbybtq1744023510230.jpg,https://litb-cgis.rightinthebox.com/images/170x226/202504/bps/product/inc/asdcag1744023511638.jpg,https://litb-cgis.rightinthebox.com/images/170x226/202504/bps/product/inc/olhfji1744023513231.jpg,https://litb-cgis.rightinthebox.com/images/170x226/202504/bps/product/inc/gajomj1744023514739.jpg",,"[""Gender: Women's"", 'Category: Sneakers', 'Style: Comfort, Casual, Sporty', 'Occasion: Outdoor, Daily', 'Activity: Golf, Running, Walking', 'Toe Shape: Round Toe', 'Upper Materials: Faux Leather', 'Lining Materials: Mesh', 'Outsole Materials: TPR', 'Season: Fall, Summer, Spring', 'Function: Non-Slip, Breathable, Wear-Resistant', 'Size Suggestion: standard size, select your usual size', 'Closure Type: Lace-up', 'Strap Type: Adjustable Strap', 'Heel Type: Flat Heel']"
Women's Casual Lace-Up Golf Shoes | Lightweight Non-Slip Walking Sneakers for Female Golfers | Stylish Pink and White Design for Practice & Play,$64.99,Black,"https://litb-cgis.rightinthebox.com/images/170x226/202504/bps/product/inc/pbybtq1744023510230.jpg,https://litb-cgis.rightinthebox.com/images/170x226/202504/bps/product/inc/asdcag1744023511638.jpg,https://litb-cgis.rightinthebox.com/images/170x226/202504/bps/product/inc/olhfji1744023513231.jpg,https://litb-cgis.rightinthebox.com/images/170x226/202504/bps/product/inc/gajomj1744023514739.jpg",,"[""Gender: Women's"", 'Category: Sneakers', 'Style: Comfort, Casual, Sporty', 'Occasion: Outdoor, Daily', 'Activity: Golf, Running, Walking', 'Toe Shape: Round Toe', 'Upper Materials: Faux Leather', 'Lining Materials: Mesh', 'Outsole Materials: TPR', 'Season: Fall, Summer, Spring', 'Function: Non-Slip, Breathable, Wear-Resistant', 'Size Suggestion: standard size, select your usual size', 'Closure Type: Lace-up', 'Strap Type: Adjustable Strap', 'Heel Type: Flat Heel']"
Women's Golf Shoes with Breathable Design and Anti-Slip Sole – Perfect for Active Golfers,$79.99,,"https://litb-cgis.rightinthebox.com/images/170x226/202502/bps/product/inc/ahzpbq1740464040379.jpg,https://litb-cgis.rightinthebox.com/images/170x226/202502/bps/product/inc/fkfiay1740464034909.jpg,https://litb-cgis.rightinthebox.com/images/170x226/202502/bps/product/inc/drxlhh1740464037380.jpg,https://litb-cgis.rightinthebox.com/images/170x226/202502/bps/product/inc/hrgkbu1740464038810.jpg","['- Crafted from high-quality Microbial Leather', '- Breathable Mesh lining for added comfort', '- Stylish Round Toe design', '- Durable Rubber outsole for long-lasting wear']",
Women's Golf Shoes with Breathable Design and Anti-Slip Sole – Perfect for Active Golfers,$79.99,Dusty pink,"https://litb-cgis.rightinthebox.com/images/170x226/202502/bps/product/inc/ahzpbq1740464040379.jpg,https://litb-cgis.rightinthebox.com/images/170x226/202502/bps/product/inc/fkfiay1740464034909.jpg,https://litb-cgis.rightinthebox.com/images/170x226/202502/bps/product/inc/drxlhh1740464037380.jpg,https://litb-cgis.rightinthebox.com/images/170x226/202502/bps/product/inc/hrgkbu1740464038810.jpg","['- Crafted from high-quality Microbial Leather', '- Breathable Mesh lining for added comfort', '- Stylish Round Toe design', '- Durable Rubber outsole for long-lasting wear']",
"Elegant Pink Lace-Up Golf Sneakers - Slip-Resistant and Breathable, Perfect for Summer Golfing Sessions",$59.99,,"https://litb-cgis.rightinthebox.com/images/170x226/202503/bps/product/inc/hgnfpn1741345140969.jpg,https://litb-cgis.rightinthebox.com/images/170x226/202503/bps/product/inc/omfokw1741345142307.jpg,https://litb-cgis.rightinthebox.com/images/170x226/202503/bps/product/inc/fvxrjy1741345143611.jpg,https://litb-cgis.rightinthebox.com/images/170x226/202503/bps/product/inc/nlpqmz1741345144970.jpg","['- Luxurious microfiber upper materials', '- High-quality microbial leather upper materials', '- Classic round toe shape for comfort and style', '- Durable rubber outsole materials for long-lasting wear', '- Lightweight MD (Phylon) outsole for added cushioning and support']",
"Elegant Pink Lace-Up Golf Sneakers - Slip-Resistant and Breathable, Perfect for Summer Golfing Sessions",$59.99,White,"https://litb-cgis.rightinthebox.com/images/170x226/202503/bps/product/inc/hgnfpn1741345140969.jpg,https://litb-cgis.rightinthebox.com/images/170x226/202503/bps/product/inc/omfokw1741345142307.jpg,https://litb-cgis.rightinthebox.com/images/170x226/202503/bps/product/inc/fvxrjy1741345143611.jpg,https://litb-cgis.rightinthebox.com/images/170x226/202503/bps/product/inc/nlpqmz1741345144970.jpg","['- Luxurious microfiber upper materials', '- High-quality microbial leather upper materials', '- Classic round toe shape for comfort and style', '- Durable rubber outsole materials for long-lasting wear', '- Lightweight MD (Phylon) outsole for added cushioning and support']",
"Elegant Pink Lace-Up Golf Sneakers - Slip-Resistant and Breathable, Perfect for Summer Golfing Sessions",$59.99,Black,"https://litb-cgis.rightinthebox.com/images/170x226/202503/bps/product/inc/hgnfpn1741345140969.jpg,https://litb-cgis.rightinthebox.com/images/170x226/202503/bps/product/inc/omfokw1741345142307.jpg,https://litb-cgis.rightinthebox.com/images/170x226/202503/bps/product/inc/fvxrjy1741345143611.jpg,https://litb-cgis.rightinthebox.com/images/170x226/202503/bps/product/inc/nlpqmz1741345144970.jpg","['- Luxurious microfiber upper materials', '- High-quality microbial leather upper materials', '- Classic round toe shape for comfort and style', '- Durable rubber outsole materials for long-lasting wear', '- Lightweight MD (Phylon) outsole for added cushioning and support']",
Men's White and Blue Golf Shoes with Breathable Mesh Upper - Premium Comfort and Stability for Golf Enthusiasts,$69.99,White,"https://litb-cgis.rightinthebox.com/images/170x170/202505/bps/product/inc/fvtdyp1748429227648.jpg,https://litb-cgis.rightinthebox.com/images/170x170/202505/bps/product/inc/yvrqnd1748429229500.jpg,https://litb-cgis.rightinthebox.com/images/170x170/202505/bps/product/inc/hswqtl1748429230759.jpg,https://litb-cgis.rightinthebox.com/images/170x170/202505/bps/product/inc/jwbtso1748429232339.jpg",,"[""Gender: Men's"", 'Category: Sneakers', 'Activity: Golf', 'Toe Shape: Round Toe', 'Upper Materials: Microfiber', 'Lining Materials: PU', 'Outsole Materials: Rubber', 'Pattern: Color Block', 'Function: Waterproof, Comfortable, Slip Resistant', 'Closure Type: Lace-up']"
Men's White and Blue Golf Shoes with Breathable Mesh Upper - Premium Comfort and Stability for Golf Enthusiasts,$69.99,Black,"https://litb-cgis.rightinthebox.com/images/170x170/202505/bps/product/inc/fvtdyp1748429227648.jpg,https://litb-cgis.rightinthebox.com/images/170x170/202505/bps/product/inc/yvrqnd1748429229500.jpg,https://litb-cgis.rightinthebox.com/images/170x170/202505/bps/product/inc/hswqtl1748429230759.jpg,https://litb-cgis.rightinthebox.com/images/170x170/202505/bps/product/inc/jwbtso1748429232339.jpg",,"[""Gender: Men's"", 'Category: Sneakers', 'Activity: Golf', 'Toe Shape: Round Toe', 'Upper Materials: Microfiber', 'Lining Materials: PU', 'Outsole Materials: Rubber', 'Pattern: Color Block', 'Function: Waterproof, Comfortable, Slip Resistant', 'Closure Type: Lace-up']"
Men's White and Blue Golf Shoes with Breathable Mesh Upper - Premium Comfort and Stability for Golf Enthusiasts,$69.99,Gray,"https://litb-cgis.rightinthebox.com/images/170x170/202505/bps/product/inc/fvtdyp1748429227648.jpg,https://litb-cgis.rightinthebox.com/images/170x170/202505/bps/product/inc/yvrqnd1748429229500.jpg,https://litb-cgis.rightinthebox.com/images/170x170/202505/bps/product/inc/hswqtl1748429230759.jpg,https://litb-cgis.rightinthebox.com/images/170x170/202505/bps/product/inc/jwbtso1748429232339.jpg",,"[""Gender: Men's"", 'Category: Sneakers', 'Activity: Golf', 'Toe Shape: Round Toe', 'Upper Materials: Microfiber', 'Lining Materials: PU', 'Outsole Materials: Rubber', 'Pattern: Color Block', 'Function: Waterproof, Comfortable, Slip Resistant', 'Closure Type: Lace-up']"
Women's Sneakers Outdoor Daily Travel Contrast Color Flat Heel Round Toe Sporty Casual Comfort Running Walking Microbial Leather Microfiber Lace-up White Pink Gray,$69.99,,"https://litb-cgis.rightinthebox.com/images/170x226/202506/bps/product/inc/rjqupr1750934871957.jpg,https://litb-cgis.rightinthebox.com/images/170x226/202506/bps/product/inc/mtzpve1750934874665.jpg,https://litb-cgis.rightinthebox.com/images/170x226/202506/bps/product/inc/durwxo1750934876405.jpg,https://litb-cgis.rightinthebox.com/images/170x226/202506/bps/product/inc/rrzepc1750934877854.jpg",,"[""Gender: Women's"", 'Category: Sneakers', 'Style: Sporty, Casual, Comfort', 'Occasion: Travel, Outdoor, Daily', 'Activity: Running, Walking', 'Toe Shape: Round Toe', 'Upper Materials: Microfiber, Microbial Leather', 'Outsole Materials: MD (Phylon), Rubber', 'Pattern: Contrast Color', 'Function: Non-Slip, Shockproof, Breathable, Wear-Resistant', 'Closure Type: Lace-up', 'Heel Type: Flat Heel']"
Women's Sneakers Outdoor Daily Travel Contrast Color Flat Heel Round Toe Sporty Casual Comfort Running Walking Microbial Leather Microfiber Lace-up White Pink Gray,$69.99,White,"https://litb-cgis.rightinthebox.com/images/170x226/202506/bps/product/inc/rjqupr1750934871957.jpg,https://litb-cgis.rightinthebox.com/images/170x226/202506/bps/product/inc/mtzpve1750934874665.jpg,https://litb-cgis.rightinthebox.com/images/170x226/202506/bps/product/inc/durwxo1750934876405.jpg,https://litb-cgis.rightinthebox.com/images/170x226/202506/bps/product/inc/rrzepc1750934877854.jpg",,"[""Gender: Women's"", 'Category: Sneakers', 'Style: Sporty, Casual, Comfort', 'Occasion: Travel, Outdoor, Daily', 'Activity: Running, Walking', 'Toe Shape: Round Toe', 'Upper Materials: Microfiber, Microbial Leather', 'Outsole Materials: MD (Phylon), Rubber', 'Pattern: Contrast Color', 'Function: Non-Slip, Shockproof, Breathable, Wear-Resistant', 'Closure Type: Lace-up', 'Heel Type: Flat Heel']"
Women's Sneakers Outdoor Daily Travel Contrast Color Flat Heel Round Toe Sporty Casual Comfort Running Walking Microbial Leather Microfiber Lace-up White Pink Gray,$69.99,Gray,"https://litb-cgis.rightinthebox.com/images/170x226/202506/bps/product/inc/rjqupr1750934871957.jpg,https://litb-cgis.rightinthebox.com/images/170x226/202506/bps/product/inc/mtzpve1750934874665.jpg,https://litb-cgis.rightinthebox.com/images/170x226/202506/bps/product/inc/durwxo1750934876405.jpg,https://litb-cgis.rightinthebox.com/images/170x226/202506/bps/product/inc/rrzepc1750934877854.jpg",,"[""Gender: Women's"", 'Category: Sneakers', 'Style: Sporty, Casual, Comfort', 'Occasion: Travel, Outdoor, Daily', 'Activity: Running, Walking', 'Toe Shape: Round Toe', 'Upper Materials: Microfiber, Microbial Leather', 'Outsole Materials: MD (Phylon), Rubber', 'Pattern: Contrast Color', 'Function: Non-Slip, Shockproof, Breathable, Wear-Resistant', 'Closure Type: Lace-up', 'Heel Type: Flat Heel']"
"Sophisticated White and Pink Women's Golf Shoes - Sleek Design with Superior Traction, Ideal for All-Day Comfort on the Golf Course",$54.99,,"https://litb-cgis.rightinthebox.com/images/170x226/202503/bps/product/inc/bjikuf1741345182269.jpg,https://litb-cgis.rightinthebox.com/images/170x226/202503/bps/product/inc/nbbvhw1741345184350.jpg,https://litb-cgis.rightinthebox.com/images/170x226/202503/bps/product/inc/xsnrnr1741345185723.jpg,https://litb-cgis.rightinthebox.com/images/170x226/202503/bps/product/inc/vrjfxi1741345187164.jpg","['- Made from high-quality microbial leather', '- Stylish round toe design', '- Features a durable EVA outsole for comfortable wear', '- Enhanced with a rubber outsole for added grip and traction']",
"Sophisticated White and Pink Women's Golf Shoes - Sleek Design with Superior Traction, Ideal for All-Day Comfort on the Golf Course",$54.99,White / Blue,"https://litb-cgis.rightinthebox.com/images/170x226/202503/bps/product/inc/bjikuf1741345182269.jpg,https://litb-cgis.rightinthebox.com/images/170x226/202503/bps/product/inc/nbbvhw1741345184350.jpg,https://litb-cgis.rightinthebox.com/images/170x226/202503/bps/product/inc/xsnrnr1741345185723.jpg,https://litb-cgis.rightinthebox.com/images/170x226/202503/bps/product/inc/vrjfxi1741345187164.jpg","['- Made from high-quality microbial leather', '- Stylish round toe design', '- Features a durable EVA outsole for comfortable wear', '- Enhanced with a rubber outsole for added grip and traction']",
Women's Performance Golf Shoes with Dial Fit System | Waterproof Non-Slip Athletic Footwear for Ladies | Durable Outsole for Outdoor Courses,$69.99,Pink / White,"https://litb-cgis.rightinthebox.com/images/170x226/202504/bps/product/inc/iutafy1744023535193.jpg,https://litb-cgis.rightinthebox.com/images/170x226/202504/bps/product/inc/pmuimw1744023532495.jpg,https://litb-cgis.rightinthebox.com/images/170x226/202504/bps/product/inc/zuujty1744023537873.jpg,https://litb-cgis.rightinthebox.com/images/170x226/202504/bps/product/inc/toujiq1744023541227.jpg","['- Luxurious microfiber upper materials', '- Premium microbial leather upper materials', '- Classic round toe shape for timeless style', '- Durable rubber outsole for long-lasting wear', '- Lightweight MD (Phylon) outsole for added comfort and flexibility']",
Women's Performance Golf Shoes with Dial Fit System | Waterproof Non-Slip Athletic Footwear for Ladies | Durable Outsole for Outdoor Courses,$69.99,Black / White,"https://litb-cgis.rightinthebox.com/images/170x226/202504/bps/product/inc/iutafy1744023535193.jpg,https://litb-cgis.rightinthebox.com/images/170x226/202504/bps/product/inc/pmuimw1744023532495.jpg,https://litb-cgis.rightinthebox.com/images/170x226/202504/bps/product/inc/zuujty1744023537873.jpg,https://litb-cgis.rightinthebox.com/images/170x226/202504/bps/product/inc/toujiq1744023541227.jpg","['- Luxurious microfiber upper materials', '- Premium microbial leather upper materials', '- Classic round toe shape for timeless style', '- Durable rubber outsole for long-lasting wear', '- Lightweight MD (Phylon) outsole for added comfort and flexibility']",
Women's Sneakers Flyknit Shoes Outdoor Daily Travel Contrast Color Flat Heel Round Toe Sporty Casual Comfort Walking Faux Leather Tissage Volant Lace-up White / Blue Black White,$59.99,,"https://litb-cgis.rightinthebox.com/images/170x226/202503/bps/product/inc/qevcyq1741345163314.jpg,https://litb-cgis.rightinthebox.com/images/170x226/202503/bps/product/inc/bwlnvr1741345159216.jpg,https://litb-cgis.rightinthebox.com/images/170x226/202503/bps/product/inc/ykixco1741345161394.jpg,https://litb-cgis.rightinthebox.com/images/170x226/202503/bps/product/inc/ermsuk1741345156307.jpg","['- High quality faux leather upper materials', '- Stylish tissage volant upper materials', '- Classic round toe shape', '- Durable rubber outsole materials']",
Women's Sneakers Flyknit Shoes Outdoor Daily Travel Contrast Color Flat Heel Round Toe Sporty Casual Comfort Walking Faux Leather Tissage Volant Lace-up White / Blue Black White,$59.99,Pink / White,"https://litb-cgis.rightinthebox.com/images/170x226/202503/bps/product/inc/qevcyq1741345163314.jpg,https://litb-cgis.rightinthebox.com/images/170x226/202503/bps/product/inc/bwlnvr1741345159216.jpg,https://litb-cgis.rightinthebox.com/images/170x226/202503/bps/product/inc/ykixco1741345161394.jpg,https://litb-cgis.rightinthebox.com/images/170x226/202503/bps/product/inc/ermsuk1741345156307.jpg","['- High quality faux leather upper materials', '- Stylish tissage volant upper materials', '- Classic round toe shape', '- Durable rubber outsole materials']",
Women's Sneakers Flyknit Shoes Outdoor Daily Travel Contrast Color Flat Heel Round Toe Sporty Casual Comfort Walking Faux Leather Tissage Volant Lace-up White / Blue Black White,$59.99,White,"https://litb-cgis.rightinthebox.com/images/170x226/202503/bps/product/inc/qevcyq1741345163314.jpg,https://litb-cgis.rightinthebox.com/images/170x226/202503/bps/product/inc/bwlnvr1741345159216.jpg,https://litb-cgis.rightinthebox.com/images/170x226/202503/bps/product/inc/ykixco1741345161394.jpg,https://litb-cgis.rightinthebox.com/images/170x226/202503/bps/product/inc/ermsuk1741345156307.jpg","['- High quality faux leather upper materials', '- Stylish tissage volant upper materials', '- Classic round toe shape', '- Durable rubber outsole materials']",
Women's Sneakers Flyknit Shoes Outdoor Daily Travel Contrast Color Flat Heel Round Toe Sporty Casual Comfort Walking Faux Leather Tissage Volant Lace-up White / Blue Black White,$59.99,Black,"https://litb-cgis.rightinthebox.com/images/170x226/202503/bps/product/inc/qevcyq1741345163314.jpg,https://litb-cgis.rightinthebox.com/images/170x226/202503/bps/product/inc/bwlnvr1741345159216.jpg,https://litb-cgis.rightinthebox.com/images/170x226/202503/bps/product/inc/ykixco1741345161394.jpg,https://litb-cgis.rightinthebox.com/images/170x226/202503/bps/product/inc/ermsuk1741345156307.jpg","['- High quality faux leather upper materials', '- Stylish tissage volant upper materials', '- Classic round toe shape', '- Durable rubber outsole materials']",
"Women's Gray Waterproof Golf Shoes with Dial Lacing System – Comfortable Non-Slip Athletic Footwear for Outdoor Practice, Tournaments or Rainy Days",$69.99,,"https://litb-cgis.rightinthebox.com/images/170x226/202505/bps/product/inc/xljfnn1747622840879.jpg,https://litb-cgis.rightinthebox.com/images/170x226/202505/bps/product/inc/qgmrnj1747622830160.jpg,https://litb-cgis.rightinthebox.com/images/170x226/202505/bps/product/inc/vvnwal1747622832138.jpg,https://litb-cgis.rightinthebox.com/images/170x226/202505/bps/product/inc/gpsetz1747622833962.jpg",,"[""Gender: Women's"", 'Category: Sneakers', 'Style: Sporty, Casual, Comfort', 'Occasion: Travel, Outdoor, Daily', 'Activity: Running, Walking', 'Toe Shape: Round Toe', 'Upper Materials: Microfiber, Tissage Volant, Microbial Leather', 'Outsole Materials: MD (Phylon), Rubber', 'Function: Non-Slip, Shockproof, Breathable, Wear-Resistant', 'Closure Type: Elastic Band', 'Strap Type: Adjustable Strap', 'Heel Type: Flat Heel']"
"Women's Gray Waterproof Golf Shoes with Dial Lacing System – Comfortable Non-Slip Athletic Footwear for Outdoor Practice, Tournaments or Rainy Days",$69.99,Pink / White,"https://litb-cgis.rightinthebox.com/images/170x226/202505/bps/product/inc/xljfnn1747622840879.jpg,https://litb-cgis.rightinthebox.com/images/170x226/202505/bps/product/inc/qgmrnj1747622830160.jpg,https://litb-cgis.rightinthebox.com/images/170x226/202505/bps/product/inc/vvnwal1747622832138.jpg,https://litb-cgis.rightinthebox.com/images/170x226/202505/bps/product/inc/gpsetz1747622833962.jpg",,"[""Gender: Women's"", 'Category: Sneakers', 'Style: Sporty, Casual, Comfort', 'Occasion: Travel, Outdoor, Daily', 'Activity: Running, Walking', 'Toe Shape: Round Toe', 'Upper Materials: Microfiber, Tissage Volant, Microbial Leather', 'Outsole Materials: MD (Phylon), Rubber', 'Function: Non-Slip, Shockproof, Breathable, Wear-Resistant', 'Closure Type: Elastic Band', 'Strap Type: Adjustable Strap', 'Heel Type: Flat Heel']"
"Women's Gray Waterproof Golf Shoes with Dial Lacing System – Comfortable Non-Slip Athletic Footwear for Outdoor Practice, Tournaments or Rainy Days",$69.99,White,"https://litb-cgis.rightinthebox.com/images/170x226/202505/bps/product/inc/xljfnn1747622840879.jpg,https://litb-cgis.rightinthebox.com/images/170x226/202505/bps/product/inc/qgmrnj1747622830160.jpg,https://litb-cgis.rightinthebox.com/images/170x226/202505/bps/product/inc/vvnwal1747622832138.jpg,https://litb-cgis.rightinthebox.com/images/170x226/202505/bps/product/inc/gpsetz1747622833962.jpg",,"[""Gender: Women's"", 'Category: Sneakers', 'Style: Sporty, Casual, Comfort', 'Occasion: Travel, Outdoor, Daily', 'Activity: Running, Walking', 'Toe Shape: Round Toe', 'Upper Materials: Microfiber, Tissage Volant, Microbial Leather', 'Outsole Materials: MD (Phylon), Rubber', 'Function: Non-Slip, Shockproof, Breathable, Wear-Resistant', 'Closure Type: Elastic Band', 'Strap Type: Adjustable Strap', 'Heel Type: Flat Heel']"
"Women's Gray Waterproof Golf Shoes with Dial Lacing System – Comfortable Non-Slip Athletic Footwear for Outdoor Practice, Tournaments or Rainy Days",$69.99,Black,"https://litb-cgis.rightinthebox.com/images/170x226/202505/bps/product/inc/xljfnn1747622840879.jpg,https://litb-cgis.rightinthebox.com/images/170x226/202505/bps/product/inc/qgmrnj1747622830160.jpg,https://litb-cgis.rightinthebox.com/images/170x226/202505/bps/product/inc/vvnwal1747622832138.jpg,https://litb-cgis.rightinthebox.com/images/170x226/202505/bps/product/inc/gpsetz1747622833962.jpg",,"[""Gender: Women's"", 'Category: Sneakers', 'Style: Sporty, Casual, Comfort', 'Occasion: Travel, Outdoor, Daily', 'Activity: Running, Walking', 'Toe Shape: Round Toe', 'Upper Materials: Microfiber, Tissage Volant, Microbial Leather', 'Outsole Materials: MD (Phylon), Rubber', 'Function: Non-Slip, Shockproof, Breathable, Wear-Resistant', 'Closure Type: Elastic Band', 'Strap Type: Adjustable Strap', 'Heel Type: Flat Heel']"
"Men's Red and Navy Golf Shoes – High-Performance Lace-Up Sneakers with Leather Detailing for Golf, Sports and Casual Wear",$79.99,Black / Red,"https://litb-cgis.rightinthebox.com/images/170x170/202504/bps/product/inc/ewkvrh1745492594208.jpg,https://litb-cgis.rightinthebox.com/images/170x170/202504/bps/product/inc/atrhgs1745492590255.jpg,https://litb-cgis.rightinthebox.com/images/170x170/202504/bps/product/inc/ijuwua1745492591145.jpg,https://litb-cgis.rightinthebox.com/images/170x170/202504/bps/product/inc/ktihpl1745492592074.jpg",,"[""Gender: Men's"", 'Category: Dress Sneakers', 'Style: Casual', 'Activity: Golf', 'Toe Shape: Round Toe', 'Upper Materials: Microfiber', 'Lining Materials: PU', 'Outsole Materials: Rubber', 'Pattern: Color Block', 'Function: Waterproof, Comfortable, Slip Resistant', 'Closure Type: Lace-up']"
"Men's Red and Navy Golf Shoes – High-Performance Lace-Up Sneakers with Leather Detailing for Golf, Sports and Casual Wear",$79.99,White / Blue,"https://litb-cgis.rightinthebox.com/images/170x170/202504/bps/product/inc/ewkvrh1745492594208.jpg,https://litb-cgis.rightinthebox.com/images/170x170/202504/bps/product/inc/atrhgs1745492590255.jpg,https://litb-cgis.rightinthebox.com/images/170x170/202504/bps/product/inc/ijuwua1745492591145.jpg,https://litb-cgis.rightinthebox.com/images/170x170/202504/bps/product/inc/ktihpl1745492592074.jpg",,"[""Gender: Men's"", 'Category: Dress Sneakers', 'Style: Casual', 'Activity: Golf', 'Toe Shape: Round Toe', 'Upper Materials: Microfiber', 'Lining Materials: PU', 'Outsole Materials: Rubber', 'Pattern: Color Block', 'Function: Waterproof, Comfortable, Slip Resistant', 'Closure Type: Lace-up']"
"Men's Red and Navy Golf Shoes – High-Performance Lace-Up Sneakers with Leather Detailing for Golf, Sports and Casual Wear",$79.99,Black,"https://litb-cgis.rightinthebox.com/images/170x170/202504/bps/product/inc/ewkvrh1745492594208.jpg,https://litb-cgis.rightinthebox.com/images/170x170/202504/bps/product/inc/atrhgs1745492590255.jpg,https://litb-cgis.rightinthebox.com/images/170x170/202504/bps/product/inc/ijuwua1745492591145.jpg,https://litb-cgis.rightinthebox.com/images/170x170/202504/bps/product/inc/ktihpl1745492592074.jpg",,"[""Gender: Men's"", 'Category: Dress Sneakers', 'Style: Casual', 'Activity: Golf', 'Toe Shape: Round Toe', 'Upper Materials: Microfiber', 'Lining Materials: PU', 'Outsole Materials: Rubber', 'Pattern: Color Block', 'Function: Waterproof, Comfortable, Slip Resistant', 'Closure Type: Lace-up']"
"Men's Red and Navy Golf Shoes – High-Performance Lace-Up Sneakers with Leather Detailing for Golf, Sports and Casual Wear",$79.99,White,"https://litb-cgis.rightinthebox.com/images/170x170/202504/bps/product/inc/ewkvrh1745492594208.jpg,https://litb-cgis.rightinthebox.com/images/170x170/202504/bps/product/inc/atrhgs1745492590255.jpg,https://litb-cgis.rightinthebox.com/images/170x170/202504/bps/product/inc/ijuwua1745492591145.jpg,https://litb-cgis.rightinthebox.com/images/170x170/202504/bps/product/inc/ktihpl1745492592074.jpg",,"[""Gender: Men's"", 'Category: Dress Sneakers', 'Style: Casual', 'Activity: Golf', 'Toe Shape: Round Toe', 'Upper Materials: Microfiber', 'Lining Materials: PU', 'Outsole Materials: Rubber', 'Pattern: Color Block', 'Function: Waterproof, Comfortable, Slip Resistant', 'Closure Type: Lace-up']"
"Men's Red and Navy Golf Shoes – High-Performance Lace-Up Sneakers with Leather Detailing for Golf, Sports and Casual Wear",$79.99,Red Brown,"https://litb-cgis.rightinthebox.com/images/170x170/202504/bps/product/inc/ewkvrh1745492594208.jpg,https://litb-cgis.rightinthebox.com/images/170x170/202504/bps/product/inc/atrhgs1745492590255.jpg,https://litb-cgis.rightinthebox.com/images/170x170/202504/bps/product/inc/ijuwua1745492591145.jpg,https://litb-cgis.rightinthebox.com/images/170x170/202504/bps/product/inc/ktihpl1745492592074.jpg",,"[""Gender: Men's"", 'Category: Dress Sneakers', 'Style: Casual', 'Activity: Golf', 'Toe Shape: Round Toe', 'Upper Materials: Microfiber', 'Lining Materials: PU', 'Outsole Materials: Rubber', 'Pattern: Color Block', 'Function: Waterproof, Comfortable, Slip Resistant', 'Closure Type: Lace-up']"
"Men's Modern White Golf Shoes with Blue Detailing, Lace-Up Design, Breathable Upper, Perfect for Professional Golfers",$64.99,White,"https://litb-cgis.rightinthebox.com/images/170x170/202503/bps/product/inc/ubfnpc1742555296309.jpg,https://litb-cgis.rightinthebox.com/images/170x170/202503/bps/product/inc/nymsgh1742555292752.jpg,https://litb-cgis.rightinthebox.com/images/170x170/202503/bps/product/inc/ccdylm1742555293734.jpg,https://litb-cgis.rightinthebox.com/images/170x170/202503/bps/product/inc/qwityi1742555294547.jpg","['- High-quality microfiber upper materials', '- Breathable mesh lining materials', '- Luxurious feel and comfortable fit']",
"Men's Modern White Golf Shoes with Blue Detailing, Lace-Up Design, Breathable Upper, Perfect for Professional Golfers",$64.99,Black,"https://litb-cgis.rightinthebox.com/images/170x170/202503/bps/product/inc/ubfnpc1742555296309.jpg,https://litb-cgis.rightinthebox.com/images/170x170/202503/bps/product/inc/nymsgh1742555292752.jpg,https://litb-cgis.rightinthebox.com/images/170x170/202503/bps/product/inc/ccdylm1742555293734.jpg,https://litb-cgis.rightinthebox.com/images/170x170/202503/bps/product/inc/qwityi1742555294547.jpg","['- High-quality microfiber upper materials', '- Breathable mesh lining materials', '- Luxurious feel and comfortable fit']",
"Men's Two-Tone Navy & White Golf Shoes, Lace-Up, Durable Leather, Sporty Elegance for Everyday Golfing",$69.99,White / Blue,"https://litb-cgis.rightinthebox.com/images/170x170/202503/bps/product/inc/ovmrwc1742555279000.jpg,https://litb-cgis.rightinthebox.com/images/170x170/202503/bps/product/inc/ynioem1742555274425.jpg,https://litb-cgis.rightinthebox.com/images/170x170/202503/bps/product/inc/gbdopt1742555275314.jpg,https://litb-cgis.rightinthebox.com/images/170x170/202503/bps/product/inc/snevbb1742555276290.jpg","['- Luxurious microfiber upper materials', '- Breathable mesh lining materials', '- High-quality materials for a comfortable feel']",
"Men's Two-Tone Navy & White Golf Shoes, Lace-Up, Durable Leather, Sporty Elegance for Everyday Golfing",$69.99,White,"https://litb-cgis.rightinthebox.com/images/170x170/202503/bps/product/inc/ovmrwc1742555279000.jpg,https://litb-cgis.rightinthebox.com/images/170x170/202503/bps/product/inc/ynioem1742555274425.jpg,https://litb-cgis.rightinthebox.com/images/170x170/202503/bps/product/inc/gbdopt1742555275314.jpg,https://litb-cgis.rightinthebox.com/images/170x170/202503/bps/product/inc/snevbb1742555276290.jpg","['- Luxurious microfiber upper materials', '- Breathable mesh lining materials', '- High-quality materials for a comfortable feel']",
"Men's Two-Tone Navy & White Golf Shoes, Lace-Up, Durable Leather, Sporty Elegance for Everyday Golfing",$69.99,Brown,"https://litb-cgis.rightinthebox.com/images/170x170/202503/bps/product/inc/ovmrwc1742555279000.jpg,https://litb-cgis.rightinthebox.com/images/170x170/202503/bps/product/inc/ynioem1742555274425.jpg,https://litb-cgis.rightinthebox.com/images/170x170/202503/bps/product/inc/gbdopt1742555275314.jpg,https://litb-cgis.rightinthebox.com/images/170x170/202503/bps/product/inc/snevbb1742555276290.jpg","['- Luxurious microfiber upper materials', '- Breathable mesh lining materials', '- High-quality materials for a comfortable feel']",
"Men's Two-Tone Navy & White Golf Shoes, Lace-Up, Durable Leather, Sporty Elegance for Everyday Golfing",$69.99,Black and White,"https://litb-cgis.rightinthebox.com/images/170x170/202503/bps/product/inc/ovmrwc1742555279000.jpg,https://litb-cgis.rightinthebox.com/images/170x170/202503/bps/product/inc/ynioem1742555274425.jpg,https://litb-cgis.rightinthebox.com/images/170x170/202503/bps/product/inc/gbdopt1742555275314.jpg,https://litb-cgis.rightinthebox.com/images/170x170/202503/bps/product/inc/snevbb1742555276290.jpg","['- Luxurious microfiber upper materials', '- Breathable mesh lining materials', '- High-quality materials for a comfortable feel']",
"Men's Two-Tone Navy & White Golf Shoes, Lace-Up, Durable Leather, Sporty Elegance for Everyday Golfing",$69.99,Black,"https://litb-cgis.rightinthebox.com/images/170x170/202503/bps/product/inc/ovmrwc1742555279000.jpg,https://litb-cgis.rightinthebox.com/images/170x170/202503/bps/product/inc/ynioem1742555274425.jpg,https://litb-cgis.rightinthebox.com/images/170x170/202503/bps/product/inc/gbdopt1742555275314.jpg,https://litb-cgis.rightinthebox.com/images/170x170/202503/bps/product/inc/snevbb1742555276290.jpg","['- Luxurious microfiber upper materials', '- Breathable mesh lining materials', '- High-quality materials for a comfortable feel']",
"Men's White Golf Shoes with BOA Lacing System, Spiked Sole, Breathable Upper for Comfort and Stability on the Golf Course",$84.99,White,"https://litb-cgis.rightinthebox.com/images/170x170/202502/bps/product/inc/emrmkf1740049811129.jpg,https://litb-cgis.rightinthebox.com/images/170x170/202502/bps/product/inc/rlzrmf1740049804411.jpg,https://litb-cgis.rightinthebox.com/images/170x170/202502/bps/product/inc/mbpfpy1740049805408.jpg,https://litb-cgis.rightinthebox.com/images/170x170/202502/bps/product/inc/dmsumg1740049806557.jpg","['- Luxurious microfiber upper materials for a stylish and high-quality look', '- Smooth and durable PU lining materials for long-lasting comfort and support']",
"Men's White Golf Shoes with BOA Lacing System, Spiked Sole, Breathable Upper for Comfort and Stability on the Golf Course",$84.99,Black,"https://litb-cgis.rightinthebox.com/images/170x170/202502/bps/product/inc/emrmkf1740049811129.jpg,https://litb-cgis.rightinthebox.com/images/170x170/202502/bps/product/inc/rlzrmf1740049804411.jpg,https://litb-cgis.rightinthebox.com/images/170x170/202502/bps/product/inc/mbpfpy1740049805408.jpg,https://litb-cgis.rightinthebox.com/images/170x170/202502/bps/product/inc/dmsumg1740049806557.jpg","['- Luxurious microfiber upper materials for a stylish and high-quality look', '- Smooth and durable PU lining materials for long-lasting comfort and support']",
"Men's White Golf Shoes with BOA Lacing System, Spiked Sole, Breathable Upper for Comfort and Stability on the Golf Course",$84.99,Brown,"https://litb-cgis.rightinthebox.com/images/170x170/202502/bps/product/inc/emrmkf1740049811129.jpg,https://litb-cgis.rightinthebox.com/images/170x170/202502/bps/product/inc/rlzrmf1740049804411.jpg,https://litb-cgis.rightinthebox.com/images/170x170/202502/bps/product/inc/mbpfpy1740049805408.jpg,https://litb-cgis.rightinthebox.com/images/170x170/202502/bps/product/inc/dmsumg1740049806557.jpg","['- Luxurious microfiber upper materials for a stylish and high-quality look', '- Smooth and durable PU lining materials for long-lasting comfort and support']",
Women's Waterproof Lightweight Golf Shoes with Anti-Slip Sole and Arch Support for Outdoor Training and Casual Sports,$64.99,,"https://litb-cgis.rightinthebox.com/images/170x226/202505/bps/product/inc/aqoqlx1747912854857.jpg,https://litb-cgis.rightinthebox.com/images/170x226/202505/bps/product/inc/htgqoi1747912856467.jpg,https://litb-cgis.rightinthebox.com/images/170x226/202505/bps/product/inc/kgyzkn1747912857860.jpg,https://litb-cgis.rightinthebox.com/images/170x226/202505/bps/product/inc/nwnjit1747912859139.jpg",,"[""Gender: Women's"", 'Category: Sneakers', 'Style: Casual, Sporty', 'Occasion: Outdoor, Daily', 'Activity: Golf', 'Toe Shape: Round Toe', 'Upper Materials: Microbial Leather', 'Outsole Materials: Rubber', 'Pattern: Camouflage', 'Season: Fall, Summer, Spring', 'Size Suggestion: standard size, select your usual size', 'Closure Type: Lace-up', 'Strap Type: Adjustable Strap', 'Heel Type: Flat Heel']"
Women's Waterproof Lightweight Golf Shoes with Anti-Slip Sole and Arch Support for Outdoor Training and Casual Sports,$64.99,White / Blue,"https://litb-cgis.rightinthebox.com/images/170x226/202505/bps/product/inc/aqoqlx1747912854857.jpg,https://litb-cgis.rightinthebox.com/images/170x226/202505/bps/product/inc/htgqoi1747912856467.jpg,https://litb-cgis.rightinthebox.com/images/170x226/202505/bps/product/inc/kgyzkn1747912857860.jpg,https://litb-cgis.rightinthebox.com/images/170x226/202505/bps/product/inc/nwnjit1747912859139.jpg",,"[""Gender: Women's"", 'Category: Sneakers', 'Style: Casual, Sporty', 'Occasion: Outdoor, Daily', 'Activity: Golf', 'Toe Shape: Round Toe', 'Upper Materials: Microbial Leather', 'Outsole Materials: Rubber', 'Pattern: Camouflage', 'Season: Fall, Summer, Spring', 'Size Suggestion: standard size, select your usual size', 'Closure Type: Lace-up', 'Strap Type: Adjustable Strap', 'Heel Type: Flat Heel']"
Women's Waterproof Lightweight Golf Shoes with Anti-Slip Sole and Arch Support for Outdoor Training and Casual Sports,$64.99,Almond,"https://litb-cgis.rightinthebox.com/images/170x226/202505/bps/product/inc/aqoqlx1747912854857.jpg,https://litb-cgis.rightinthebox.com/images/170x226/202505/bps/product/inc/htgqoi1747912856467.jpg,https://litb-cgis.rightinthebox.com/images/170x226/202505/bps/product/inc/kgyzkn1747912857860.jpg,https://litb-cgis.rightinthebox.com/images/170x226/202505/bps/product/inc/nwnjit1747912859139.jpg",,"[""Gender: Women's"", 'Category: Sneakers', 'Style: Casual, Sporty', 'Occasion: Outdoor, Daily', 'Activity: Golf', 'Toe Shape: Round Toe', 'Upper Materials: Microbial Leather', 'Outsole Materials: Rubber', 'Pattern: Camouflage', 'Season: Fall, Summer, Spring', 'Size Suggestion: standard size, select your usual size', 'Closure Type: Lace-up', 'Strap Type: Adjustable Strap', 'Heel Type: Flat Heel']"
Men's Black and Gray Golf Shoes with Non-Slip Sole - Comfortable and Durable Footwear for Professional Golfers,$69.99,Gray,"https://litb-cgis.rightinthebox.com/images/170x170/202505/bps/product/inc/bmonhq1748429254246.jpg,https://litb-cgis.rightinthebox.com/images/170x170/202505/bps/product/inc/wuwnsb1748429255674.jpg,https://litb-cgis.rightinthebox.com/images/170x170/202505/bps/product/inc/qwahdn1748429256811.jpg,https://litb-cgis.rightinthebox.com/images/170x170/202505/bps/product/inc/eapkjw1748429257991.jpg",,"[""Gender: Men's"", 'Category: Sneakers', 'Activity: Golf', 'Toe Shape: Round Toe', 'Upper Materials: Mesh, Microfiber', 'Lining Materials: Mesh, Textile', 'Outsole Materials: Rubber', 'Function: Waterproof, Comfortable, Slip Resistant', 'Closure Type: Lace-up']"
Men's Black and Gray Golf Shoes with Non-Slip Sole - Comfortable and Durable Footwear for Professional Golfers,$69.99,Black,"https://litb-cgis.rightinthebox.com/images/170x170/202505/bps/product/inc/bmonhq1748429254246.jpg,https://litb-cgis.rightinthebox.com/images/170x170/202505/bps/product/inc/wuwnsb1748429255674.jpg,https://litb-cgis.rightinthebox.com/images/170x170/202505/bps/product/inc/qwahdn1748429256811.jpg,https://litb-cgis.rightinthebox.com/images/170x170/202505/bps/product/inc/eapkjw1748429257991.jpg",,"[""Gender: Men's"", 'Category: Sneakers', 'Activity: Golf', 'Toe Shape: Round Toe', 'Upper Materials: Mesh, Microfiber', 'Lining Materials: Mesh, Textile', 'Outsole Materials: Rubber', 'Function: Waterproof, Comfortable, Slip Resistant', 'Closure Type: Lace-up']"
Men's Black and Gray Golf Shoes with Non-Slip Sole - Comfortable and Durable Footwear for Professional Golfers,$69.99,White,"https://litb-cgis.rightinthebox.com/images/170x170/202505/bps/product/inc/bmonhq1748429254246.jpg,https://litb-cgis.rightinthebox.com/images/170x170/202505/bps/product/inc/wuwnsb1748429255674.jpg,https://litb-cgis.rightinthebox.com/images/170x170/202505/bps/product/inc/qwahdn1748429256811.jpg,https://litb-cgis.rightinthebox.com/images/170x170/202505/bps/product/inc/eapkjw1748429257991.jpg",,"[""Gender: Men's"", 'Category: Sneakers', 'Activity: Golf', 'Toe Shape: Round Toe', 'Upper Materials: Mesh, Microfiber', 'Lining Materials: Mesh, Textile', 'Outsole Materials: Rubber', 'Function: Waterproof, Comfortable, Slip Resistant', 'Closure Type: Lace-up']"
"Women’s White Athletic Golf Shoes – Breathable Sneakers for Professional Golfing, Driving Ranges and Weekend Competitions",$54.99,,"https://litb-cgis.rightinthebox.com/images/170x226/202506/bps/product/inc/yvorit1751006319621.jpg,https://litb-cgis.rightinthebox.com/images/170x226/202506/bps/product/inc/lyiadh1751006321437.jpg,https://litb-cgis.rightinthebox.com/images/170x226/202506/bps/product/inc/obrtwb1751006323810.jpg,https://litb-cgis.rightinthebox.com/images/170x226/202506/bps/product/inc/ogqoyf1751006325368.jpg",,"[""Gender: Women's"", 'Category: Sneakers', 'Style: Sporty, Casual, Comfort', 'Occasion: Outdoor, Daily', 'Activity: Golf', 'Toe Shape: Round Toe', 'Upper Materials: Microbial Leather', 'Outsole Materials: Rubber', 'Pattern: Contrast Color', 'Function: Non-Slip, Shockproof, Wear-Resistant', 'Closure Type: Lace-up', 'Heel Type: Flat Heel']"
"Women’s White Athletic Golf Shoes – Breathable Sneakers for Professional Golfing, Driving Ranges and Weekend Competitions",$54.99,Gray,"https://litb-cgis.rightinthebox.com/images/170x226/202506/bps/product/inc/yvorit1751006319621.jpg,https://litb-cgis.rightinthebox.com/images/170x226/202506/bps/product/inc/lyiadh1751006321437.jpg,https://litb-cgis.rightinthebox.com/images/170x226/202506/bps/product/inc/obrtwb1751006323810.jpg,https://litb-cgis.rightinthebox.com/images/170x226/202506/bps/product/inc/ogqoyf1751006325368.jpg",,"[""Gender: Women's"", 'Category: Sneakers', 'Style: Sporty, Casual, Comfort', 'Occasion: Outdoor, Daily', 'Activity: Golf', 'Toe Shape: Round Toe', 'Upper Materials: Microbial Leather', 'Outsole Materials: Rubber', 'Pattern: Contrast Color', 'Function: Non-Slip, Shockproof, Wear-Resistant', 'Closure Type: Lace-up', 'Heel Type: Flat Heel']"
"Women’s White Athletic Golf Shoes – Breathable Sneakers for Professional Golfing, Driving Ranges and Weekend Competitions",$54.99,Black,"https://litb-cgis.rightinthebox.com/images/170x226/202506/bps/product/inc/yvorit1751006319621.jpg,https://litb-cgis.rightinthebox.com/images/170x226/202506/bps/product/inc/lyiadh1751006321437.jpg,https://litb-cgis.rightinthebox.com/images/170x226/202506/bps/product/inc/obrtwb1751006323810.jpg,https://litb-cgis.rightinthebox.com/images/170x226/202506/bps/product/inc/ogqoyf1751006325368.jpg",,"[""Gender: Women's"", 'Category: Sneakers', 'Style: Sporty, Casual, Comfort', 'Occasion: Outdoor, Daily', 'Activity: Golf', 'Toe Shape: Round Toe', 'Upper Materials: Microbial Leather', 'Outsole Materials: Rubber', 'Pattern: Contrast Color', 'Function: Non-Slip, Shockproof, Wear-Resistant', 'Closure Type: Lace-up', 'Heel Type: Flat Heel']"
"Men's White Golf Shoes with Zipper Closure, Breathable Upper, and Cushioned Sole for Comfort and Performance on the Course",$89.99,White / Blue,"https://litb-cgis.rightinthebox.com/images/170x170/202502/bps/product/inc/ksposq1740102855916.jpg,https://litb-cgis.rightinthebox.com/images/170x170/202502/bps/product/inc/knpnox1740102852805.jpg,https://litb-cgis.rightinthebox.com/images/170x170/202502/bps/product/inc/ymtmvd1740102853904.jpg,https://litb-cgis.rightinthebox.com/images/170x170/202502/bps/product/inc/mapegi1740102854900.jpg","['- High-quality microfiber upper materials', '- Breathable mesh lining materials', '- Superior comfort and durability']",
"Men's White Golf Shoes with Zipper Closure, Breathable Upper, and Cushioned Sole for Comfort and Performance on the Course",$89.99,Black,"https://litb-cgis.rightinthebox.com/images/170x170/202502/bps/product/inc/ksposq1740102855916.jpg,https://litb-cgis.rightinthebox.com/images/170x170/202502/bps/product/inc/knpnox1740102852805.jpg,https://litb-cgis.rightinthebox.com/images/170x170/202502/bps/product/inc/ymtmvd1740102853904.jpg,https://litb-cgis.rightinthebox.com/images/170x170/202502/bps/product/inc/mapegi1740102854900.jpg","['- High-quality microfiber upper materials', '- Breathable mesh lining materials', '- Superior comfort and durability']",
"Men's White Golf Shoes with Zipper Closure, Breathable Upper, and Cushioned Sole for Comfort and Performance on the Course",$89.99,Blue,"https://litb-cgis.rightinthebox.com/images/170x170/202502/bps/product/inc/ksposq1740102855916.jpg,https://litb-cgis.rightinthebox.com/images/170x170/202502/bps/product/inc/knpnox1740102852805.jpg,https://litb-cgis.rightinthebox.com/images/170x170/202502/bps/product/inc/ymtmvd1740102853904.jpg,https://litb-cgis.rightinthebox.com/images/170x170/202502/bps/product/inc/mapegi1740102854900.jpg","['- High-quality microfiber upper materials', '- Breathable mesh lining materials', '- Superior comfort and durability']",
"Men's White Golf Shoes with Zipper Closure, Breathable Upper, and Cushioned Sole for Comfort and Performance on the Course",$89.99,Gray,"https://litb-cgis.rightinthebox.com/images/170x170/202502/bps/product/inc/ksposq1740102855916.jpg,https://litb-cgis.rightinthebox.com/images/170x170/202502/bps/product/inc/knpnox1740102852805.jpg,https://litb-cgis.rightinthebox.com/images/170x170/202502/bps/product/inc/ymtmvd1740102853904.jpg,https://litb-cgis.rightinthebox.com/images/170x170/202502/bps/product/inc/mapegi1740102854900.jpg","['- High-quality microfiber upper materials', '- Breathable mesh lining materials', '- Superior comfort and durability']",
"Men's White Golf Shoes with Zipper Closure, Breathable Upper, and Cushioned Sole for Comfort and Performance on the Course",$89.99,Black and White,"https://litb-cgis.rightinthebox.com/images/170x170/202502/bps/product/inc/ksposq1740102855916.jpg,https://litb-cgis.rightinthebox.com/images/170x170/202502/bps/product/inc/knpnox1740102852805.jpg,https://litb-cgis.rightinthebox.com/images/170x170/202502/bps/product/inc/ymtmvd1740102853904.jpg,https://litb-cgis.rightinthebox.com/images/170x170/202502/bps/product/inc/mapegi1740102854900.jpg","['- High-quality microfiber upper materials', '- Breathable mesh lining materials', '- Superior comfort and durability']",
Men's White Brogue Golf Shoes – Durable Faux Leather Lace-Up Sneakers with Perforated Detailing for Golf and Sports Enthusiasts,$79.99,White,"https://litb-cgis.rightinthebox.com/images/170x170/202504/bps/product/inc/iskbgx1745492564609.jpg,https://litb-cgis.rightinthebox.com/images/170x170/202504/bps/product/inc/waprzl1745492559210.jpg,https://litb-cgis.rightinthebox.com/images/170x170/202504/bps/product/inc/ocrrrq1745492560732.jpg,https://litb-cgis.rightinthebox.com/images/170x170/202504/bps/product/inc/zuvzqh1745492561784.jpg",,"[""Gender: Men's"", 'Category: Dress Sneakers', 'Style: Casual', 'Activity: Golf', 'Toe Shape: Round Toe', 'Upper Materials: Microfiber', 'Lining Materials: PU', 'Outsole Materials: Rubber', 'Function: Waterproof, Comfortable, Slip Resistant', 'Closure Type: Lace-up']"
Men's White Brogue Golf Shoes – Durable Faux Leather Lace-Up Sneakers with Perforated Detailing for Golf and Sports Enthusiasts,$79.99,Black,"https://litb-cgis.rightinthebox.com/images/170x170/202504/bps/product/inc/iskbgx1745492564609.jpg,https://litb-cgis.rightinthebox.com/images/170x170/202504/bps/product/inc/waprzl1745492559210.jpg,https://litb-cgis.rightinthebox.com/images/170x170/202504/bps/product/inc/ocrrrq1745492560732.jpg,https://litb-cgis.rightinthebox.com/images/170x170/202504/bps/product/inc/zuvzqh1745492561784.jpg",,"[""Gender: Men's"", 'Category: Dress Sneakers', 'Style: Casual', 'Activity: Golf', 'Toe Shape: Round Toe', 'Upper Materials: Microfiber', 'Lining Materials: PU', 'Outsole Materials: Rubber', 'Function: Waterproof, Comfortable, Slip Resistant', 'Closure Type: Lace-up']"
Women's Purple Golf Sneakers with Cushioned Insoles – Fashionable and Supportive Sports Shoes for Female Golfers on Fairways and Greens,$69.99,,"https://litb-cgis.rightinthebox.com/images/170x226/202505/bps/product/inc/gqhscw1747622837227.jpg,https://litb-cgis.rightinthebox.com/images/170x226/202505/bps/product/inc/nwwwim1747622838964.jpg,https://litb-cgis.rightinthebox.com/images/170x226/202505/bps/product/inc/ttprvu1747622840281.jpg,https://litb-cgis.rightinthebox.com/images/170x226/202505/bps/product/inc/hkfnyw1747622841758.jpg",,"[""Gender: Women's"", 'Category: Sneakers', 'Style: Sporty, Casual, Comfort', 'Occasion: Travel, Outdoor, Daily', 'Activity: Golf', 'Toe Shape: Round Toe', 'Upper Materials: Microfiber, Microbial Leather', 'Outsole Materials: Rubber', 'Pattern: Contrast Color', 'Closure Type: Lace-up', 'Heel Type: Flat Heel']"
Women's Purple Golf Sneakers with Cushioned Insoles – Fashionable and Supportive Sports Shoes for Female Golfers on Fairways and Greens,$69.99,Black / White,"https://litb-cgis.rightinthebox.com/images/170x226/202505/bps/product/inc/gqhscw1747622837227.jpg,https://litb-cgis.rightinthebox.com/images/170x226/202505/bps/product/inc/nwwwim1747622838964.jpg,https://litb-cgis.rightinthebox.com/images/170x226/202505/bps/product/inc/ttprvu1747622840281.jpg,https://litb-cgis.rightinthebox.com/images/170x226/202505/bps/product/inc/hkfnyw1747622841758.jpg",,"[""Gender: Women's"", 'Category: Sneakers', 'Style: Sporty, Casual, Comfort', 'Occasion: Travel, Outdoor, Daily', 'Activity: Golf', 'Toe Shape: Round Toe', 'Upper Materials: Microfiber, Microbial Leather', 'Outsole Materials: Rubber', 'Pattern: Contrast Color', 'Closure Type: Lace-up', 'Heel Type: Flat Heel']"
Women's Purple Golf Sneakers with Cushioned Insoles – Fashionable and Supportive Sports Shoes for Female Golfers on Fairways and Greens,$69.99,Black / Red,"https://litb-cgis.rightinthebox.com/images/170x226/202505/bps/product/inc/gqhscw1747622837227.jpg,https://litb-cgis.rightinthebox.com/images/170x226/202505/bps/product/inc/nwwwim1747622838964.jpg,https://litb-cgis.rightinthebox.com/images/170x226/202505/bps/product/inc/ttprvu1747622840281.jpg,https://litb-cgis.rightinthebox.com/images/170x226/202505/bps/product/inc/hkfnyw1747622841758.jpg",,"[""Gender: Women's"", 'Category: Sneakers', 'Style: Sporty, Casual, Comfort', 'Occasion: Travel, Outdoor, Daily', 'Activity: Golf', 'Toe Shape: Round Toe', 'Upper Materials: Microfiber, Microbial Leather', 'Outsole Materials: Rubber', 'Pattern: Contrast Color', 'Closure Type: Lace-up', 'Heel Type: Flat Heel']"
Women's Purple Golf Sneakers with Cushioned Insoles – Fashionable and Supportive Sports Shoes for Female Golfers on Fairways and Greens,$69.99,Yellow,"https://litb-cgis.rightinthebox.com/images/170x226/202505/bps/product/inc/gqhscw1747622837227.jpg,https://litb-cgis.rightinthebox.com/images/170x226/202505/bps/product/inc/nwwwim1747622838964.jpg,https://litb-cgis.rightinthebox.com/images/170x226/202505/bps/product/inc/ttprvu1747622840281.jpg,https://litb-cgis.rightinthebox.com/images/170x226/202505/bps/product/inc/hkfnyw1747622841758.jpg",,"[""Gender: Women's"", 'Category: Sneakers', 'Style: Sporty, Casual, Comfort', 'Occasion: Travel, Outdoor, Daily', 'Activity: Golf', 'Toe Shape: Round Toe', 'Upper Materials: Microfiber, Microbial Leather', 'Outsole Materials: Rubber', 'Pattern: Contrast Color', 'Closure Type: Lace-up', 'Heel Type: Flat Heel']"
Men's Sneakers Golf Microfiber Waterproof Comfortable Slip Resistant Loafer Black White Blue,$79.99,White,"https://litb-cgis.rightinthebox.com/images/170x170/202505/bps/product/inc/gqiiuw1748514525696.jpg,https://litb-cgis.rightinthebox.com/images/170x170/202505/bps/product/inc/cevbdw1748514527128.jpg,https://litb-cgis.rightinthebox.com/images/170x170/202505/bps/product/inc/carjwr1748514528536.jpg,https://litb-cgis.rightinthebox.com/images/170x170/202505/bps/product/inc/hjkkxz1748514530208.jpg",,"[""Gender: Men's"", 'Category: Sneakers', 'Activity: Golf', 'Toe Shape: Round Toe', 'Upper Materials: Microfiber', 'Lining Materials: Mesh, Textile', 'Outsole Materials: Rubber', 'Function: Waterproof, Comfortable, Slip Resistant', 'Closure Type: Loafer']"
Men's Sneakers Golf Microfiber Waterproof Comfortable Slip Resistant Loafer Black White Blue,$79.99,Black,"https://litb-cgis.rightinthebox.com/images/170x170/202505/bps/product/inc/gqiiuw1748514525696.jpg,https://litb-cgis.rightinthebox.com/images/170x170/202505/bps/product/inc/cevbdw1748514527128.jpg,https://litb-cgis.rightinthebox.com/images/170x170/202505/bps/product/inc/carjwr1748514528536.jpg,https://litb-cgis.rightinthebox.com/images/170x170/202505/bps/product/inc/hjkkxz1748514530208.jpg",,"[""Gender: Men's"", 'Category: Sneakers', 'Activity: Golf', 'Toe Shape: Round Toe', 'Upper Materials: Microfiber', 'Lining Materials: Mesh, Textile', 'Outsole Materials: Rubber', 'Function: Waterproof, Comfortable, Slip Resistant', 'Closure Type: Loafer']"
Men's Sneakers Golf Microfiber Waterproof Comfortable Slip Resistant Loafer Black White Blue,$79.99,Gray,"https://litb-cgis.rightinthebox.com/images/170x170/202505/bps/product/inc/gqiiuw1748514525696.jpg,https://litb-cgis.rightinthebox.com/images/170x170/202505/bps/product/inc/cevbdw1748514527128.jpg,https://litb-cgis.rightinthebox.com/images/170x170/202505/bps/product/inc/carjwr1748514528536.jpg,https://litb-cgis.rightinthebox.com/images/170x170/202505/bps/product/inc/hjkkxz1748514530208.jpg",,"[""Gender: Men's"", 'Category: Sneakers', 'Activity: Golf', 'Toe Shape: Round Toe', 'Upper Materials: Microfiber', 'Lining Materials: Mesh, Textile', 'Outsole Materials: Rubber', 'Function: Waterproof, Comfortable, Slip Resistant', 'Closure Type: Loafer']"
Men's Sneakers Golf Microfiber Waterproof Comfortable Slip Resistant Loafer Black White Blue,$79.99,Blue,"https://litb-cgis.rightinthebox.com/images/170x170/202505/bps/product/inc/gqiiuw1748514525696.jpg,https://litb-cgis.rightinthebox.com/images/170x170/202505/bps/product/inc/cevbdw1748514527128.jpg,https://litb-cgis.rightinthebox.com/images/170x170/202505/bps/product/inc/carjwr1748514528536.jpg,https://litb-cgis.rightinthebox.com/images/170x170/202505/bps/product/inc/hjkkxz1748514530208.jpg",,"[""Gender: Men's"", 'Category: Sneakers', 'Activity: Golf', 'Toe Shape: Round Toe', 'Upper Materials: Microfiber', 'Lining Materials: Mesh, Textile', 'Outsole Materials: Rubber', 'Function: Waterproof, Comfortable, Slip Resistant', 'Closure Type: Loafer']"
"Men's White Golf Shoes with Multi-Traction Sole - Lightweight, Breathable Design for Outdoor Sports",$69.99,Gray,"https://litb-cgis.rightinthebox.com/images/170x170/202505/bps/product/inc/iaianc1748429278853.jpg,https://litb-cgis.rightinthebox.com/images/170x170/202505/bps/product/inc/kzlnsg1748429280627.jpg,https://litb-cgis.rightinthebox.com/images/170x170/202505/bps/product/inc/hriuhv1748429282563.jpg,https://litb-cgis.rightinthebox.com/images/170x170/202505/bps/product/inc/lybkyu1748429284589.jpg",,"[""Gender: Men's"", 'Category: Sneakers', 'Style: Sporty', 'Activity: Golf', 'Toe Shape: Round Toe', 'Upper Materials: Mesh, Microfiber', 'Lining Materials: PU', 'Outsole Materials: Rubber', 'Function: Waterproof, Comfortable, Slip Resistant', 'Closure Type: Lace-up']"
"Men's White Golf Shoes with Multi-Traction Sole - Lightweight, Breathable Design for Outdoor Sports",$69.99,Black,"https://litb-cgis.rightinthebox.com/images/170x170/202505/bps/product/inc/iaianc1748429278853.jpg,https://litb-cgis.rightinthebox.com/images/170x170/202505/bps/product/inc/kzlnsg1748429280627.jpg,https://litb-cgis.rightinthebox.com/images/170x170/202505/bps/product/inc/hriuhv1748429282563.jpg,https://litb-cgis.rightinthebox.com/images/170x170/202505/bps/product/inc/lybkyu1748429284589.jpg",,"[""Gender: Men's"", 'Category: Sneakers', 'Style: Sporty', 'Activity: Golf', 'Toe Shape: Round Toe', 'Upper Materials: Mesh, Microfiber', 'Lining Materials: PU', 'Outsole Materials: Rubber', 'Function: Waterproof, Comfortable, Slip Resistant', 'Closure Type: Lace-up']"
Men's Classic Black and White Golf Shoes with Faux Leather Upper - Versatile Design for Golf and Casual Wear,$69.99,Black and White,"https://litb-cgis.rightinthebox.com/images/170x170/202505/bps/product/inc/roycae1748429246198.jpg,https://litb-cgis.rightinthebox.com/images/170x170/202505/bps/product/inc/kjvxmb1748429248010.jpg,https://litb-cgis.rightinthebox.com/images/170x170/202505/bps/product/inc/yplvmp1748429249846.jpg,https://litb-cgis.rightinthebox.com/images/170x170/202505/bps/product/inc/regckg1748429251722.jpg",,"[""Gender: Men's"", 'Category: Sneakers', 'Style: Casual', 'Activity: Golf', 'Toe Shape: Round Toe', 'Upper Materials: Microfiber', 'Lining Materials: Mesh, Textile', 'Outsole Materials: Rubber', 'Pattern: Color Block', 'Function: Waterproof, Comfortable, Slip Resistant', 'Closure Type: Loafer']"
Men's Classic Black and White Golf Shoes with Faux Leather Upper - Versatile Design for Golf and Casual Wear,$69.99,White,"https://litb-cgis.rightinthebox.com/images/170x170/202505/bps/product/inc/roycae1748429246198.jpg,https://litb-cgis.rightinthebox.com/images/170x170/202505/bps/product/inc/kjvxmb1748429248010.jpg,https://litb-cgis.rightinthebox.com/images/170x170/202505/bps/product/inc/yplvmp1748429249846.jpg,https://litb-cgis.rightinthebox.com/images/170x170/202505/bps/product/inc/regckg1748429251722.jpg",,"[""Gender: Men's"", 'Category: Sneakers', 'Style: Casual', 'Activity: Golf', 'Toe Shape: Round Toe', 'Upper Materials: Microfiber', 'Lining Materials: Mesh, Textile', 'Outsole Materials: Rubber', 'Pattern: Color Block', 'Function: Waterproof, Comfortable, Slip Resistant', 'Closure Type: Loafer']"
"Women’s Pink Golf Shoes – Classic Lace-Up Sneakers for Outdoor Sports, Golf Tournaments and Casual Country Club Style",$84.99,,"https://litb-cgis.rightinthebox.com/images/170x226/202506/bps/product/inc/dzsjii1750934878202.jpg,https://litb-cgis.rightinthebox.com/images/170x226/202506/bps/product/inc/bwmvay1750934864327.jpg,https://litb-cgis.rightinthebox.com/images/170x226/202506/bps/product/inc/rfgjks1750934865849.jpg,https://litb-cgis.rightinthebox.com/images/170x226/202506/bps/product/inc/ecrevh1750934867592.jpg",,"[""Gender: Women's"", 'Category: Oxfords', 'Style: Sporty, Casual', 'Occasion: Outdoor, Daily', 'Activity: Golf', 'Toe Shape: Round Toe', 'Upper Materials: Faux Leather, Microbial Leather', 'Outsole Materials: Rubber', 'Pattern: Contrast Color', 'Function: Non-Slip, Shockproof, Breathable, Wear-Resistant', 'Closure Type: Lace-up', '2024 Trends: Brogue', 'Heel Type: Flat Heel']"
"Women’s Pink Golf Shoes – Classic Lace-Up Sneakers for Outdoor Sports, Golf Tournaments and Casual Country Club Style",$84.99,White / Blue,"https://litb-cgis.rightinthebox.com/images/170x226/202506/bps/product/inc/dzsjii1750934878202.jpg,https://litb-cgis.rightinthebox.com/images/170x226/202506/bps/product/inc/bwmvay1750934864327.jpg,https://litb-cgis.rightinthebox.com/images/170x226/202506/bps/product/inc/rfgjks1750934865849.jpg,https://litb-cgis.rightinthebox.com/images/170x226/202506/bps/product/inc/ecrevh1750934867592.jpg",,"[""Gender: Women's"", 'Category: Oxfords', 'Style: Sporty, Casual', 'Occasion: Outdoor, Daily', 'Activity: Golf', 'Toe Shape: Round Toe', 'Upper Materials: Faux Leather, Microbial Leather', 'Outsole Materials: Rubber', 'Pattern: Contrast Color', 'Function: Non-Slip, Shockproof, Breathable, Wear-Resistant', 'Closure Type: Lace-up', '2024 Trends: Brogue', 'Heel Type: Flat Heel']"
"Women’s Pink Golf Shoes – Classic Lace-Up Sneakers for Outdoor Sports, Golf Tournaments and Casual Country Club Style",$84.99,Pink,"https://litb-cgis.rightinthebox.com/images/170x226/202506/bps/product/inc/dzsjii1750934878202.jpg,https://litb-cgis.rightinthebox.com/images/170x226/202506/bps/product/inc/bwmvay1750934864327.jpg,https://litb-cgis.rightinthebox.com/images/170x226/202506/bps/product/inc/rfgjks1750934865849.jpg,https://litb-cgis.rightinthebox.com/images/170x226/202506/bps/product/inc/ecrevh1750934867592.jpg",,"[""Gender: Women's"", 'Category: Oxfords', 'Style: Sporty, Casual', 'Occasion: Outdoor, Daily', 'Activity: Golf', 'Toe Shape: Round Toe', 'Upper Materials: Faux Leather, Microbial Leather', 'Outsole Materials: Rubber', 'Pattern: Contrast Color', 'Function: Non-Slip, Shockproof, Breathable, Wear-Resistant', 'Closure Type: Lace-up', '2024 Trends: Brogue', 'Heel Type: Flat Heel']"
"Women’s Pink Golf Shoes – Classic Lace-Up Sneakers for Outdoor Sports, Golf Tournaments and Casual Country Club Style",$84.99,White,"https://litb-cgis.rightinthebox.com/images/170x226/202506/bps/product/inc/dzsjii1750934878202.jpg,https://litb-cgis.rightinthebox.com/images/170x226/202506/bps/product/inc/bwmvay1750934864327.jpg,https://litb-cgis.rightinthebox.com/images/170x226/202506/bps/product/inc/rfgjks1750934865849.jpg,https://litb-cgis.rightinthebox.com/images/170x226/202506/bps/product/inc/ecrevh1750934867592.jpg",,"[""Gender: Women's"", 'Category: Oxfords', 'Style: Sporty, Casual', 'Occasion: Outdoor, Daily', 'Activity: Golf', 'Toe Shape: Round Toe', 'Upper Materials: Faux Leather, Microbial Leather', 'Outsole Materials: Rubber', 'Pattern: Contrast Color', 'Function: Non-Slip, Shockproof, Breathable, Wear-Resistant', 'Closure Type: Lace-up', '2024 Trends: Brogue', 'Heel Type: Flat Heel']"
"Women’s Pink Golf Shoes – Classic Lace-Up Sneakers for Outdoor Sports, Golf Tournaments and Casual Country Club Style",$84.99,Black,"https://litb-cgis.rightinthebox.com/images/170x226/202506/bps/product/inc/dzsjii1750934878202.jpg,https://litb-cgis.rightinthebox.com/images/170x226/202506/bps/product/inc/bwmvay1750934864327.jpg,https://litb-cgis.rightinthebox.com/images/170x226/202506/bps/product/inc/rfgjks1750934865849.jpg,https://litb-cgis.rightinthebox.com/images/170x226/202506/bps/product/inc/ecrevh1750934867592.jpg",,"[""Gender: Women's"", 'Category: Oxfords', 'Style: Sporty, Casual', 'Occasion: Outdoor, Daily', 'Activity: Golf', 'Toe Shape: Round Toe', 'Upper Materials: Faux Leather, Microbial Leather', 'Outsole Materials: Rubber', 'Pattern: Contrast Color', 'Function: Non-Slip, Shockproof, Breathable, Wear-Resistant', 'Closure Type: Lace-up', '2024 Trends: Brogue', 'Heel Type: Flat Heel']"
"Men's Ultra-Light White Golf Shoes with Blue Accents, Microfiber Material, Comfortable Fit for Pro Golfers",$69.99,White / Blue,"https://litb-cgis.rightinthebox.com/images/170x170/202503/bps/product/inc/bpkpfr1742555211015.jpg,https://litb-cgis.rightinthebox.com/images/170x170/202503/bps/product/inc/lzjwms1742555209871.jpg,https://litb-cgis.rightinthebox.com/images/170x170/202503/bps/product/inc/zsqhxi1742555212053.jpg,https://litb-cgis.rightinthebox.com/images/170x170/202503/bps/product/inc/bfqwxc1742555212776.jpg","['- Crafted with luxurious microfiber upper materials', '- Features a breathable mesh lining for added comfort', '- Premium quality materials ensure durability and style', '- Perfect choice for those who appreciate both fashion and functionality']",
"Men's Ultra-Light White Golf Shoes with Blue Accents, Microfiber Material, Comfortable Fit for Pro Golfers",$69.99,Black,"https://litb-cgis.rightinthebox.com/images/170x170/202503/bps/product/inc/bpkpfr1742555211015.jpg,https://litb-cgis.rightinthebox.com/images/170x170/202503/bps/product/inc/lzjwms1742555209871.jpg,https://litb-cgis.rightinthebox.com/images/170x170/202503/bps/product/inc/zsqhxi1742555212053.jpg,https://litb-cgis.rightinthebox.com/images/170x170/202503/bps/product/inc/bfqwxc1742555212776.jpg","['- Crafted with luxurious microfiber upper materials', '- Features a breathable mesh lining for added comfort', '- Premium quality materials ensure durability and style', '- Perfect choice for those who appreciate both fashion and functionality']",
"Women’s Mesh Golf Shoes with Pink Detailing – Comfortable Walking Trainers for Golf Courses, Training Grounds and Casual Outdoor Wear",$69.99,,"https://litb-cgis.rightinthebox.com/images/170x226/202506/bps/product/inc/rdxfsi1750848699647.jpg,https://litb-cgis.rightinthebox.com/images/170x226/202506/bps/product/inc/ovyckm1750848701462.jpg,https://litb-cgis.rightinthebox.com/images/170x226/202506/bps/product/inc/umunov1750848702668.jpg,https://litb-cgis.rightinthebox.com/images/170x226/202506/bps/product/inc/temijf1750848704052.jpg",,"[""Gender: Women's"", 'Category: Sneakers', 'Style: Sporty, Casual, Comfort', 'Occasion: Travel, Outdoor, Daily', 'Activity: Running, Walking', 'Toe Shape: Round Toe', 'Upper Materials: Microfiber, Cloth, Microbial Leather', 'Outsole Materials: MD (Phylon), Rubber', 'Pattern: Contrast Color', 'Function: Non-Slip, Shockproof, Breathable, Wear-Resistant', 'Closure Type: Elastic Band', 'Strap Type: Adjustable Strap', 'Heel Type: Flat Heel']"
"Women’s Mesh Golf Shoes with Pink Detailing – Comfortable Walking Trainers for Golf Courses, Training Grounds and Casual Outdoor Wear",$69.99,Purple,"https://litb-cgis.rightinthebox.com/images/170x226/202506/bps/product/inc/rdxfsi1750848699647.jpg,https://litb-cgis.rightinthebox.com/images/170x226/202506/bps/product/inc/ovyckm1750848701462.jpg,https://litb-cgis.rightinthebox.com/images/170x226/202506/bps/product/inc/umunov1750848702668.jpg,https://litb-cgis.rightinthebox.com/images/170x226/202506/bps/product/inc/temijf1750848704052.jpg",,"[""Gender: Women's"", 'Category: Sneakers', 'Style: Sporty, Casual, Comfort', 'Occasion: Travel, Outdoor, Daily', 'Activity: Running, Walking', 'Toe Shape: Round Toe', 'Upper Materials: Microfiber, Cloth, Microbial Leather', 'Outsole Materials: MD (Phylon), Rubber', 'Pattern: Contrast Color', 'Function: Non-Slip, Shockproof, Breathable, Wear-Resistant', 'Closure Type: Elastic Band', 'Strap Type: Adjustable Strap', 'Heel Type: Flat Heel']"
"Women’s Mesh Golf Shoes with Pink Detailing – Comfortable Walking Trainers for Golf Courses, Training Grounds and Casual Outdoor Wear",$69.99,Black / White,"https://litb-cgis.rightinthebox.com/images/170x226/202506/bps/product/inc/rdxfsi1750848699647.jpg,https://litb-cgis.rightinthebox.com/images/170x226/202506/bps/product/inc/ovyckm1750848701462.jpg,https://litb-cgis.rightinthebox.com/images/170x226/202506/bps/product/inc/umunov1750848702668.jpg,https://litb-cgis.rightinthebox.com/images/170x226/202506/bps/product/inc/temijf1750848704052.jpg",,"[""Gender: Women's"", 'Category: Sneakers', 'Style: Sporty, Casual, Comfort', 'Occasion: Travel, Outdoor, Daily', 'Activity: Running, Walking', 'Toe Shape: Round Toe', 'Upper Materials: Microfiber, Cloth, Microbial Leather', 'Outsole Materials: MD (Phylon), Rubber', 'Pattern: Contrast Color', 'Function: Non-Slip, Shockproof, Breathable, Wear-Resistant', 'Closure Type: Elastic Band', 'Strap Type: Adjustable Strap', 'Heel Type: Flat Heel']"
"Women’s Mesh Golf Shoes with Pink Detailing – Comfortable Walking Trainers for Golf Courses, Training Grounds and Casual Outdoor Wear",$69.99,Light Grey,"https://litb-cgis.rightinthebox.com/images/170x226/202506/bps/product/inc/rdxfsi1750848699647.jpg,https://litb-cgis.rightinthebox.com/images/170x226/202506/bps/product/inc/ovyckm1750848701462.jpg,https://litb-cgis.rightinthebox.com/images/170x226/202506/bps/product/inc/umunov1750848702668.jpg,https://litb-cgis.rightinthebox.com/images/170x226/202506/bps/product/inc/temijf1750848704052.jpg",,"[""Gender: Women's"", 'Category: Sneakers', 'Style: Sporty, Casual, Comfort', 'Occasion: Travel, Outdoor, Daily', 'Activity: Running, Walking', 'Toe Shape: Round Toe', 'Upper Materials: Microfiber, Cloth, Microbial Leather', 'Outsole Materials: MD (Phylon), Rubber', 'Pattern: Contrast Color', 'Function: Non-Slip, Shockproof, Breathable, Wear-Resistant', 'Closure Type: Elastic Band', 'Strap Type: Adjustable Strap', 'Heel Type: Flat Heel']"
"Women’s Mesh Golf Shoes with Pink Detailing – Comfortable Walking Trainers for Golf Courses, Training Grounds and Casual Outdoor Wear",$69.99,Black,"https://litb-cgis.rightinthebox.com/images/170x226/202506/bps/product/inc/rdxfsi1750848699647.jpg,https://litb-cgis.rightinthebox.com/images/170x226/202506/bps/product/inc/ovyckm1750848701462.jpg,https://litb-cgis.rightinthebox.com/images/170x226/202506/bps/product/inc/umunov1750848702668.jpg,https://litb-cgis.rightinthebox.com/images/170x226/202506/bps/product/inc/temijf1750848704052.jpg",,"[""Gender: Women's"", 'Category: Sneakers', 'Style: Sporty, Casual, Comfort', 'Occasion: Travel, Outdoor, Daily', 'Activity: Running, Walking', 'Toe Shape: Round Toe', 'Upper Materials: Microfiber, Cloth, Microbial Leather', 'Outsole Materials: MD (Phylon), Rubber', 'Pattern: Contrast Color', 'Function: Non-Slip, Shockproof, Breathable, Wear-Resistant', 'Closure Type: Elastic Band', 'Strap Type: Adjustable Strap', 'Heel Type: Flat Heel']"
"Women’s Mesh Golf Shoes with Pink Detailing – Comfortable Walking Trainers for Golf Courses, Training Grounds and Casual Outdoor Wear",$69.99,White / Blue,"https://litb-cgis.rightinthebox.com/images/170x226/202506/bps/product/inc/rdxfsi1750848699647.jpg,https://litb-cgis.rightinthebox.com/images/170x226/202506/bps/product/inc/ovyckm1750848701462.jpg,https://litb-cgis.rightinthebox.com/images/170x226/202506/bps/product/inc/umunov1750848702668.jpg,https://litb-cgis.rightinthebox.com/images/170x226/202506/bps/product/inc/temijf1750848704052.jpg",,"[""Gender: Women's"", 'Category: Sneakers', 'Style: Sporty, Casual, Comfort', 'Occasion: Travel, Outdoor, Daily', 'Activity: Running, Walking', 'Toe Shape: Round Toe', 'Upper Materials: Microfiber, Cloth, Microbial Leather', 'Outsole Materials: MD (Phylon), Rubber', 'Pattern: Contrast Color', 'Function: Non-Slip, Shockproof, Breathable, Wear-Resistant', 'Closure Type: Elastic Band', 'Strap Type: Adjustable Strap', 'Heel Type: Flat Heel']"
"Men's White Golf Shoes with Rubber Sole - Stylish, Lightweight Design for Maximum Comfort on the Course",$69.99,White,"https://litb-cgis.rightinthebox.com/images/170x170/202505/bps/product/inc/hnxuil1748429237643.jpg,https://litb-cgis.rightinthebox.com/images/170x170/202505/bps/product/inc/ckyogt1748429239935.jpg,https://litb-cgis.rightinthebox.com/images/170x170/202505/bps/product/inc/gsfxqv1748429241171.jpg,https://litb-cgis.rightinthebox.com/images/170x170/202505/bps/product/inc/ynkhwx1748429242263.jpg",,"[""Gender: Men's"", 'Category: Dress Sneakers', 'Style: Casual', 'Activity: Golf', 'Toe Shape: Round Toe', 'Upper Materials: Microfiber', 'Lining Materials: PU, Textile', 'Outsole Materials: Rubber', 'Function: Waterproof, Comfortable, Slip Resistant', 'Closure Type: Lace-up']"
"Men's White Golf Shoes with Rubber Sole - Stylish, Lightweight Design for Maximum Comfort on the Course",$69.99,Black,"https://litb-cgis.rightinthebox.com/images/170x170/202505/bps/product/inc/hnxuil1748429237643.jpg,https://litb-cgis.rightinthebox.com/images/170x170/202505/bps/product/inc/ckyogt1748429239935.jpg,https://litb-cgis.rightinthebox.com/images/170x170/202505/bps/product/inc/gsfxqv1748429241171.jpg,https://litb-cgis.rightinthebox.com/images/170x170/202505/bps/product/inc/ynkhwx1748429242263.jpg",,"[""Gender: Men's"", 'Category: Dress Sneakers', 'Style: Casual', 'Activity: Golf', 'Toe Shape: Round Toe', 'Upper Materials: Microfiber', 'Lining Materials: PU, Textile', 'Outsole Materials: Rubber', 'Function: Waterproof, Comfortable, Slip Resistant', 'Closure Type: Lace-up']"
"Men's White Golf Shoes with Rubber Sole - Stylish, Lightweight Design for Maximum Comfort on the Course",$69.99,Blue,"https://litb-cgis.rightinthebox.com/images/170x170/202505/bps/product/inc/hnxuil1748429237643.jpg,https://litb-cgis.rightinthebox.com/images/170x170/202505/bps/product/inc/ckyogt1748429239935.jpg,https://litb-cgis.rightinthebox.com/images/170x170/202505/bps/product/inc/gsfxqv1748429241171.jpg,https://litb-cgis.rightinthebox.com/images/170x170/202505/bps/product/inc/ynkhwx1748429242263.jpg",,"[""Gender: Men's"", 'Category: Dress Sneakers', 'Style: Casual', 'Activity: Golf', 'Toe Shape: Round Toe', 'Upper Materials: Microfiber', 'Lining Materials: PU, Textile', 'Outsole Materials: Rubber', 'Function: Waterproof, Comfortable, Slip Resistant', 'Closure Type: Lace-up']"
"Men's White Golf Shoes with Rubber Sole - Stylish, Lightweight Design for Maximum Comfort on the Course",$69.99,Brown,"https://litb-cgis.rightinthebox.com/images/170x170/202505/bps/product/inc/hnxuil1748429237643.jpg,https://litb-cgis.rightinthebox.com/images/170x170/202505/bps/product/inc/ckyogt1748429239935.jpg,https://litb-cgis.rightinthebox.com/images/170x170/202505/bps/product/inc/gsfxqv1748429241171.jpg,https://litb-cgis.rightinthebox.com/images/170x170/202505/bps/product/inc/ynkhwx1748429242263.jpg",,"[""Gender: Men's"", 'Category: Dress Sneakers', 'Style: Casual', 'Activity: Golf', 'Toe Shape: Round Toe', 'Upper Materials: Microfiber', 'Lining Materials: PU, Textile', 'Outsole Materials: Rubber', 'Function: Waterproof, Comfortable, Slip Resistant', 'Closure Type: Lace-up']"
"Men's White Golf Shoes with Rubber Sole - Stylish, Lightweight Design for Maximum Comfort on the Course",$69.99,Gray,"https://litb-cgis.rightinthebox.com/images/170x170/202505/bps/product/inc/hnxuil1748429237643.jpg,https://litb-cgis.rightinthebox.com/images/170x170/202505/bps/product/inc/ckyogt1748429239935.jpg,https://litb-cgis.rightinthebox.com/images/170x170/202505/bps/product/inc/gsfxqv1748429241171.jpg,https://litb-cgis.rightinthebox.com/images/170x170/202505/bps/product/inc/ynkhwx1748429242263.jpg",,"[""Gender: Men's"", 'Category: Dress Sneakers', 'Style: Casual', 'Activity: Golf', 'Toe Shape: Round Toe', 'Upper Materials: Microfiber', 'Lining Materials: PU, Textile', 'Outsole Materials: Rubber', 'Function: Waterproof, Comfortable, Slip Resistant', 'Closure Type: Lace-up']"
"Men's White Golf Shoes with Spiked Sole, Breathable Faux Leather and BOA Closure System for Adjustable Fit, Ideal for Golf and Sports Activities",$89.99,White,"https://litb-cgis.rightinthebox.com/images/170x170/202505/bps/product/inc/tjtroa1748419499376.jpg,https://litb-cgis.rightinthebox.com/images/170x170/202502/bps/product/inc/riulun1740102862986.jpg,https://litb-cgis.rightinthebox.com/images/170x170/202502/bps/product/inc/uirkah1740102858260.jpg,https://litb-cgis.rightinthebox.com/images/170x170/202502/bps/product/inc/znmkkz1740102859368.jpg","[""Highlighting the product's premium quality materials:"", '- Crafted with soft and durable microfiber upper materials', '- Features a sleek and stylish PU lining for added comfort and luxury']",
"Men's White Golf Shoes with Spiked Sole, Breathable Faux Leather and BOA Closure System for Adjustable Fit, Ideal for Golf and Sports Activities",$89.99,Black,"https://litb-cgis.rightinthebox.com/images/170x170/202505/bps/product/inc/tjtroa1748419499376.jpg,https://litb-cgis.rightinthebox.com/images/170x170/202502/bps/product/inc/riulun1740102862986.jpg,https://litb-cgis.rightinthebox.com/images/170x170/202502/bps/product/inc/uirkah1740102858260.jpg,https://litb-cgis.rightinthebox.com/images/170x170/202502/bps/product/inc/znmkkz1740102859368.jpg","[""Highlighting the product's premium quality materials:"", '- Crafted with soft and durable microfiber upper materials', '- Features a sleek and stylish PU lining for added comfort and luxury']",
"Women's Lightweight Pink Golf Shoes with Breathable Mesh – Stylish Lace-Up Athletic Footwear for Casual Golf Rounds, Driving Range or Country Club Events",$64.99,,"https://litb-cgis.rightinthebox.com/images/170x226/202505/bps/product/inc/ocgdez1747622821945.jpg,https://litb-cgis.rightinthebox.com/images/170x226/202505/bps/product/inc/upiynb1747622824424.jpg,https://litb-cgis.rightinthebox.com/images/170x226/202505/bps/product/inc/mlcbqm1747622826247.jpg,https://litb-cgis.rightinthebox.com/images/170x226/202505/bps/product/inc/mcaech1747622828052.jpg",,"[""Gender: Women's"", 'Category: Sneakers', 'Style: Sporty, Casual, Comfort', 'Occasion: Travel, Outdoor, Daily', 'Activity: Golf, Running, Walking', 'Toe Shape: Round Toe', 'Upper Materials: Tissage Volant', 'Outsole Materials: MD (Phylon), Rubber', 'Pattern: Contrast Color', 'Function: Non-Slip, Shockproof, Breathable, Wear-Resistant', 'Closure Type: Lace-up', 'Heel Type: Flat Heel']"
"Women's Lightweight Pink Golf Shoes with Breathable Mesh – Stylish Lace-Up Athletic Footwear for Casual Golf Rounds, Driving Range or Country Club Events",$64.99,Gray,"https://litb-cgis.rightinthebox.com/images/170x226/202505/bps/product/inc/ocgdez1747622821945.jpg,https://litb-cgis.rightinthebox.com/images/170x226/202505/bps/product/inc/upiynb1747622824424.jpg,https://litb-cgis.rightinthebox.com/images/170x226/202505/bps/product/inc/mlcbqm1747622826247.jpg,https://litb-cgis.rightinthebox.com/images/170x226/202505/bps/product/inc/mcaech1747622828052.jpg",,"[""Gender: Women's"", 'Category: Sneakers', 'Style: Sporty, Casual, Comfort', 'Occasion: Travel, Outdoor, Daily', 'Activity: Golf, Running, Walking', 'Toe Shape: Round Toe', 'Upper Materials: Tissage Volant', 'Outsole Materials: MD (Phylon), Rubber', 'Pattern: Contrast Color', 'Function: Non-Slip, Shockproof, Breathable, Wear-Resistant', 'Closure Type: Lace-up', 'Heel Type: Flat Heel']"
"Women's Lightweight Pink Golf Shoes with Breathable Mesh – Stylish Lace-Up Athletic Footwear for Casual Golf Rounds, Driving Range or Country Club Events",$64.99,Black,"https://litb-cgis.rightinthebox.com/images/170x226/202505/bps/product/inc/ocgdez1747622821945.jpg,https://litb-cgis.rightinthebox.com/images/170x226/202505/bps/product/inc/upiynb1747622824424.jpg,https://litb-cgis.rightinthebox.com/images/170x226/202505/bps/product/inc/mlcbqm1747622826247.jpg,https://litb-cgis.rightinthebox.com/images/170x226/202505/bps/product/inc/mcaech1747622828052.jpg",,"[""Gender: Women's"", 'Category: Sneakers', 'Style: Sporty, Casual, Comfort', 'Occasion: Travel, Outdoor, Daily', 'Activity: Golf, Running, Walking', 'Toe Shape: Round Toe', 'Upper Materials: Tissage Volant', 'Outsole Materials: MD (Phylon), Rubber', 'Pattern: Contrast Color', 'Function: Non-Slip, Shockproof, Breathable, Wear-Resistant', 'Closure Type: Lace-up', 'Heel Type: Flat Heel']"
"Men's Light Blue Golf Shoes with Adjustable Dial System, Breathable Design, Sporty Outdoor Golf Footwear",$69.99,Blue,"https://litb-cgis.rightinthebox.com/images/170x170/202503/bps/product/inc/okwsgn1742555316683.jpg,https://litb-cgis.rightinthebox.com/images/170x170/202503/bps/product/inc/kfwhqx1742555314274.jpg,https://litb-cgis.rightinthebox.com/images/170x170/202503/bps/product/inc/fviutl1742555315767.jpg,https://litb-cgis.rightinthebox.com/images/170x170/202503/bps/product/inc/uccunf1742555317373.jpg","['- Luxurious and soft microfiber upper materials', '- High-quality PU lining materials for durability and comfort', '- Premium materials used for superior quality and style']",
"Men's Light Blue Golf Shoes with Adjustable Dial System, Breathable Design, Sporty Outdoor Golf Footwear",$69.99,Pink,"https://litb-cgis.rightinthebox.com/images/170x170/202503/bps/product/inc/okwsgn1742555316683.jpg,https://litb-cgis.rightinthebox.com/images/170x170/202503/bps/product/inc/kfwhqx1742555314274.jpg,https://litb-cgis.rightinthebox.com/images/170x170/202503/bps/product/inc/fviutl1742555315767.jpg,https://litb-cgis.rightinthebox.com/images/170x170/202503/bps/product/inc/uccunf1742555317373.jpg","['- Luxurious and soft microfiber upper materials', '- High-quality PU lining materials for durability and comfort', '- Premium materials used for superior quality and style']",
"Men's Light Blue Golf Shoes with Adjustable Dial System, Breathable Design, Sporty Outdoor Golf Footwear",$69.99,Almond,"https://litb-cgis.rightinthebox.com/images/170x170/202503/bps/product/inc/okwsgn1742555316683.jpg,https://litb-cgis.rightinthebox.com/images/170x170/202503/bps/product/inc/kfwhqx1742555314274.jpg,https://litb-cgis.rightinthebox.com/images/170x170/202503/bps/product/inc/fviutl1742555315767.jpg,https://litb-cgis.rightinthebox.com/images/170x170/202503/bps/product/inc/uccunf1742555317373.jpg","['- Luxurious and soft microfiber upper materials', '- High-quality PU lining materials for durability and comfort', '- Premium materials used for superior quality and style']",
"Men's Light Blue Golf Shoes with Adjustable Dial System, Breathable Design, Sporty Outdoor Golf Footwear",$69.99,Black,"https://litb-cgis.rightinthebox.com/images/170x170/202503/bps/product/inc/okwsgn1742555316683.jpg,https://litb-cgis.rightinthebox.com/images/170x170/202503/bps/product/inc/kfwhqx1742555314274.jpg,https://litb-cgis.rightinthebox.com/images/170x170/202503/bps/product/inc/fviutl1742555315767.jpg,https://litb-cgis.rightinthebox.com/images/170x170/202503/bps/product/inc/uccunf1742555317373.jpg","['- Luxurious and soft microfiber upper materials', '- High-quality PU lining materials for durability and comfort', '- Premium materials used for superior quality and style']",
"Men's White and Black Golf Shoes with Spiked Sole, Breathable Upper, and Supportive Cushioning for Optimal Comfort and Performance on the Course",$79.99,White,"https://litb-cgis.rightinthebox.com/images/170x170/202502/bps/product/inc/jaonxn1740049928172.jpg,https://litb-cgis.rightinthebox.com/images/170x170/202502/bps/product/inc/cjpqne1740049925298.jpg,https://litb-cgis.rightinthebox.com/images/170x170/202502/bps/product/inc/inuyob1740049926220.jpg,https://litb-cgis.rightinthebox.com/images/170x170/202502/bps/product/inc/bojpek1740049927126.jpg","['- Luxurious microfiber upper materials for a high-end look and feel', '- PU lining materials for added durability and comfort', '- Crafted with high-quality materials for long-lasting wear', '- Enhance your style with these sleek and chic shoes crafted from microfiber and PU materials']",
"Men's White and Black Golf Shoes with Spiked Sole, Breathable Upper, and Supportive Cushioning for Optimal Comfort and Performance on the Course",$79.99,Black,"https://litb-cgis.rightinthebox.com/images/170x170/202502/bps/product/inc/jaonxn1740049928172.jpg,https://litb-cgis.rightinthebox.com/images/170x170/202502/bps/product/inc/cjpqne1740049925298.jpg,https://litb-cgis.rightinthebox.com/images/170x170/202502/bps/product/inc/inuyob1740049926220.jpg,https://litb-cgis.rightinthebox.com/images/170x170/202502/bps/product/inc/bojpek1740049927126.jpg","['- Luxurious microfiber upper materials for a high-end look and feel', '- PU lining materials for added durability and comfort', '- Crafted with high-quality materials for long-lasting wear', '- Enhance your style with these sleek and chic shoes crafted from microfiber and PU materials']",
