Product Name,Price,Color,Image URLs,Important Links
"Breathable Gel Metatarsal Pads – Cushioned Honeycomb Forefoot Support for Pain Relief, Anti-Slip Foot Protection for Men & Women",$5.99,Nude,"https://litb-cgis.rightinthebox.com/images/170x170/202206/bps/product/inc/dzdxrv1655705648725.jpg,https://litb-cgis.rightinthebox.com/images/170x170/202206/bps/product/inc/nbnppb1655705649474.jpg,https://litb-cgis.rightinthebox.com/images/170x170/202207/bps/product/inc/tlqgxr1657596072293.jpg,https://litb-cgis.rightinthebox.com/images/170x170/202209/bps/product/inc/ajftmi1662454113240.jpg",['Duty & Tax Insurance Return Policy Contact Us Wholesale']
"Breathable Gel Metatarsal Pads – Cushioned Honeycomb Forefoot Support for Pain Relief, Anti-Slip Foot Protection for Men & Women",$5.99,White,"https://litb-cgis.rightinthebox.com/images/170x170/202206/bps/product/inc/dzdxrv1655705648725.jpg,https://litb-cgis.rightinthebox.com/images/170x170/202206/bps/product/inc/nbnppb1655705649474.jpg,https://litb-cgis.rightinthebox.com/images/170x170/202207/bps/product/inc/tlqgxr1657596072293.jpg,https://litb-cgis.rightinthebox.com/images/170x170/202209/bps/product/inc/ajftmi1662454113240.jpg",['Duty & Tax Insurance Return Policy Contact Us Wholesale']
Gel Toe Separators for Overlapping Toes and Bunion Relief - Soft Silicone Cushions for Foot Pain Relief and Toe Alignment,$8.99,,"https://litb-cgis.rightinthebox.com/images/170x170/202302/bps/product/inc/silnzd1676863553643.jpg,https://litb-cgis.rightinthebox.com/images/170x170/202206/bps/product/inc/kkigjf1656468663762.jpg,https://litb-cgis.rightinthebox.com/images/170x170/202206/bps/product/inc/cdsnvp1656468663400.jpg,https://litb-cgis.rightinthebox.com/images/170x170/202501/bps/product/inc/pusdjv1737683889924.jpg",['Duty & Tax Insurance Return Policy Contact Us Wholesale']
"Adjustable Height Increase Insoles – Invisible Shoe Inserts for Men & Women, 1.18 to 3.54 inch Lift, Comfortable and Breathable",$14.99,,"https://litb-cgis.rightinthebox.com/images/170x170/202306/bps/product/inc/pgyqpy1685683561946.jpg,https://litb-cgis.rightinthebox.com/images/170x170/202306/bps/product/inc/tusdlg1685683558702.jpg,https://litb-cgis.rightinthebox.com/images/170x170/202306/bps/product/inc/uwflgs1685683559006.jpg,https://litb-cgis.rightinthebox.com/images/170x170/202306/bps/product/inc/jyzslu1685683559297.jpg",['Duty & Tax Insurance Return Policy Contact Us Wholesale']
Adjustable Bunion Corrector for Women and Men – Soft Silicone Toe Separator with Arch Support for Hallux Valgus Relief and Foot Pain Recovery,$8.99,,"https://litb-cgis.rightinthebox.com/images/170x170/202207/bps/product/inc/qplqka1658207630654.jpg,https://litb-cgis.rightinthebox.com/images/170x170/202207/bps/product/inc/lskfir1658207634191.jpg,https://litb-cgis.rightinthebox.com/images/170x170/202207/bps/product/inc/bzqbyg1658207632841.jpg,https://litb-cgis.rightinthebox.com/images/170x170/202207/bps/product/inc/mjsmpp1658207635069.jpg",['Duty & Tax Insurance Return Policy Contact Us Wholesale']
"Comfortable Memory Foam Insoles – Anti-Fatigue Cushioned Inserts for Shoes, Standing Support, Double Pack for Men & Women",$7.99,Black,"https://litb-cgis.rightinthebox.com/images/170x170/202305/bps/product/inc/qhbjbx1684387902888.jpg,https://litb-cgis.rightinthebox.com/images/170x170/202305/bps/product/inc/flyshs1684387903229.jpg,https://litb-cgis.rightinthebox.com/images/170x170/202305/bps/product/inc/natbil1684387903551.jpg,https://litb-cgis.rightinthebox.com/images/170x170/202305/bps/product/inc/dmilfs1684387903840.jpg",['Duty & Tax Insurance Return Policy Contact Us Wholesale']
"Comfortable Memory Foam Insoles – Anti-Fatigue Cushioned Inserts for Shoes, Standing Support, Double Pack for Men & Women",$7.99,Grey,"https://litb-cgis.rightinthebox.com/images/170x170/202305/bps/product/inc/qhbjbx1684387902888.jpg,https://litb-cgis.rightinthebox.com/images/170x170/202305/bps/product/inc/flyshs1684387903229.jpg,https://litb-cgis.rightinthebox.com/images/170x170/202305/bps/product/inc/natbil1684387903551.jpg,https://litb-cgis.rightinthebox.com/images/170x170/202305/bps/product/inc/dmilfs1684387903840.jpg",['Duty & Tax Insurance Return Policy Contact Us Wholesale']
"Comfortable Memory Foam Insoles – Anti-Fatigue Cushioned Inserts for Shoes, Standing Support, Double Pack for Men & Women",$7.99,White,"https://litb-cgis.rightinthebox.com/images/170x170/202305/bps/product/inc/qhbjbx1684387902888.jpg,https://litb-cgis.rightinthebox.com/images/170x170/202305/bps/product/inc/flyshs1684387903229.jpg,https://litb-cgis.rightinthebox.com/images/170x170/202305/bps/product/inc/natbil1684387903551.jpg,https://litb-cgis.rightinthebox.com/images/170x170/202305/bps/product/inc/dmilfs1684387903840.jpg",['Duty & Tax Insurance Return Policy Contact Us Wholesale']
"Comfortable Memory Foam Insoles – Anti-Fatigue Cushioned Inserts for Shoes, Standing Support, Double Pack for Men & Women",$7.99,Orange,"https://litb-cgis.rightinthebox.com/images/170x170/202305/bps/product/inc/qhbjbx1684387902888.jpg,https://litb-cgis.rightinthebox.com/images/170x170/202305/bps/product/inc/flyshs1684387903229.jpg,https://litb-cgis.rightinthebox.com/images/170x170/202305/bps/product/inc/natbil1684387903551.jpg,https://litb-cgis.rightinthebox.com/images/170x170/202305/bps/product/inc/dmilfs1684387903840.jpg",['Duty & Tax Insurance Return Policy Contact Us Wholesale']
"Women's Anti-Slip Gel Heel Cushion Inserts – Transparent Silicone Shoe Pads for Blister Prevention & Comfort – Ideal for High Heels, Flats & Loafers",$7.99,,"https://litb-cgis.rightinthebox.com/images/170x170/202304/bps/product/inc/keaevy1681205283192.jpg,https://litb-cgis.rightinthebox.com/images/170x170/202304/bps/product/inc/cewrwy1681205284082.jpg,https://litb-cgis.rightinthebox.com/images/170x170/202304/bps/product/inc/yajydp1681205284531.jpg,https://litb-cgis.rightinthebox.com/images/170x170/202304/bps/product/inc/fmbpjx1681205284975.jpg",['Duty & Tax Insurance Return Policy Contact Us Wholesale']
"1Pair Orthopedic Silicone Heel Correctors for Flat Feet, Knock Knees, and Arch Support",$11.99,White,"https://litb-cgis.rightinthebox.com/images/170x170/202307/bps/product/inc/ytxfun1689130168111.jpg,https://litb-cgis.rightinthebox.com/images/170x170/202307/bps/product/inc/govoiu1689130170457.jpg,https://litb-cgis.rightinthebox.com/images/170x170/202307/bps/product/inc/bwrjsj1689130169238.jpg,https://litb-cgis.rightinthebox.com/images/170x170/202307/bps/product/inc/zcgmak1689130168909.jpg",['Duty & Tax Insurance Return Policy Contact Us Wholesale']
"1Pair Orthopedic Silicone Heel Correctors for Flat Feet, Knock Knees, and Arch Support",$11.99,Beige,"https://litb-cgis.rightinthebox.com/images/170x170/202307/bps/product/inc/ytxfun1689130168111.jpg,https://litb-cgis.rightinthebox.com/images/170x170/202307/bps/product/inc/govoiu1689130170457.jpg,https://litb-cgis.rightinthebox.com/images/170x170/202307/bps/product/inc/bwrjsj1689130169238.jpg,https://litb-cgis.rightinthebox.com/images/170x170/202307/bps/product/inc/zcgmak1689130168909.jpg",['Duty & Tax Insurance Return Policy Contact Us Wholesale']
"Non-Slip Metatarsal Pads – Soft Cushions for Forefoot Pain Relief, Breathable Pressure-Relief Pads for High Heels and Daily Comfort, Available in Beige and Black",$7.99,Black,"https://litb-cgis.rightinthebox.com/images/170x170/202305/bps/product/inc/xiuiid1684390923615.jpg,https://litb-cgis.rightinthebox.com/images/170x170/202305/bps/product/inc/syfgvn1684405547868.jpg,https://litb-cgis.rightinthebox.com/images/170x170/202305/bps/product/inc/fcxezd1684405549461.jpg,https://litb-cgis.rightinthebox.com/images/170x170/202305/bps/product/inc/gxegjs1684405551107.jpg",['Duty & Tax Insurance Return Policy Contact Us Wholesale']
"Non-Slip Metatarsal Pads – Soft Cushions for Forefoot Pain Relief, Breathable Pressure-Relief Pads for High Heels and Daily Comfort, Available in Beige and Black",$7.99,Khaki,"https://litb-cgis.rightinthebox.com/images/170x170/202305/bps/product/inc/xiuiid1684390923615.jpg,https://litb-cgis.rightinthebox.com/images/170x170/202305/bps/product/inc/syfgvn1684405547868.jpg,https://litb-cgis.rightinthebox.com/images/170x170/202305/bps/product/inc/fcxezd1684405549461.jpg,https://litb-cgis.rightinthebox.com/images/170x170/202305/bps/product/inc/gxegjs1684405551107.jpg",['Duty & Tax Insurance Return Policy Contact Us Wholesale']
"Bunion Corrector Sleeve with Toe Separator – Orthopedic Hallux Valgus Relief Pad for Women and Men, Soft Gel Cushion for Foot Pain and Big Toe Alignment, Ideal for Daily Wear and High Heels",$11.99,,"https://litb-cgis.rightinthebox.com/images/170x170/202305/bps/product/inc/reysam1684149904830.jpg,https://litb-cgis.rightinthebox.com/images/170x170/202305/bps/product/inc/gxpqry1684149902665.jpg,https://litb-cgis.rightinthebox.com/images/170x170/202305/bps/product/inc/nfcuoj1684149903067.jpg,https://litb-cgis.rightinthebox.com/images/170x170/202305/bps/product/inc/msunbl1684149903341.jpg",['Duty & Tax Insurance Return Policy Contact Us Wholesale']
"Memory Foam Massage Insoles for Foot Pain Relief – Soft Arch Support Cushion Pads for Men and Women, Shock-Absorbing Inserts for Walking, Running, Standing All Day",$11.99,Beige,"https://litb-cgis.rightinthebox.com/images/170x170/202305/bps/product/inc/bqcxph1684388348703.jpg,https://litb-cgis.rightinthebox.com/images/170x170/202305/bps/product/inc/rtrmdk1684388349085.jpg,https://litb-cgis.rightinthebox.com/images/170x170/202305/bps/product/inc/cbehwj1684388349348.jpg,https://litb-cgis.rightinthebox.com/images/170x170/202305/bps/product/inc/vovibl1684388349655.jpg",['Duty & Tax Insurance Return Policy Contact Us Wholesale']
"Memory Foam Massage Insoles for Foot Pain Relief – Soft Arch Support Cushion Pads for Men and Women, Shock-Absorbing Inserts for Walking, Running, Standing All Day",$11.99,Pink,"https://litb-cgis.rightinthebox.com/images/170x170/202305/bps/product/inc/bqcxph1684388348703.jpg,https://litb-cgis.rightinthebox.com/images/170x170/202305/bps/product/inc/rtrmdk1684388349085.jpg,https://litb-cgis.rightinthebox.com/images/170x170/202305/bps/product/inc/cbehwj1684388349348.jpg,https://litb-cgis.rightinthebox.com/images/170x170/202305/bps/product/inc/vovibl1684388349655.jpg",['Duty & Tax Insurance Return Policy Contact Us Wholesale']
"Memory Foam Massage Insoles for Foot Pain Relief – Soft Arch Support Cushion Pads for Men and Women, Shock-Absorbing Inserts for Walking, Running, Standing All Day",$11.99,Grey,"https://litb-cgis.rightinthebox.com/images/170x170/202305/bps/product/inc/bqcxph1684388348703.jpg,https://litb-cgis.rightinthebox.com/images/170x170/202305/bps/product/inc/rtrmdk1684388349085.jpg,https://litb-cgis.rightinthebox.com/images/170x170/202305/bps/product/inc/cbehwj1684388349348.jpg,https://litb-cgis.rightinthebox.com/images/170x170/202305/bps/product/inc/vovibl1684388349655.jpg",['Duty & Tax Insurance Return Policy Contact Us Wholesale']
"Memory Foam Massage Insoles for Foot Pain Relief – Soft Arch Support Cushion Pads for Men and Women, Shock-Absorbing Inserts for Walking, Running, Standing All Day",$11.99,Black,"https://litb-cgis.rightinthebox.com/images/170x170/202305/bps/product/inc/bqcxph1684388348703.jpg,https://litb-cgis.rightinthebox.com/images/170x170/202305/bps/product/inc/rtrmdk1684388349085.jpg,https://litb-cgis.rightinthebox.com/images/170x170/202305/bps/product/inc/cbehwj1684388349348.jpg,https://litb-cgis.rightinthebox.com/images/170x170/202305/bps/product/inc/vovibl1684388349655.jpg",['Duty & Tax Insurance Return Policy Contact Us Wholesale']
"Toe Separator with Elastic Band for Bunion Relief and Toe Alignment, Comfortable and Adjustable Gel Toe Straightener for Foot Pain Support",$7.99,Black,"https://litb-cgis.rightinthebox.com/images/170x170/202212/bps/product/inc/eclzrj1669880266099.jpg,https://litb-cgis.rightinthebox.com/images/170x170/202212/bps/product/inc/wdfxye1669875574921.jpg,https://litb-cgis.rightinthebox.com/images/170x170/202212/bps/product/inc/eeapmx1669880264361.jpg,https://litb-cgis.rightinthebox.com/images/170x170/202212/bps/product/inc/myvkeh1669875575654.jpg",['Duty & Tax Insurance Return Policy Contact Us Wholesale']
"Toe Separator with Elastic Band for Bunion Relief and Toe Alignment, Comfortable and Adjustable Gel Toe Straightener for Foot Pain Support",$7.99,Nude,"https://litb-cgis.rightinthebox.com/images/170x170/202212/bps/product/inc/eclzrj1669880266099.jpg,https://litb-cgis.rightinthebox.com/images/170x170/202212/bps/product/inc/wdfxye1669875574921.jpg,https://litb-cgis.rightinthebox.com/images/170x170/202212/bps/product/inc/eeapmx1669880264361.jpg,https://litb-cgis.rightinthebox.com/images/170x170/202212/bps/product/inc/myvkeh1669875575654.jpg",['Duty & Tax Insurance Return Policy Contact Us Wholesale']
"Adjustable Elastic Pant Leg Shortening Strap – Quick Fix for Loose Trousers, Professional and Casual Wear",$7.99,Silver,"https://litb-cgis.rightinthebox.com/images/170x170/202307/bps/product/inc/bpwglj1688353191178.jpg,https://litb-cgis.rightinthebox.com/images/170x170/202307/bps/product/inc/uuodpl1688353191516.jpg,https://litb-cgis.rightinthebox.com/images/170x170/202503/bps/product/inc/bmjkhq1741326009137.jpg,https://litb-cgis.rightinthebox.com/images/170x170/202307/bps/product/inc/cydufj1688353191812.jpg",['Duty & Tax Insurance Return Policy Contact Us Wholesale']
"Adjustable Elastic Pant Leg Shortening Strap – Quick Fix for Loose Trousers, Professional and Casual Wear",$7.99,Blue,"https://litb-cgis.rightinthebox.com/images/170x170/202307/bps/product/inc/bpwglj1688353191178.jpg,https://litb-cgis.rightinthebox.com/images/170x170/202307/bps/product/inc/uuodpl1688353191516.jpg,https://litb-cgis.rightinthebox.com/images/170x170/202503/bps/product/inc/bmjkhq1741326009137.jpg,https://litb-cgis.rightinthebox.com/images/170x170/202307/bps/product/inc/cydufj1688353191812.jpg",['Duty & Tax Insurance Return Policy Contact Us Wholesale']
"Adjustable Elastic Pant Leg Shortening Strap – Quick Fix for Loose Trousers, Professional and Casual Wear",$7.99,White,"https://litb-cgis.rightinthebox.com/images/170x170/202307/bps/product/inc/bpwglj1688353191178.jpg,https://litb-cgis.rightinthebox.com/images/170x170/202307/bps/product/inc/uuodpl1688353191516.jpg,https://litb-cgis.rightinthebox.com/images/170x170/202503/bps/product/inc/bmjkhq1741326009137.jpg,https://litb-cgis.rightinthebox.com/images/170x170/202307/bps/product/inc/cydufj1688353191812.jpg",['Duty & Tax Insurance Return Policy Contact Us Wholesale']
"Adjustable Elastic Pant Leg Shortening Strap – Quick Fix for Loose Trousers, Professional and Casual Wear",$7.99,Black,"https://litb-cgis.rightinthebox.com/images/170x170/202307/bps/product/inc/bpwglj1688353191178.jpg,https://litb-cgis.rightinthebox.com/images/170x170/202307/bps/product/inc/uuodpl1688353191516.jpg,https://litb-cgis.rightinthebox.com/images/170x170/202503/bps/product/inc/bmjkhq1741326009137.jpg,https://litb-cgis.rightinthebox.com/images/170x170/202307/bps/product/inc/cydufj1688353191812.jpg",['Duty & Tax Insurance Return Policy Contact Us Wholesale']
"Adjustable Elastic Pant Leg Shortening Strap – Quick Fix for Loose Trousers, Professional and Casual Wear",$7.99,Beige,"https://litb-cgis.rightinthebox.com/images/170x170/202307/bps/product/inc/bpwglj1688353191178.jpg,https://litb-cgis.rightinthebox.com/images/170x170/202307/bps/product/inc/uuodpl1688353191516.jpg,https://litb-cgis.rightinthebox.com/images/170x170/202503/bps/product/inc/bmjkhq1741326009137.jpg,https://litb-cgis.rightinthebox.com/images/170x170/202307/bps/product/inc/cydufj1688353191812.jpg",['Duty & Tax Insurance Return Policy Contact Us Wholesale']
"1 Pair Arch Support Compression Foot Sleeves with Gel Pad – Pain Relief Socks for Plantar Fasciitis, Flat Feet, and Foot Pain Recovery for Men & Women",$11.99,,"https://litb-cgis.rightinthebox.com/images/170x170/202305/bps/product/inc/okjtxk1684226493342.jpg,https://litb-cgis.rightinthebox.com/images/170x170/202305/bps/product/inc/zfsfvn1684226492344.jpg,https://litb-cgis.rightinthebox.com/images/170x170/202305/bps/product/inc/jmmjct1684236618587.jpg,https://litb-cgis.rightinthebox.com/images/170x170/202305/bps/product/inc/scqczo1684226492790.jpg",['Duty & Tax Insurance Return Policy Contact Us Wholesale']
"3Pairs/set Silicone Gel Heel Grips for Shoes – Anti-Slip Cushion Pads for Blister Prevention, Comfort, and High Heel Fit",$8.99,,"https://litb-cgis.rightinthebox.com/images/170x170/202305/bps/product/inc/xoousl1684405695891.jpg,https://litb-cgis.rightinthebox.com/images/170x170/202305/bps/product/inc/yufpat1684405698728.jpg,https://litb-cgis.rightinthebox.com/images/170x170/202305/bps/product/inc/yndoxz1684405708957.jpg,https://litb-cgis.rightinthebox.com/images/170x170/202305/bps/product/inc/dpaktt1684405700249.jpg",['Duty & Tax Insurance Return Policy Contact Us Wholesale']
"Multicolor Flat Shoelaces – Durable Polyester Fashion Sneaker Laces for Sports, Casual, and Running Shoes – Unisex Shoe Accessories for Adults and Kids",$5.99,White,"https://litb-cgis.rightinthebox.com/images/170x170/202209/bps/product/inc/wkxtah1664435705725.jpg,https://litb-cgis.rightinthebox.com/images/170x170/202209/bps/product/inc/huebmi1664435706626.jpg,https://litb-cgis.rightinthebox.com/images/170x170/202209/bps/product/inc/qdqjjg1664431826758.jpg,https://litb-cgis.rightinthebox.com/images/170x170/202502/bps/product/inc/vylgeh1740738045515.jpg",['Duty & Tax Insurance Return Policy Contact Us Wholesale']
"Multicolor Flat Shoelaces – Durable Polyester Fashion Sneaker Laces for Sports, Casual, and Running Shoes – Unisex Shoe Accessories for Adults and Kids",$5.99,Beige,"https://litb-cgis.rightinthebox.com/images/170x170/202209/bps/product/inc/wkxtah1664435705725.jpg,https://litb-cgis.rightinthebox.com/images/170x170/202209/bps/product/inc/huebmi1664435706626.jpg,https://litb-cgis.rightinthebox.com/images/170x170/202209/bps/product/inc/qdqjjg1664431826758.jpg,https://litb-cgis.rightinthebox.com/images/170x170/202502/bps/product/inc/vylgeh1740738045515.jpg",['Duty & Tax Insurance Return Policy Contact Us Wholesale']
"Multicolor Flat Shoelaces – Durable Polyester Fashion Sneaker Laces for Sports, Casual, and Running Shoes – Unisex Shoe Accessories for Adults and Kids",$5.99,Almond,"https://litb-cgis.rightinthebox.com/images/170x170/202209/bps/product/inc/wkxtah1664435705725.jpg,https://litb-cgis.rightinthebox.com/images/170x170/202209/bps/product/inc/huebmi1664435706626.jpg,https://litb-cgis.rightinthebox.com/images/170x170/202209/bps/product/inc/qdqjjg1664431826758.jpg,https://litb-cgis.rightinthebox.com/images/170x170/202502/bps/product/inc/vylgeh1740738045515.jpg",['Duty & Tax Insurance Return Policy Contact Us Wholesale']
"Multicolor Flat Shoelaces – Durable Polyester Fashion Sneaker Laces for Sports, Casual, and Running Shoes – Unisex Shoe Accessories for Adults and Kids",$5.99,Light Purple,"https://litb-cgis.rightinthebox.com/images/170x170/202209/bps/product/inc/wkxtah1664435705725.jpg,https://litb-cgis.rightinthebox.com/images/170x170/202209/bps/product/inc/huebmi1664435706626.jpg,https://litb-cgis.rightinthebox.com/images/170x170/202209/bps/product/inc/qdqjjg1664431826758.jpg,https://litb-cgis.rightinthebox.com/images/170x170/202502/bps/product/inc/vylgeh1740738045515.jpg",['Duty & Tax Insurance Return Policy Contact Us Wholesale']
"Multicolor Flat Shoelaces – Durable Polyester Fashion Sneaker Laces for Sports, Casual, and Running Shoes – Unisex Shoe Accessories for Adults and Kids",$5.99,Purple,"https://litb-cgis.rightinthebox.com/images/170x170/202209/bps/product/inc/wkxtah1664435705725.jpg,https://litb-cgis.rightinthebox.com/images/170x170/202209/bps/product/inc/huebmi1664435706626.jpg,https://litb-cgis.rightinthebox.com/images/170x170/202209/bps/product/inc/qdqjjg1664431826758.jpg,https://litb-cgis.rightinthebox.com/images/170x170/202502/bps/product/inc/vylgeh1740738045515.jpg",['Duty & Tax Insurance Return Policy Contact Us Wholesale']
"Multicolor Flat Shoelaces – Durable Polyester Fashion Sneaker Laces for Sports, Casual, and Running Shoes – Unisex Shoe Accessories for Adults and Kids",$5.99,Dark Purple,"https://litb-cgis.rightinthebox.com/images/170x170/202209/bps/product/inc/wkxtah1664435705725.jpg,https://litb-cgis.rightinthebox.com/images/170x170/202209/bps/product/inc/huebmi1664435706626.jpg,https://litb-cgis.rightinthebox.com/images/170x170/202209/bps/product/inc/qdqjjg1664431826758.jpg,https://litb-cgis.rightinthebox.com/images/170x170/202502/bps/product/inc/vylgeh1740738045515.jpg",['Duty & Tax Insurance Return Policy Contact Us Wholesale']
"Multicolor Flat Shoelaces – Durable Polyester Fashion Sneaker Laces for Sports, Casual, and Running Shoes – Unisex Shoe Accessories for Adults and Kids",$5.99,Light Green,"https://litb-cgis.rightinthebox.com/images/170x170/202209/bps/product/inc/wkxtah1664435705725.jpg,https://litb-cgis.rightinthebox.com/images/170x170/202209/bps/product/inc/huebmi1664435706626.jpg,https://litb-cgis.rightinthebox.com/images/170x170/202209/bps/product/inc/qdqjjg1664431826758.jpg,https://litb-cgis.rightinthebox.com/images/170x170/202502/bps/product/inc/vylgeh1740738045515.jpg",['Duty & Tax Insurance Return Policy Contact Us Wholesale']
"Multicolor Flat Shoelaces – Durable Polyester Fashion Sneaker Laces for Sports, Casual, and Running Shoes – Unisex Shoe Accessories for Adults and Kids",$5.99,Green,"https://litb-cgis.rightinthebox.com/images/170x170/202209/bps/product/inc/wkxtah1664435705725.jpg,https://litb-cgis.rightinthebox.com/images/170x170/202209/bps/product/inc/huebmi1664435706626.jpg,https://litb-cgis.rightinthebox.com/images/170x170/202209/bps/product/inc/qdqjjg1664431826758.jpg,https://litb-cgis.rightinthebox.com/images/170x170/202502/bps/product/inc/vylgeh1740738045515.jpg",['Duty & Tax Insurance Return Policy Contact Us Wholesale']
"Multicolor Flat Shoelaces – Durable Polyester Fashion Sneaker Laces for Sports, Casual, and Running Shoes – Unisex Shoe Accessories for Adults and Kids",$5.99,Dark Green,"https://litb-cgis.rightinthebox.com/images/170x170/202209/bps/product/inc/wkxtah1664435705725.jpg,https://litb-cgis.rightinthebox.com/images/170x170/202209/bps/product/inc/huebmi1664435706626.jpg,https://litb-cgis.rightinthebox.com/images/170x170/202209/bps/product/inc/qdqjjg1664431826758.jpg,https://litb-cgis.rightinthebox.com/images/170x170/202502/bps/product/inc/vylgeh1740738045515.jpg",['Duty & Tax Insurance Return Policy Contact Us Wholesale']
"Multicolor Flat Shoelaces – Durable Polyester Fashion Sneaker Laces for Sports, Casual, and Running Shoes – Unisex Shoe Accessories for Adults and Kids",$5.99,Blue-White,"https://litb-cgis.rightinthebox.com/images/170x170/202209/bps/product/inc/wkxtah1664435705725.jpg,https://litb-cgis.rightinthebox.com/images/170x170/202209/bps/product/inc/huebmi1664435706626.jpg,https://litb-cgis.rightinthebox.com/images/170x170/202209/bps/product/inc/qdqjjg1664431826758.jpg,https://litb-cgis.rightinthebox.com/images/170x170/202502/bps/product/inc/vylgeh1740738045515.jpg",['Duty & Tax Insurance Return Policy Contact Us Wholesale']
"Multicolor Flat Shoelaces – Durable Polyester Fashion Sneaker Laces for Sports, Casual, and Running Shoes – Unisex Shoe Accessories for Adults and Kids",$5.99,Blue,"https://litb-cgis.rightinthebox.com/images/170x170/202209/bps/product/inc/wkxtah1664435705725.jpg,https://litb-cgis.rightinthebox.com/images/170x170/202209/bps/product/inc/huebmi1664435706626.jpg,https://litb-cgis.rightinthebox.com/images/170x170/202209/bps/product/inc/qdqjjg1664431826758.jpg,https://litb-cgis.rightinthebox.com/images/170x170/202502/bps/product/inc/vylgeh1740738045515.jpg",['Duty & Tax Insurance Return Policy Contact Us Wholesale']
"Multicolor Flat Shoelaces – Durable Polyester Fashion Sneaker Laces for Sports, Casual, and Running Shoes – Unisex Shoe Accessories for Adults and Kids",$5.99,Navy Blue,"https://litb-cgis.rightinthebox.com/images/170x170/202209/bps/product/inc/wkxtah1664435705725.jpg,https://litb-cgis.rightinthebox.com/images/170x170/202209/bps/product/inc/huebmi1664435706626.jpg,https://litb-cgis.rightinthebox.com/images/170x170/202209/bps/product/inc/qdqjjg1664431826758.jpg,https://litb-cgis.rightinthebox.com/images/170x170/202502/bps/product/inc/vylgeh1740738045515.jpg",['Duty & Tax Insurance Return Policy Contact Us Wholesale']
"Multicolor Flat Shoelaces – Durable Polyester Fashion Sneaker Laces for Sports, Casual, and Running Shoes – Unisex Shoe Accessories for Adults and Kids",$5.99,Navy,"https://litb-cgis.rightinthebox.com/images/170x170/202209/bps/product/inc/wkxtah1664435705725.jpg,https://litb-cgis.rightinthebox.com/images/170x170/202209/bps/product/inc/huebmi1664435706626.jpg,https://litb-cgis.rightinthebox.com/images/170x170/202209/bps/product/inc/qdqjjg1664431826758.jpg,https://litb-cgis.rightinthebox.com/images/170x170/202502/bps/product/inc/vylgeh1740738045515.jpg",['Duty & Tax Insurance Return Policy Contact Us Wholesale']
"Multicolor Flat Shoelaces – Durable Polyester Fashion Sneaker Laces for Sports, Casual, and Running Shoes – Unisex Shoe Accessories for Adults and Kids",$5.99,Light Red,"https://litb-cgis.rightinthebox.com/images/170x170/202209/bps/product/inc/wkxtah1664435705725.jpg,https://litb-cgis.rightinthebox.com/images/170x170/202209/bps/product/inc/huebmi1664435706626.jpg,https://litb-cgis.rightinthebox.com/images/170x170/202209/bps/product/inc/qdqjjg1664431826758.jpg,https://litb-cgis.rightinthebox.com/images/170x170/202502/bps/product/inc/vylgeh1740738045515.jpg",['Duty & Tax Insurance Return Policy Contact Us Wholesale']
"Multicolor Flat Shoelaces – Durable Polyester Fashion Sneaker Laces for Sports, Casual, and Running Shoes – Unisex Shoe Accessories for Adults and Kids",$5.99,Red,"https://litb-cgis.rightinthebox.com/images/170x170/202209/bps/product/inc/wkxtah1664435705725.jpg,https://litb-cgis.rightinthebox.com/images/170x170/202209/bps/product/inc/huebmi1664435706626.jpg,https://litb-cgis.rightinthebox.com/images/170x170/202209/bps/product/inc/qdqjjg1664431826758.jpg,https://litb-cgis.rightinthebox.com/images/170x170/202502/bps/product/inc/vylgeh1740738045515.jpg",['Duty & Tax Insurance Return Policy Contact Us Wholesale']
"Multicolor Flat Shoelaces – Durable Polyester Fashion Sneaker Laces for Sports, Casual, and Running Shoes – Unisex Shoe Accessories for Adults and Kids",$5.99,Dark Red,"https://litb-cgis.rightinthebox.com/images/170x170/202209/bps/product/inc/wkxtah1664435705725.jpg,https://litb-cgis.rightinthebox.com/images/170x170/202209/bps/product/inc/huebmi1664435706626.jpg,https://litb-cgis.rightinthebox.com/images/170x170/202209/bps/product/inc/qdqjjg1664431826758.jpg,https://litb-cgis.rightinthebox.com/images/170x170/202502/bps/product/inc/vylgeh1740738045515.jpg",['Duty & Tax Insurance Return Policy Contact Us Wholesale']
"Multicolor Flat Shoelaces – Durable Polyester Fashion Sneaker Laces for Sports, Casual, and Running Shoes – Unisex Shoe Accessories for Adults and Kids",$5.99,Wine,"https://litb-cgis.rightinthebox.com/images/170x170/202209/bps/product/inc/wkxtah1664435705725.jpg,https://litb-cgis.rightinthebox.com/images/170x170/202209/bps/product/inc/huebmi1664435706626.jpg,https://litb-cgis.rightinthebox.com/images/170x170/202209/bps/product/inc/qdqjjg1664431826758.jpg,https://litb-cgis.rightinthebox.com/images/170x170/202502/bps/product/inc/vylgeh1740738045515.jpg",['Duty & Tax Insurance Return Policy Contact Us Wholesale']
"Multicolor Flat Shoelaces – Durable Polyester Fashion Sneaker Laces for Sports, Casual, and Running Shoes – Unisex Shoe Accessories for Adults and Kids",$5.99,Dark Yellow,"https://litb-cgis.rightinthebox.com/images/170x170/202209/bps/product/inc/wkxtah1664435705725.jpg,https://litb-cgis.rightinthebox.com/images/170x170/202209/bps/product/inc/huebmi1664435706626.jpg,https://litb-cgis.rightinthebox.com/images/170x170/202209/bps/product/inc/qdqjjg1664431826758.jpg,https://litb-cgis.rightinthebox.com/images/170x170/202502/bps/product/inc/vylgeh1740738045515.jpg",['Duty & Tax Insurance Return Policy Contact Us Wholesale']
"Multicolor Flat Shoelaces – Durable Polyester Fashion Sneaker Laces for Sports, Casual, and Running Shoes – Unisex Shoe Accessories for Adults and Kids",$5.99,Light Yellow,"https://litb-cgis.rightinthebox.com/images/170x170/202209/bps/product/inc/wkxtah1664435705725.jpg,https://litb-cgis.rightinthebox.com/images/170x170/202209/bps/product/inc/huebmi1664435706626.jpg,https://litb-cgis.rightinthebox.com/images/170x170/202209/bps/product/inc/qdqjjg1664431826758.jpg,https://litb-cgis.rightinthebox.com/images/170x170/202502/bps/product/inc/vylgeh1740738045515.jpg",['Duty & Tax Insurance Return Policy Contact Us Wholesale']
"Multicolor Flat Shoelaces – Durable Polyester Fashion Sneaker Laces for Sports, Casual, and Running Shoes – Unisex Shoe Accessories for Adults and Kids",$5.99,Yellow,"https://litb-cgis.rightinthebox.com/images/170x170/202209/bps/product/inc/wkxtah1664435705725.jpg,https://litb-cgis.rightinthebox.com/images/170x170/202209/bps/product/inc/huebmi1664435706626.jpg,https://litb-cgis.rightinthebox.com/images/170x170/202209/bps/product/inc/qdqjjg1664431826758.jpg,https://litb-cgis.rightinthebox.com/images/170x170/202502/bps/product/inc/vylgeh1740738045515.jpg",['Duty & Tax Insurance Return Policy Contact Us Wholesale']
"Multicolor Flat Shoelaces – Durable Polyester Fashion Sneaker Laces for Sports, Casual, and Running Shoes – Unisex Shoe Accessories for Adults and Kids",$5.99,Orange,"https://litb-cgis.rightinthebox.com/images/170x170/202209/bps/product/inc/wkxtah1664435705725.jpg,https://litb-cgis.rightinthebox.com/images/170x170/202209/bps/product/inc/huebmi1664435706626.jpg,https://litb-cgis.rightinthebox.com/images/170x170/202209/bps/product/inc/qdqjjg1664431826758.jpg,https://litb-cgis.rightinthebox.com/images/170x170/202502/bps/product/inc/vylgeh1740738045515.jpg",['Duty & Tax Insurance Return Policy Contact Us Wholesale']
"Multicolor Flat Shoelaces – Durable Polyester Fashion Sneaker Laces for Sports, Casual, and Running Shoes – Unisex Shoe Accessories for Adults and Kids",$5.99,Peach,"https://litb-cgis.rightinthebox.com/images/170x170/202209/bps/product/inc/wkxtah1664435705725.jpg,https://litb-cgis.rightinthebox.com/images/170x170/202209/bps/product/inc/huebmi1664435706626.jpg,https://litb-cgis.rightinthebox.com/images/170x170/202209/bps/product/inc/qdqjjg1664431826758.jpg,https://litb-cgis.rightinthebox.com/images/170x170/202502/bps/product/inc/vylgeh1740738045515.jpg",['Duty & Tax Insurance Return Policy Contact Us Wholesale']
"Multicolor Flat Shoelaces – Durable Polyester Fashion Sneaker Laces for Sports, Casual, and Running Shoes – Unisex Shoe Accessories for Adults and Kids",$5.99,Pink,"https://litb-cgis.rightinthebox.com/images/170x170/202209/bps/product/inc/wkxtah1664435705725.jpg,https://litb-cgis.rightinthebox.com/images/170x170/202209/bps/product/inc/huebmi1664435706626.jpg,https://litb-cgis.rightinthebox.com/images/170x170/202209/bps/product/inc/qdqjjg1664431826758.jpg,https://litb-cgis.rightinthebox.com/images/170x170/202502/bps/product/inc/vylgeh1740738045515.jpg",['Duty & Tax Insurance Return Policy Contact Us Wholesale']
"Multicolor Flat Shoelaces – Durable Polyester Fashion Sneaker Laces for Sports, Casual, and Running Shoes – Unisex Shoe Accessories for Adults and Kids",$5.99,Light Grey,"https://litb-cgis.rightinthebox.com/images/170x170/202209/bps/product/inc/wkxtah1664435705725.jpg,https://litb-cgis.rightinthebox.com/images/170x170/202209/bps/product/inc/huebmi1664435706626.jpg,https://litb-cgis.rightinthebox.com/images/170x170/202209/bps/product/inc/qdqjjg1664431826758.jpg,https://litb-cgis.rightinthebox.com/images/170x170/202502/bps/product/inc/vylgeh1740738045515.jpg",['Duty & Tax Insurance Return Policy Contact Us Wholesale']
"Multicolor Flat Shoelaces – Durable Polyester Fashion Sneaker Laces for Sports, Casual, and Running Shoes – Unisex Shoe Accessories for Adults and Kids",$5.99,Grey,"https://litb-cgis.rightinthebox.com/images/170x170/202209/bps/product/inc/wkxtah1664435705725.jpg,https://litb-cgis.rightinthebox.com/images/170x170/202209/bps/product/inc/huebmi1664435706626.jpg,https://litb-cgis.rightinthebox.com/images/170x170/202209/bps/product/inc/qdqjjg1664431826758.jpg,https://litb-cgis.rightinthebox.com/images/170x170/202502/bps/product/inc/vylgeh1740738045515.jpg",['Duty & Tax Insurance Return Policy Contact Us Wholesale']
"Multicolor Flat Shoelaces – Durable Polyester Fashion Sneaker Laces for Sports, Casual, and Running Shoes – Unisex Shoe Accessories for Adults and Kids",$5.99,Dark Grey,"https://litb-cgis.rightinthebox.com/images/170x170/202209/bps/product/inc/wkxtah1664435705725.jpg,https://litb-cgis.rightinthebox.com/images/170x170/202209/bps/product/inc/huebmi1664435706626.jpg,https://litb-cgis.rightinthebox.com/images/170x170/202209/bps/product/inc/qdqjjg1664431826758.jpg,https://litb-cgis.rightinthebox.com/images/170x170/202502/bps/product/inc/vylgeh1740738045515.jpg",['Duty & Tax Insurance Return Policy Contact Us Wholesale']
"Multicolor Flat Shoelaces – Durable Polyester Fashion Sneaker Laces for Sports, Casual, and Running Shoes – Unisex Shoe Accessories for Adults and Kids",$5.99,Army Green,"https://litb-cgis.rightinthebox.com/images/170x170/202209/bps/product/inc/wkxtah1664435705725.jpg,https://litb-cgis.rightinthebox.com/images/170x170/202209/bps/product/inc/huebmi1664435706626.jpg,https://litb-cgis.rightinthebox.com/images/170x170/202209/bps/product/inc/qdqjjg1664431826758.jpg,https://litb-cgis.rightinthebox.com/images/170x170/202502/bps/product/inc/vylgeh1740738045515.jpg",['Duty & Tax Insurance Return Policy Contact Us Wholesale']
"Multicolor Flat Shoelaces – Durable Polyester Fashion Sneaker Laces for Sports, Casual, and Running Shoes – Unisex Shoe Accessories for Adults and Kids",$5.99,Black,"https://litb-cgis.rightinthebox.com/images/170x170/202209/bps/product/inc/wkxtah1664435705725.jpg,https://litb-cgis.rightinthebox.com/images/170x170/202209/bps/product/inc/huebmi1664435706626.jpg,https://litb-cgis.rightinthebox.com/images/170x170/202209/bps/product/inc/qdqjjg1664431826758.jpg,https://litb-cgis.rightinthebox.com/images/170x170/202502/bps/product/inc/vylgeh1740738045515.jpg",['Duty & Tax Insurance Return Policy Contact Us Wholesale']
"Multicolor Flat Shoelaces – Durable Polyester Fashion Sneaker Laces for Sports, Casual, and Running Shoes – Unisex Shoe Accessories for Adults and Kids",$5.99,Brown,"https://litb-cgis.rightinthebox.com/images/170x170/202209/bps/product/inc/wkxtah1664435705725.jpg,https://litb-cgis.rightinthebox.com/images/170x170/202209/bps/product/inc/huebmi1664435706626.jpg,https://litb-cgis.rightinthebox.com/images/170x170/202209/bps/product/inc/qdqjjg1664431826758.jpg,https://litb-cgis.rightinthebox.com/images/170x170/202502/bps/product/inc/vylgeh1740738045515.jpg",['Duty & Tax Insurance Return Policy Contact Us Wholesale']
"Durable Plastic Shoe Horn – Ergonomic Long Handle Design for Easy Slip-On, Portable Shoe Helper for Men, Women, Seniors, and Kids – Ideal for Home, Travel, and Daily Use",$7.99,Black,"https://litb-cgis.rightinthebox.com/images/170x170/202207/bps/product/inc/jcdtwa1657790850353.jpg,https://litb-cgis.rightinthebox.com/images/170x170/202207/bps/product/inc/jpvrzc1657790851460.jpg,https://litb-cgis.rightinthebox.com/images/170x170/202207/bps/product/inc/qfgqri1657790852252.jpg,https://litb-cgis.rightinthebox.com/images/170x170/202207/bps/product/inc/lvbxua1657790853195.jpg",['Duty & Tax Insurance Return Policy Contact Us Wholesale']
"Durable Plastic Shoe Horn – Ergonomic Long Handle Design for Easy Slip-On, Portable Shoe Helper for Men, Women, Seniors, and Kids – Ideal for Home, Travel, and Daily Use",$7.99,Red,"https://litb-cgis.rightinthebox.com/images/170x170/202207/bps/product/inc/jcdtwa1657790850353.jpg,https://litb-cgis.rightinthebox.com/images/170x170/202207/bps/product/inc/jpvrzc1657790851460.jpg,https://litb-cgis.rightinthebox.com/images/170x170/202207/bps/product/inc/qfgqri1657790852252.jpg,https://litb-cgis.rightinthebox.com/images/170x170/202207/bps/product/inc/lvbxua1657790853195.jpg",['Duty & Tax Insurance Return Policy Contact Us Wholesale']
"2 pcs Silicone Toe Separators for Pain Relief – Soft Gel Toe Spacers for Bunions, Overlapping Toes, and Foot Alignment",$5.99,,"https://litb-cgis.rightinthebox.com/images/170x170/202212/bps/product/inc/fgyxfp1669875569283.jpg,https://litb-cgis.rightinthebox.com/images/170x170/202212/bps/product/inc/uoclda1669875569952.jpg,https://litb-cgis.rightinthebox.com/images/170x170/202212/bps/product/inc/kgctsw1669879300243.jpg,https://litb-cgis.rightinthebox.com/images/170x170/202212/bps/product/inc/vbfnco1669879301604.jpg",['Duty & Tax Insurance Return Policy Contact Us Wholesale']
"Soft Faux Fur Insoles for Warmth and Comfort – Cushioned Liner for Boots, Shoes, and Slippers – Unisex Design for Winter",$11.99,,"https://litb-cgis.rightinthebox.com/images/170x170/202210/bps/product/inc/gdojig1665718714684.jpg,https://litb-cgis.rightinthebox.com/images/170x170/202210/bps/product/inc/odgzqo1665718715499.jpg,https://litb-cgis.rightinthebox.com/images/170x170/202210/bps/product/inc/jcvqaa1665718716006.jpg,https://litb-cgis.rightinthebox.com/images/170x170/202210/bps/product/inc/lzpdat1665725022205.jpg",['Duty & Tax Insurance Return Policy Contact Us Wholesale']
Women's Lace No-Show Socks – Non-Slip Invisible Footies with Silicone Grip – Ultra-Thin Breathable Ballet Flats Liner Socks for Dress Shoes,$7.99,Beige,"https://litb-cgis.rightinthebox.com/images/170x170/202304/bps/product/inc/hfjhkv1681207674013.jpg,https://litb-cgis.rightinthebox.com/images/170x170/202304/bps/product/inc/veuwai1681207674524.jpg,https://litb-cgis.rightinthebox.com/images/170x170/202304/bps/product/inc/xokbde1681207674868.jpg,https://litb-cgis.rightinthebox.com/images/170x170/202304/bps/product/inc/lnxxuc1681207675195.jpg",['Duty & Tax Insurance Return Policy Contact Us Wholesale']
Women's Lace No-Show Socks – Non-Slip Invisible Footies with Silicone Grip – Ultra-Thin Breathable Ballet Flats Liner Socks for Dress Shoes,$7.99,Grey,"https://litb-cgis.rightinthebox.com/images/170x170/202304/bps/product/inc/hfjhkv1681207674013.jpg,https://litb-cgis.rightinthebox.com/images/170x170/202304/bps/product/inc/veuwai1681207674524.jpg,https://litb-cgis.rightinthebox.com/images/170x170/202304/bps/product/inc/xokbde1681207674868.jpg,https://litb-cgis.rightinthebox.com/images/170x170/202304/bps/product/inc/lnxxuc1681207675195.jpg",['Duty & Tax Insurance Return Policy Contact Us Wholesale']
Women's Lace No-Show Socks – Non-Slip Invisible Footies with Silicone Grip – Ultra-Thin Breathable Ballet Flats Liner Socks for Dress Shoes,$7.99,Black,"https://litb-cgis.rightinthebox.com/images/170x170/202304/bps/product/inc/hfjhkv1681207674013.jpg,https://litb-cgis.rightinthebox.com/images/170x170/202304/bps/product/inc/veuwai1681207674524.jpg,https://litb-cgis.rightinthebox.com/images/170x170/202304/bps/product/inc/xokbde1681207674868.jpg,https://litb-cgis.rightinthebox.com/images/170x170/202304/bps/product/inc/lnxxuc1681207675195.jpg",['Duty & Tax Insurance Return Policy Contact Us Wholesale']
"Comfortable Shoe Inserts with Height Boost – Available in 1.5cm, 2.5cm, and 3.5cm Options – Soft Cushioning Insoles for Sneakers, Boots, and Everyday Footwear",$11.99,Grey 1.5cm,"https://litb-cgis.rightinthebox.com/images/170x170/202307/bps/product/inc/tebjfl1689226285269.jpg,https://litb-cgis.rightinthebox.com/images/170x170/202307/bps/product/inc/pkbvgs1689226287961.jpg,https://litb-cgis.rightinthebox.com/images/170x170/202307/bps/product/inc/cnlxrv1689226281634.jpg,https://litb-cgis.rightinthebox.com/images/170x170/202307/bps/product/inc/aprivu1689226298743.jpg",['Duty & Tax Insurance Return Policy Contact Us Wholesale']
"Comfortable Shoe Inserts with Height Boost – Available in 1.5cm, 2.5cm, and 3.5cm Options – Soft Cushioning Insoles for Sneakers, Boots, and Everyday Footwear",$11.99,Grey 2.5cm,"https://litb-cgis.rightinthebox.com/images/170x170/202307/bps/product/inc/tebjfl1689226285269.jpg,https://litb-cgis.rightinthebox.com/images/170x170/202307/bps/product/inc/pkbvgs1689226287961.jpg,https://litb-cgis.rightinthebox.com/images/170x170/202307/bps/product/inc/cnlxrv1689226281634.jpg,https://litb-cgis.rightinthebox.com/images/170x170/202307/bps/product/inc/aprivu1689226298743.jpg",['Duty & Tax Insurance Return Policy Contact Us Wholesale']
"Comfortable Shoe Inserts with Height Boost – Available in 1.5cm, 2.5cm, and 3.5cm Options – Soft Cushioning Insoles for Sneakers, Boots, and Everyday Footwear",$11.99,Grey 3.5cm,"https://litb-cgis.rightinthebox.com/images/170x170/202307/bps/product/inc/tebjfl1689226285269.jpg,https://litb-cgis.rightinthebox.com/images/170x170/202307/bps/product/inc/pkbvgs1689226287961.jpg,https://litb-cgis.rightinthebox.com/images/170x170/202307/bps/product/inc/cnlxrv1689226281634.jpg,https://litb-cgis.rightinthebox.com/images/170x170/202307/bps/product/inc/aprivu1689226298743.jpg",['Duty & Tax Insurance Return Policy Contact Us Wholesale']
"Orthopedic Memory Foam Insoles – Arch Support, Breathable, Shock-Absorbing, Anti-Slip, Soft Cushioning Shoe Inserts for Men & Women – Ideal for Daily Wear & Sports",$9.99,Beige,"https://litb-cgis.rightinthebox.com/images/170x170/202308/bps/product/inc/hgaeca1693300840570.jpg,https://litb-cgis.rightinthebox.com/images/170x170/202308/bps/product/inc/qdfghu1693300841062.jpg,https://litb-cgis.rightinthebox.com/images/170x170/202308/bps/product/inc/jblyfl1693300841685.jpg,https://litb-cgis.rightinthebox.com/images/170x170/202308/bps/product/inc/yoqmhy1693300842158.jpg",['Duty & Tax Insurance Return Policy Contact Us Wholesale']
"Orthopedic Memory Foam Insoles – Arch Support, Breathable, Shock-Absorbing, Anti-Slip, Soft Cushioning Shoe Inserts for Men & Women – Ideal for Daily Wear & Sports",$9.99,Black,"https://litb-cgis.rightinthebox.com/images/170x170/202308/bps/product/inc/hgaeca1693300840570.jpg,https://litb-cgis.rightinthebox.com/images/170x170/202308/bps/product/inc/qdfghu1693300841062.jpg,https://litb-cgis.rightinthebox.com/images/170x170/202308/bps/product/inc/jblyfl1693300841685.jpg,https://litb-cgis.rightinthebox.com/images/170x170/202308/bps/product/inc/yoqmhy1693300842158.jpg",['Duty & Tax Insurance Return Policy Contact Us Wholesale']
1 Pair Comfortable Gel Insoles with Massage Pebble Design – Arch Support and Shock Absorption for All-Day Foot Comfort,$8.99,,"https://litb-cgis.rightinthebox.com/images/170x170/202305/bps/product/inc/ftmiiq1684405108780.jpg,https://litb-cgis.rightinthebox.com/images/170x170/202305/bps/product/inc/dejfsc1684388998826.jpg,https://litb-cgis.rightinthebox.com/images/170x170/202305/bps/product/inc/nihypn1684405104027.jpg,https://litb-cgis.rightinthebox.com/images/170x170/202305/bps/product/inc/slxomf1684388999291.jpg",['Duty & Tax Insurance Return Policy Contact Us Wholesale']
"Orthopedic Memory Foam Insoles – Breathable Shock-Absorbing Arch Support Inserts for Running, Walking & Work Shoes",$8.99,,"https://litb-cgis.rightinthebox.com/images/170x170/202306/bps/product/inc/phnmay1685697354116.jpg,https://litb-cgis.rightinthebox.com/images/170x170/202306/bps/product/inc/qnvrol1685697350547.jpg,https://litb-cgis.rightinthebox.com/images/170x170/202306/bps/product/inc/idteen1685697351343.jpg,https://litb-cgis.rightinthebox.com/images/170x170/202306/bps/product/inc/qwnfaq1685697351658.jpg",['Duty & Tax Insurance Return Policy Contact Us Wholesale']
Adjustable Heel Lifts for Foot Support – Comfortable Orthopedic Insoles with 1-3cm Height Adjustment for Men and Women,$11.99,,"https://litb-cgis.rightinthebox.com/images/170x170/202207/bps/product/inc/nvulod1658200013255.jpg,https://litb-cgis.rightinthebox.com/images/170x170/202207/bps/product/inc/lsydde1658208548755.jpg,https://litb-cgis.rightinthebox.com/images/170x170/202207/bps/product/inc/srvnch1658200013061.jpg,https://litb-cgis.rightinthebox.com/images/170x170/202207/bps/product/inc/thxrrn1658208550802.jpg",['Duty & Tax Insurance Return Policy Contact Us Wholesale']
Adjustable Arch Support Brace with Cushioned Pads for Foot Pain Relief - Ideal for Plantar Fasciitis and Everyday Comfort,$11.99,,"https://litb-cgis.rightinthebox.com/images/170x170/202306/bps/product/inc/jrfetq1685675206637.jpg,https://litb-cgis.rightinthebox.com/images/170x170/202306/bps/product/inc/hicvag1685675206975.jpg,https://litb-cgis.rightinthebox.com/images/170x170/202306/bps/product/inc/jhlsnl1685675207343.jpg,https://litb-cgis.rightinthebox.com/images/170x170/202306/bps/product/inc/fpnyag1685675207976.jpg",['Duty & Tax Insurance Return Policy Contact Us Wholesale']
"No-Tie Silicone Shoelaces for Adults and Kids – Elastic Colorful Shoe Laces for Sneakers, Running, and Everyday Wear",$7.99,Grey,"https://litb-cgis.rightinthebox.com/images/170x170/202305/bps/product/inc/kyflgm1684148619193.jpg,https://litb-cgis.rightinthebox.com/images/170x170/202306/bps/product/inc/hkwzpj1685603974011.jpg,https://litb-cgis.rightinthebox.com/images/170x170/202306/bps/product/inc/eogcey1685603976351.jpg,https://litb-cgis.rightinthebox.com/images/170x170/202306/bps/product/inc/fozcej1685603975219.jpg",['Duty & Tax Insurance Return Policy Contact Us Wholesale']
"No-Tie Silicone Shoelaces for Adults and Kids – Elastic Colorful Shoe Laces for Sneakers, Running, and Everyday Wear",$7.99,Brown,"https://litb-cgis.rightinthebox.com/images/170x170/202305/bps/product/inc/kyflgm1684148619193.jpg,https://litb-cgis.rightinthebox.com/images/170x170/202306/bps/product/inc/hkwzpj1685603974011.jpg,https://litb-cgis.rightinthebox.com/images/170x170/202306/bps/product/inc/eogcey1685603976351.jpg,https://litb-cgis.rightinthebox.com/images/170x170/202306/bps/product/inc/fozcej1685603975219.jpg",['Duty & Tax Insurance Return Policy Contact Us Wholesale']
"No-Tie Silicone Shoelaces for Adults and Kids – Elastic Colorful Shoe Laces for Sneakers, Running, and Everyday Wear",$7.99,Yellow,"https://litb-cgis.rightinthebox.com/images/170x170/202305/bps/product/inc/kyflgm1684148619193.jpg,https://litb-cgis.rightinthebox.com/images/170x170/202306/bps/product/inc/hkwzpj1685603974011.jpg,https://litb-cgis.rightinthebox.com/images/170x170/202306/bps/product/inc/eogcey1685603976351.jpg,https://litb-cgis.rightinthebox.com/images/170x170/202306/bps/product/inc/fozcej1685603975219.jpg",['Duty & Tax Insurance Return Policy Contact Us Wholesale']
"No-Tie Silicone Shoelaces for Adults and Kids – Elastic Colorful Shoe Laces for Sneakers, Running, and Everyday Wear",$7.99,Rose Red,"https://litb-cgis.rightinthebox.com/images/170x170/202305/bps/product/inc/kyflgm1684148619193.jpg,https://litb-cgis.rightinthebox.com/images/170x170/202306/bps/product/inc/hkwzpj1685603974011.jpg,https://litb-cgis.rightinthebox.com/images/170x170/202306/bps/product/inc/eogcey1685603976351.jpg,https://litb-cgis.rightinthebox.com/images/170x170/202306/bps/product/inc/fozcej1685603975219.jpg",['Duty & Tax Insurance Return Policy Contact Us Wholesale']
"No-Tie Silicone Shoelaces for Adults and Kids – Elastic Colorful Shoe Laces for Sneakers, Running, and Everyday Wear",$7.99,Green,"https://litb-cgis.rightinthebox.com/images/170x170/202305/bps/product/inc/kyflgm1684148619193.jpg,https://litb-cgis.rightinthebox.com/images/170x170/202306/bps/product/inc/hkwzpj1685603974011.jpg,https://litb-cgis.rightinthebox.com/images/170x170/202306/bps/product/inc/eogcey1685603976351.jpg,https://litb-cgis.rightinthebox.com/images/170x170/202306/bps/product/inc/fozcej1685603975219.jpg",['Duty & Tax Insurance Return Policy Contact Us Wholesale']
"No-Tie Silicone Shoelaces for Adults and Kids – Elastic Colorful Shoe Laces for Sneakers, Running, and Everyday Wear",$7.99,Dark Blue,"https://litb-cgis.rightinthebox.com/images/170x170/202305/bps/product/inc/kyflgm1684148619193.jpg,https://litb-cgis.rightinthebox.com/images/170x170/202306/bps/product/inc/hkwzpj1685603974011.jpg,https://litb-cgis.rightinthebox.com/images/170x170/202306/bps/product/inc/eogcey1685603976351.jpg,https://litb-cgis.rightinthebox.com/images/170x170/202306/bps/product/inc/fozcej1685603975219.jpg",['Duty & Tax Insurance Return Policy Contact Us Wholesale']
"No-Tie Silicone Shoelaces for Adults and Kids – Elastic Colorful Shoe Laces for Sneakers, Running, and Everyday Wear",$7.99,Black,"https://litb-cgis.rightinthebox.com/images/170x170/202305/bps/product/inc/kyflgm1684148619193.jpg,https://litb-cgis.rightinthebox.com/images/170x170/202306/bps/product/inc/hkwzpj1685603974011.jpg,https://litb-cgis.rightinthebox.com/images/170x170/202306/bps/product/inc/eogcey1685603976351.jpg,https://litb-cgis.rightinthebox.com/images/170x170/202306/bps/product/inc/fozcej1685603975219.jpg",['Duty & Tax Insurance Return Policy Contact Us Wholesale']
"No-Tie Silicone Shoelaces for Adults and Kids – Elastic Colorful Shoe Laces for Sneakers, Running, and Everyday Wear",$7.99,Purple,"https://litb-cgis.rightinthebox.com/images/170x170/202305/bps/product/inc/kyflgm1684148619193.jpg,https://litb-cgis.rightinthebox.com/images/170x170/202306/bps/product/inc/hkwzpj1685603974011.jpg,https://litb-cgis.rightinthebox.com/images/170x170/202306/bps/product/inc/eogcey1685603976351.jpg,https://litb-cgis.rightinthebox.com/images/170x170/202306/bps/product/inc/fozcej1685603975219.jpg",['Duty & Tax Insurance Return Policy Contact Us Wholesale']
"No-Tie Silicone Shoelaces for Adults and Kids – Elastic Colorful Shoe Laces for Sneakers, Running, and Everyday Wear",$7.99,White,"https://litb-cgis.rightinthebox.com/images/170x170/202305/bps/product/inc/kyflgm1684148619193.jpg,https://litb-cgis.rightinthebox.com/images/170x170/202306/bps/product/inc/hkwzpj1685603974011.jpg,https://litb-cgis.rightinthebox.com/images/170x170/202306/bps/product/inc/eogcey1685603976351.jpg,https://litb-cgis.rightinthebox.com/images/170x170/202306/bps/product/inc/fozcej1685603975219.jpg",['Duty & Tax Insurance Return Policy Contact Us Wholesale']
"No-Tie Silicone Shoelaces for Adults and Kids – Elastic Colorful Shoe Laces for Sneakers, Running, and Everyday Wear",$7.99,Multicolor,"https://litb-cgis.rightinthebox.com/images/170x170/202305/bps/product/inc/kyflgm1684148619193.jpg,https://litb-cgis.rightinthebox.com/images/170x170/202306/bps/product/inc/hkwzpj1685603974011.jpg,https://litb-cgis.rightinthebox.com/images/170x170/202306/bps/product/inc/eogcey1685603976351.jpg,https://litb-cgis.rightinthebox.com/images/170x170/202306/bps/product/inc/fozcej1685603975219.jpg",['Duty & Tax Insurance Return Policy Contact Us Wholesale']
"No-Tie Silicone Shoelaces for Adults and Kids – Elastic Colorful Shoe Laces for Sneakers, Running, and Everyday Wear",$7.99,Red,"https://litb-cgis.rightinthebox.com/images/170x170/202305/bps/product/inc/kyflgm1684148619193.jpg,https://litb-cgis.rightinthebox.com/images/170x170/202306/bps/product/inc/hkwzpj1685603974011.jpg,https://litb-cgis.rightinthebox.com/images/170x170/202306/bps/product/inc/eogcey1685603976351.jpg,https://litb-cgis.rightinthebox.com/images/170x170/202306/bps/product/inc/fozcej1685603975219.jpg",['Duty & Tax Insurance Return Policy Contact Us Wholesale']
"No-Tie Silicone Shoelaces for Adults and Kids – Elastic Colorful Shoe Laces for Sneakers, Running, and Everyday Wear",$7.99,Light Blue,"https://litb-cgis.rightinthebox.com/images/170x170/202305/bps/product/inc/kyflgm1684148619193.jpg,https://litb-cgis.rightinthebox.com/images/170x170/202306/bps/product/inc/hkwzpj1685603974011.jpg,https://litb-cgis.rightinthebox.com/images/170x170/202306/bps/product/inc/eogcey1685603976351.jpg,https://litb-cgis.rightinthebox.com/images/170x170/202306/bps/product/inc/fozcej1685603975219.jpg",['Duty & Tax Insurance Return Policy Contact Us Wholesale']
"No-Tie Silicone Shoelaces for Adults and Kids – Elastic Colorful Shoe Laces for Sneakers, Running, and Everyday Wear",$7.99,Orange,"https://litb-cgis.rightinthebox.com/images/170x170/202305/bps/product/inc/kyflgm1684148619193.jpg,https://litb-cgis.rightinthebox.com/images/170x170/202306/bps/product/inc/hkwzpj1685603974011.jpg,https://litb-cgis.rightinthebox.com/images/170x170/202306/bps/product/inc/eogcey1685603976351.jpg,https://litb-cgis.rightinthebox.com/images/170x170/202306/bps/product/inc/fozcej1685603975219.jpg",['Duty & Tax Insurance Return Policy Contact Us Wholesale']
"Foot Pain Relief Gel Insoles for Women and Men – Soft Cushioned Support for Metatarsal, Arch & Heel Pain – Ideal for Daily Wear, Work, and Comfort Shoes",$9.99,Black,"https://litb-cgis.rightinthebox.com/images/170x170/202307/bps/product/inc/twriaz1688180629542.jpg,https://litb-cgis.rightinthebox.com/images/170x170/202307/bps/product/inc/bysoug1688180629951.jpg,https://litb-cgis.rightinthebox.com/images/170x170/202307/bps/product/inc/zgknlu1688180630258.jpg,https://litb-cgis.rightinthebox.com/images/170x170/202307/bps/product/inc/srjhfj1688180630548.jpg",['Duty & Tax Insurance Return Policy Contact Us Wholesale']
"Foot Pain Relief Gel Insoles for Women and Men – Soft Cushioned Support for Metatarsal, Arch & Heel Pain – Ideal for Daily Wear, Work, and Comfort Shoes",$9.99,Apricot,"https://litb-cgis.rightinthebox.com/images/170x170/202307/bps/product/inc/twriaz1688180629542.jpg,https://litb-cgis.rightinthebox.com/images/170x170/202307/bps/product/inc/bysoug1688180629951.jpg,https://litb-cgis.rightinthebox.com/images/170x170/202307/bps/product/inc/zgknlu1688180630258.jpg,https://litb-cgis.rightinthebox.com/images/170x170/202307/bps/product/inc/srjhfj1688180630548.jpg",['Duty & Tax Insurance Return Policy Contact Us Wholesale']
"Foot Pain Relief Gel Insoles for Women and Men – Soft Cushioned Support for Metatarsal, Arch & Heel Pain – Ideal for Daily Wear, Work, and Comfort Shoes",$9.99,Clear,"https://litb-cgis.rightinthebox.com/images/170x170/202307/bps/product/inc/twriaz1688180629542.jpg,https://litb-cgis.rightinthebox.com/images/170x170/202307/bps/product/inc/bysoug1688180629951.jpg,https://litb-cgis.rightinthebox.com/images/170x170/202307/bps/product/inc/zgknlu1688180630258.jpg,https://litb-cgis.rightinthebox.com/images/170x170/202307/bps/product/inc/srjhfj1688180630548.jpg",['Duty & Tax Insurance Return Policy Contact Us Wholesale']
"1 Pair Barefoot Gel Toe Pads for Women – Soft Cushion Forefoot Support for Dance, Yoga, and Ballet",$5.99,Nude,"https://litb-cgis.rightinthebox.com/images/170x170/202208/bps/product/inc/qupltn1661399998096.jpg,https://litb-cgis.rightinthebox.com/images/170x170/202208/bps/product/inc/pizbgv1661400071106.jpg,https://litb-cgis.rightinthebox.com/images/170x170/202208/bps/product/inc/hycunm1661399719541.jpg,https://litb-cgis.rightinthebox.com/images/170x170/202208/bps/product/inc/bmmhrt1661399720143.jpg",['Duty & Tax Insurance Return Policy Contact Us Wholesale']
"1 Pair Barefoot Gel Toe Pads for Women – Soft Cushion Forefoot Support for Dance, Yoga, and Ballet",$5.99,Black,"https://litb-cgis.rightinthebox.com/images/170x170/202208/bps/product/inc/qupltn1661399998096.jpg,https://litb-cgis.rightinthebox.com/images/170x170/202208/bps/product/inc/pizbgv1661400071106.jpg,https://litb-cgis.rightinthebox.com/images/170x170/202208/bps/product/inc/hycunm1661399719541.jpg,https://litb-cgis.rightinthebox.com/images/170x170/202208/bps/product/inc/bmmhrt1661399720143.jpg",['Duty & Tax Insurance Return Policy Contact Us Wholesale']
"Adjustable Height Increase Insoles – Invisible Heel Lift Inserts for Men and Women, Breathable Shock-Absorbing Pads for Sneakers, Boots, and Everyday Shoes",$9.99,Black 1,"https://litb-cgis.rightinthebox.com/images/170x170/202207/bps/product/inc/kbhpke1658986953009.jpg,https://litb-cgis.rightinthebox.com/images/170x170/202207/bps/product/inc/feidkk1658986951541.jpg,https://litb-cgis.rightinthebox.com/images/170x170/202207/bps/product/inc/tvnwqr1658986946995.jpg,https://litb-cgis.rightinthebox.com/images/170x170/202207/bps/product/inc/jkfdpf1658986949249.jpg",['Duty & Tax Insurance Return Policy Contact Us Wholesale']
"Adjustable Height Increase Insoles – Invisible Heel Lift Inserts for Men and Women, Breathable Shock-Absorbing Pads for Sneakers, Boots, and Everyday Shoes",$9.99,Black 2,"https://litb-cgis.rightinthebox.com/images/170x170/202207/bps/product/inc/kbhpke1658986953009.jpg,https://litb-cgis.rightinthebox.com/images/170x170/202207/bps/product/inc/feidkk1658986951541.jpg,https://litb-cgis.rightinthebox.com/images/170x170/202207/bps/product/inc/tvnwqr1658986946995.jpg,https://litb-cgis.rightinthebox.com/images/170x170/202207/bps/product/inc/jkfdpf1658986949249.jpg",['Duty & Tax Insurance Return Policy Contact Us Wholesale']
"Orthopedic Arch Support Insoles for Flat Feet – Comfortable, Shock-Absorbing Shoe Inserts for Pain Relief and Improved Foot Alignment",$11.99,,"https://litb-cgis.rightinthebox.com/images/170x170/202307/bps/product/inc/qotypu1688179874340.jpg,https://litb-cgis.rightinthebox.com/images/170x170/202307/bps/product/inc/nidixl1688179874751.jpg,https://litb-cgis.rightinthebox.com/images/170x170/202307/bps/product/inc/wnpwvl1688179875065.jpg,https://litb-cgis.rightinthebox.com/images/170x170/202307/bps/product/inc/itbdtv1688179875393.jpg",['Duty & Tax Insurance Return Policy Contact Us Wholesale']
"2 Pairs Winter Wool Felt Insoles for Shoes - Warm Thermal Fleece Shoe Inserts for Men and Women, Ideal for Outdoor Hiking, Work Boots, and Cold Weather Comfort",$11.99,Coffee,"https://litb-cgis.rightinthebox.com/images/170x170/202311/bps/product/inc/ofsvek1699588686996.jpg,https://litb-cgis.rightinthebox.com/images/170x170/202311/bps/product/inc/ctpgdt1699588687783.jpg,https://litb-cgis.rightinthebox.com/images/170x170/202311/bps/product/inc/pdckye1699588688290.jpg,https://litb-cgis.rightinthebox.com/images/170x170/202311/bps/product/inc/znitlb1699588688871.jpg",['Duty & Tax Insurance Return Policy Contact Us Wholesale']
"2 Pairs Winter Wool Felt Insoles for Shoes - Warm Thermal Fleece Shoe Inserts for Men and Women, Ideal for Outdoor Hiking, Work Boots, and Cold Weather Comfort",$11.99,Brown,"https://litb-cgis.rightinthebox.com/images/170x170/202311/bps/product/inc/ofsvek1699588686996.jpg,https://litb-cgis.rightinthebox.com/images/170x170/202311/bps/product/inc/ctpgdt1699588687783.jpg,https://litb-cgis.rightinthebox.com/images/170x170/202311/bps/product/inc/pdckye1699588688290.jpg,https://litb-cgis.rightinthebox.com/images/170x170/202311/bps/product/inc/znitlb1699588688871.jpg",['Duty & Tax Insurance Return Policy Contact Us Wholesale']
"2 Pairs Winter Wool Felt Insoles for Shoes - Warm Thermal Fleece Shoe Inserts for Men and Women, Ideal for Outdoor Hiking, Work Boots, and Cold Weather Comfort",$11.99,Yellow,"https://litb-cgis.rightinthebox.com/images/170x170/202311/bps/product/inc/ofsvek1699588686996.jpg,https://litb-cgis.rightinthebox.com/images/170x170/202311/bps/product/inc/ctpgdt1699588687783.jpg,https://litb-cgis.rightinthebox.com/images/170x170/202311/bps/product/inc/pdckye1699588688290.jpg,https://litb-cgis.rightinthebox.com/images/170x170/202311/bps/product/inc/znitlb1699588688871.jpg",['Duty & Tax Insurance Return Policy Contact Us Wholesale']
"Comfortable Gel Insoles for Women – Soft Cushion Footbeds for High Heels, Flats, and Everyday Wear",$9.99,Black,"https://litb-cgis.rightinthebox.com/images/170x170/202307/bps/product/inc/fjdjww1688982164659.jpg,https://litb-cgis.rightinthebox.com/images/170x170/202304/bps/product/inc/uatvta1681207223954.jpg,https://litb-cgis.rightinthebox.com/images/170x170/202307/bps/product/inc/qxwxwh1688982169812.jpg,https://litb-cgis.rightinthebox.com/images/170x170/202304/bps/product/inc/sdvyxz1681207224252.jpg",['Duty & Tax Insurance Return Policy Contact Us Wholesale']
"Comfortable Gel Insoles for Women – Soft Cushion Footbeds for High Heels, Flats, and Everyday Wear",$9.99,Beige,"https://litb-cgis.rightinthebox.com/images/170x170/202307/bps/product/inc/fjdjww1688982164659.jpg,https://litb-cgis.rightinthebox.com/images/170x170/202304/bps/product/inc/uatvta1681207223954.jpg,https://litb-cgis.rightinthebox.com/images/170x170/202307/bps/product/inc/qxwxwh1688982169812.jpg,https://litb-cgis.rightinthebox.com/images/170x170/202304/bps/product/inc/sdvyxz1681207224252.jpg",['Duty & Tax Insurance Return Policy Contact Us Wholesale']
"2 Pcs Waterproof Finger and Toe Protective Adhesive Bandages - Flexible and Breathable Blister Prevention Pads for Daily Use, Sports, and Outdoor Activities",$7.99,,"https://litb-cgis.rightinthebox.com/images/170x170/202306/bps/product/inc/kcqwlj1685675136709.jpg,https://litb-cgis.rightinthebox.com/images/170x170/202306/bps/product/inc/mtmwwt1685675133840.jpg,https://litb-cgis.rightinthebox.com/images/170x170/202306/bps/product/inc/bijqco1685675134527.jpg,https://litb-cgis.rightinthebox.com/images/170x170/202306/bps/product/inc/eskdie1685675134816.jpg",['Duty & Tax Insurance Return Policy Contact Us Wholesale']
1 Pair Shock Absorption / Relieves Stress / Wearable Insole & Inserts EVA Forefoot All Seasons Men's / Women's Blue,$11.99,,"https://litb-cgis.rightinthebox.com/images/170x170/202305/bps/product/inc/efornc1684149773009.jpg,https://litb-cgis.rightinthebox.com/images/170x170/202305/bps/product/inc/xhwbbb1684149773413.jpg,https://litb-cgis.rightinthebox.com/images/170x170/202503/bps/product/inc/zjsacg1741226986762.jpg,https://litb-cgis.rightinthebox.com/images/170x170/202305/bps/product/inc/qmxmeb1684149773704.jpg",['Duty & Tax Insurance Return Policy Contact Us Wholesale']
"Anti-Slip Shoe Heel Pads – Durable Rubber Sole Protectors for Enhanced Traction and Comfort, Ideal for Shoe Repair and Customization, Available in Multiple Colors",$8.99,Black,"https://litb-cgis.rightinthebox.com/images/170x170/202411/bps/product/inc/ogkato1730430723036.jpg,https://litb-cgis.rightinthebox.com/images/170x170/202212/bps/product/inc/edymft1670407658864.jpg,https://litb-cgis.rightinthebox.com/images/170x170/202212/bps/product/inc/drhwrj1670407562018.jpg,https://litb-cgis.rightinthebox.com/images/170x170/202212/bps/product/inc/oqlirn1670407420002.jpg",['Duty & Tax Insurance Return Policy Contact Us Wholesale']
"Anti-Slip Shoe Heel Pads – Durable Rubber Sole Protectors for Enhanced Traction and Comfort, Ideal for Shoe Repair and Customization, Available in Multiple Colors",$8.99,Clear,"https://litb-cgis.rightinthebox.com/images/170x170/202411/bps/product/inc/ogkato1730430723036.jpg,https://litb-cgis.rightinthebox.com/images/170x170/202212/bps/product/inc/edymft1670407658864.jpg,https://litb-cgis.rightinthebox.com/images/170x170/202212/bps/product/inc/drhwrj1670407562018.jpg,https://litb-cgis.rightinthebox.com/images/170x170/202212/bps/product/inc/oqlirn1670407420002.jpg",['Duty & Tax Insurance Return Policy Contact Us Wholesale']
"Anti-Slip Shoe Heel Pads – Durable Rubber Sole Protectors for Enhanced Traction and Comfort, Ideal for Shoe Repair and Customization, Available in Multiple Colors",$8.99,Blue,"https://litb-cgis.rightinthebox.com/images/170x170/202411/bps/product/inc/ogkato1730430723036.jpg,https://litb-cgis.rightinthebox.com/images/170x170/202212/bps/product/inc/edymft1670407658864.jpg,https://litb-cgis.rightinthebox.com/images/170x170/202212/bps/product/inc/drhwrj1670407562018.jpg,https://litb-cgis.rightinthebox.com/images/170x170/202212/bps/product/inc/oqlirn1670407420002.jpg",['Duty & Tax Insurance Return Policy Contact Us Wholesale']
"Anti-Slip Shoe Heel Pads – Durable Rubber Sole Protectors for Enhanced Traction and Comfort, Ideal for Shoe Repair and Customization, Available in Multiple Colors",$8.99,Red,"https://litb-cgis.rightinthebox.com/images/170x170/202411/bps/product/inc/ogkato1730430723036.jpg,https://litb-cgis.rightinthebox.com/images/170x170/202212/bps/product/inc/edymft1670407658864.jpg,https://litb-cgis.rightinthebox.com/images/170x170/202212/bps/product/inc/drhwrj1670407562018.jpg,https://litb-cgis.rightinthebox.com/images/170x170/202212/bps/product/inc/oqlirn1670407420002.jpg",['Duty & Tax Insurance Return Policy Contact Us Wholesale']
"Anti-Slip Shoe Heel Pads – Durable Rubber Sole Protectors for Enhanced Traction and Comfort, Ideal for Shoe Repair and Customization, Available in Multiple Colors",$8.99,Navy,"https://litb-cgis.rightinthebox.com/images/170x170/202411/bps/product/inc/ogkato1730430723036.jpg,https://litb-cgis.rightinthebox.com/images/170x170/202212/bps/product/inc/edymft1670407658864.jpg,https://litb-cgis.rightinthebox.com/images/170x170/202212/bps/product/inc/drhwrj1670407562018.jpg,https://litb-cgis.rightinthebox.com/images/170x170/202212/bps/product/inc/oqlirn1670407420002.jpg",['Duty & Tax Insurance Return Policy Contact Us Wholesale']
"Glow-in-the-Dark Patterned Shoelaces for Air Force 1 – Luminous Flat Laces for Halloween, Christmas, Parties, and Streetwear Customization",$7.99,White,"https://litb-cgis.rightinthebox.com/images/170x170/202307/bps/product/inc/voomfi1689130262453.jpg,https://litb-cgis.rightinthebox.com/images/170x170/202307/bps/product/inc/txoprh1689130260859.jpg,https://litb-cgis.rightinthebox.com/images/170x170/202307/bps/product/inc/ocnfkk1689130261173.jpg,https://litb-cgis.rightinthebox.com/images/170x170/202307/bps/product/inc/egkotw1689130261702.jpg",['Duty & Tax Insurance Return Policy Contact Us Wholesale']
"Glow-in-the-Dark Patterned Shoelaces for Air Force 1 – Luminous Flat Laces for Halloween, Christmas, Parties, and Streetwear Customization",$7.99,Pink,"https://litb-cgis.rightinthebox.com/images/170x170/202307/bps/product/inc/voomfi1689130262453.jpg,https://litb-cgis.rightinthebox.com/images/170x170/202307/bps/product/inc/txoprh1689130260859.jpg,https://litb-cgis.rightinthebox.com/images/170x170/202307/bps/product/inc/ocnfkk1689130261173.jpg,https://litb-cgis.rightinthebox.com/images/170x170/202307/bps/product/inc/egkotw1689130261702.jpg",['Duty & Tax Insurance Return Policy Contact Us Wholesale']
"Glow-in-the-Dark Patterned Shoelaces for Air Force 1 – Luminous Flat Laces for Halloween, Christmas, Parties, and Streetwear Customization",$7.99,Grey,"https://litb-cgis.rightinthebox.com/images/170x170/202307/bps/product/inc/voomfi1689130262453.jpg,https://litb-cgis.rightinthebox.com/images/170x170/202307/bps/product/inc/txoprh1689130260859.jpg,https://litb-cgis.rightinthebox.com/images/170x170/202307/bps/product/inc/ocnfkk1689130261173.jpg,https://litb-cgis.rightinthebox.com/images/170x170/202307/bps/product/inc/egkotw1689130261702.jpg",['Duty & Tax Insurance Return Policy Contact Us Wholesale']
"Glow-in-the-Dark Patterned Shoelaces for Air Force 1 – Luminous Flat Laces for Halloween, Christmas, Parties, and Streetwear Customization",$7.99,Black,"https://litb-cgis.rightinthebox.com/images/170x170/202307/bps/product/inc/voomfi1689130262453.jpg,https://litb-cgis.rightinthebox.com/images/170x170/202307/bps/product/inc/txoprh1689130260859.jpg,https://litb-cgis.rightinthebox.com/images/170x170/202307/bps/product/inc/ocnfkk1689130261173.jpg,https://litb-cgis.rightinthebox.com/images/170x170/202307/bps/product/inc/egkotw1689130261702.jpg",['Duty & Tax Insurance Return Policy Contact Us Wholesale']
"Glow-in-the-Dark Patterned Shoelaces for Air Force 1 – Luminous Flat Laces for Halloween, Christmas, Parties, and Streetwear Customization",$7.99,Blue,"https://litb-cgis.rightinthebox.com/images/170x170/202307/bps/product/inc/voomfi1689130262453.jpg,https://litb-cgis.rightinthebox.com/images/170x170/202307/bps/product/inc/txoprh1689130260859.jpg,https://litb-cgis.rightinthebox.com/images/170x170/202307/bps/product/inc/ocnfkk1689130261173.jpg,https://litb-cgis.rightinthebox.com/images/170x170/202307/bps/product/inc/egkotw1689130261702.jpg",['Duty & Tax Insurance Return Policy Contact Us Wholesale']
"Glow-in-the-Dark Patterned Shoelaces for Air Force 1 – Luminous Flat Laces for Halloween, Christmas, Parties, and Streetwear Customization",$7.99,Yellow,"https://litb-cgis.rightinthebox.com/images/170x170/202307/bps/product/inc/voomfi1689130262453.jpg,https://litb-cgis.rightinthebox.com/images/170x170/202307/bps/product/inc/txoprh1689130260859.jpg,https://litb-cgis.rightinthebox.com/images/170x170/202307/bps/product/inc/ocnfkk1689130261173.jpg,https://litb-cgis.rightinthebox.com/images/170x170/202307/bps/product/inc/egkotw1689130261702.jpg",['Duty & Tax Insurance Return Policy Contact Us Wholesale']
"Glow-in-the-Dark Patterned Shoelaces for Air Force 1 – Luminous Flat Laces for Halloween, Christmas, Parties, and Streetwear Customization",$7.99,Black / Silver,"https://litb-cgis.rightinthebox.com/images/170x170/202307/bps/product/inc/voomfi1689130262453.jpg,https://litb-cgis.rightinthebox.com/images/170x170/202307/bps/product/inc/txoprh1689130260859.jpg,https://litb-cgis.rightinthebox.com/images/170x170/202307/bps/product/inc/ocnfkk1689130261173.jpg,https://litb-cgis.rightinthebox.com/images/170x170/202307/bps/product/inc/egkotw1689130261702.jpg",['Duty & Tax Insurance Return Policy Contact Us Wholesale']
"Glow-in-the-Dark Patterned Shoelaces for Air Force 1 – Luminous Flat Laces for Halloween, Christmas, Parties, and Streetwear Customization",$7.99,Dark Yellow,"https://litb-cgis.rightinthebox.com/images/170x170/202307/bps/product/inc/voomfi1689130262453.jpg,https://litb-cgis.rightinthebox.com/images/170x170/202307/bps/product/inc/txoprh1689130260859.jpg,https://litb-cgis.rightinthebox.com/images/170x170/202307/bps/product/inc/ocnfkk1689130261173.jpg,https://litb-cgis.rightinthebox.com/images/170x170/202307/bps/product/inc/egkotw1689130261702.jpg",['Duty & Tax Insurance Return Policy Contact Us Wholesale']
"Glow-in-the-Dark Patterned Shoelaces for Air Force 1 – Luminous Flat Laces for Halloween, Christmas, Parties, and Streetwear Customization",$7.99,Dark Blue,"https://litb-cgis.rightinthebox.com/images/170x170/202307/bps/product/inc/voomfi1689130262453.jpg,https://litb-cgis.rightinthebox.com/images/170x170/202307/bps/product/inc/txoprh1689130260859.jpg,https://litb-cgis.rightinthebox.com/images/170x170/202307/bps/product/inc/ocnfkk1689130261173.jpg,https://litb-cgis.rightinthebox.com/images/170x170/202307/bps/product/inc/egkotw1689130261702.jpg",['Duty & Tax Insurance Return Policy Contact Us Wholesale']
"Glow-in-the-Dark Patterned Shoelaces for Air Force 1 – Luminous Flat Laces for Halloween, Christmas, Parties, and Streetwear Customization",$7.99,Red Wine,"https://litb-cgis.rightinthebox.com/images/170x170/202307/bps/product/inc/voomfi1689130262453.jpg,https://litb-cgis.rightinthebox.com/images/170x170/202307/bps/product/inc/txoprh1689130260859.jpg,https://litb-cgis.rightinthebox.com/images/170x170/202307/bps/product/inc/ocnfkk1689130261173.jpg,https://litb-cgis.rightinthebox.com/images/170x170/202307/bps/product/inc/egkotw1689130261702.jpg",['Duty & Tax Insurance Return Policy Contact Us Wholesale']
2 Pairs Women's Transparent Gel Insoles for High Heels with Anti-Slip and Cushioning Design - Comfortable Foot Pads for All-Day Wear,$11.99,Transparent,"https://litb-cgis.rightinthebox.com/images/170x170/202307/bps/product/inc/uujstt1689128209358.jpg,https://litb-cgis.rightinthebox.com/images/170x170/202307/bps/product/inc/yyprko1689128209666.jpg,https://litb-cgis.rightinthebox.com/images/170x170/202307/bps/product/inc/ueowfw1689128211428.jpg,https://litb-cgis.rightinthebox.com/images/170x170/202307/bps/product/inc/apodrl1689128211697.jpg",['Duty & Tax Insurance Return Policy Contact Us Wholesale']
2 Pairs Women's Transparent Gel Insoles for High Heels with Anti-Slip and Cushioning Design - Comfortable Foot Pads for All-Day Wear,$11.99,Black,"https://litb-cgis.rightinthebox.com/images/170x170/202307/bps/product/inc/uujstt1689128209358.jpg,https://litb-cgis.rightinthebox.com/images/170x170/202307/bps/product/inc/yyprko1689128209666.jpg,https://litb-cgis.rightinthebox.com/images/170x170/202307/bps/product/inc/ueowfw1689128211428.jpg,https://litb-cgis.rightinthebox.com/images/170x170/202307/bps/product/inc/apodrl1689128211697.jpg",['Duty & Tax Insurance Return Policy Contact Us Wholesale']
2 Pairs Women's Transparent Gel Insoles for High Heels with Anti-Slip and Cushioning Design - Comfortable Foot Pads for All-Day Wear,$11.99,Beige,"https://litb-cgis.rightinthebox.com/images/170x170/202307/bps/product/inc/uujstt1689128209358.jpg,https://litb-cgis.rightinthebox.com/images/170x170/202307/bps/product/inc/yyprko1689128209666.jpg,https://litb-cgis.rightinthebox.com/images/170x170/202307/bps/product/inc/ueowfw1689128211428.jpg,https://litb-cgis.rightinthebox.com/images/170x170/202307/bps/product/inc/apodrl1689128211697.jpg",['Duty & Tax Insurance Return Policy Contact Us Wholesale']
"2pcs/set Silicone Gel Heel Protectors for Foot Pain Relief – Breathable and Cushioning Support for Cracked Heels, Heel Spurs, and Plantar Fasciitis",$11.99,White,"https://litb-cgis.rightinthebox.com/images/170x170/202305/bps/product/inc/oqbhdj1684149621654.jpg,https://litb-cgis.rightinthebox.com/images/170x170/202305/bps/product/inc/tynevh1684149621986.jpg,https://litb-cgis.rightinthebox.com/images/170x170/202305/bps/product/inc/fgvjzf1684149622284.jpg,https://litb-cgis.rightinthebox.com/images/170x170/202305/bps/product/inc/pvyxcw1684149622552.jpg",['Duty & Tax Insurance Return Policy Contact Us Wholesale']
"2pcs/set Silicone Gel Heel Protectors for Foot Pain Relief – Breathable and Cushioning Support for Cracked Heels, Heel Spurs, and Plantar Fasciitis",$11.99,Beige,"https://litb-cgis.rightinthebox.com/images/170x170/202305/bps/product/inc/oqbhdj1684149621654.jpg,https://litb-cgis.rightinthebox.com/images/170x170/202305/bps/product/inc/tynevh1684149621986.jpg,https://litb-cgis.rightinthebox.com/images/170x170/202305/bps/product/inc/fgvjzf1684149622284.jpg,https://litb-cgis.rightinthebox.com/images/170x170/202305/bps/product/inc/pvyxcw1684149622552.jpg",['Duty & Tax Insurance Return Policy Contact Us Wholesale']
"2pcs/set Silicone Gel Heel Protectors for Foot Pain Relief – Breathable and Cushioning Support for Cracked Heels, Heel Spurs, and Plantar Fasciitis",$11.99,Black,"https://litb-cgis.rightinthebox.com/images/170x170/202305/bps/product/inc/oqbhdj1684149621654.jpg,https://litb-cgis.rightinthebox.com/images/170x170/202305/bps/product/inc/tynevh1684149621986.jpg,https://litb-cgis.rightinthebox.com/images/170x170/202305/bps/product/inc/fgvjzf1684149622284.jpg,https://litb-cgis.rightinthebox.com/images/170x170/202305/bps/product/inc/pvyxcw1684149622552.jpg",['Duty & Tax Insurance Return Policy Contact Us Wholesale']
"2pcs/set Silicone Gel Heel Protectors for Foot Pain Relief – Breathable and Cushioning Support for Cracked Heels, Heel Spurs, and Plantar Fasciitis",$11.99,Blue,"https://litb-cgis.rightinthebox.com/images/170x170/202305/bps/product/inc/oqbhdj1684149621654.jpg,https://litb-cgis.rightinthebox.com/images/170x170/202305/bps/product/inc/tynevh1684149621986.jpg,https://litb-cgis.rightinthebox.com/images/170x170/202305/bps/product/inc/fgvjzf1684149622284.jpg,https://litb-cgis.rightinthebox.com/images/170x170/202305/bps/product/inc/pvyxcw1684149622552.jpg",['Duty & Tax Insurance Return Policy Contact Us Wholesale']
1 Pair Shock Absorption / Breathable / Wearable Insole & Inserts Special Material All Shoes All Seasons Women's Black / Beige,$11.99,Beige,"https://litb-cgis.rightinthebox.com/images/170x170/202306/bps/product/inc/fojjnt1685683522400.jpg,https://litb-cgis.rightinthebox.com/images/170x170/202306/bps/product/inc/yfcolo1685683522695.jpg,https://litb-cgis.rightinthebox.com/images/170x170/202306/bps/product/inc/yqiqxa1685683523219.jpg,https://litb-cgis.rightinthebox.com/images/170x170/202306/bps/product/inc/tunkqe1685683522954.jpg",['Duty & Tax Insurance Return Policy Contact Us Wholesale']
1 Pair Shock Absorption / Breathable / Wearable Insole & Inserts Special Material All Shoes All Seasons Women's Black / Beige,$11.99,Black,"https://litb-cgis.rightinthebox.com/images/170x170/202306/bps/product/inc/fojjnt1685683522400.jpg,https://litb-cgis.rightinthebox.com/images/170x170/202306/bps/product/inc/yfcolo1685683522695.jpg,https://litb-cgis.rightinthebox.com/images/170x170/202306/bps/product/inc/yqiqxa1685683523219.jpg,https://litb-cgis.rightinthebox.com/images/170x170/202306/bps/product/inc/tunkqe1685683522954.jpg",['Duty & Tax Insurance Return Policy Contact Us Wholesale']
"2pcs Adjustable Heel Protection Socks for Pain Relief - Breathable Pads for Men and Women, Perfect for Plantar Fasciitis, Heel Spur, and Foot Recovery Support",$8.99,,"https://litb-cgis.rightinthebox.com/images/170x170/202305/bps/product/inc/noumgt1685066225009.jpg,https://litb-cgis.rightinthebox.com/images/170x170/202305/bps/product/inc/dnyyrr1685066226300.jpg,https://litb-cgis.rightinthebox.com/images/170x170/202305/bps/product/inc/hdklak1685066225420.jpg,https://litb-cgis.rightinthebox.com/images/170x170/202305/bps/product/inc/zwryqs1685066225696.jpg",['Duty & Tax Insurance Return Policy Contact Us Wholesale']
Women's EVA Insole & Inserts / Heel Protection Patch Anti-Wear Nonslip Office / Career / Daily Nude / Black / Pink 1 Pair All Seasons,$5.99,Black,"https://litb-cgis.rightinthebox.com/images/170x170/202206/bps/product/inc/mpkkwa1656471449079.jpg,https://litb-cgis.rightinthebox.com/images/170x170/202206/bps/product/inc/mqrsvh1656471423582.jpg,https://litb-cgis.rightinthebox.com/images/170x170/202206/bps/product/inc/wocdvx1656468665038.jpg,https://litb-cgis.rightinthebox.com/images/170x170/202206/bps/product/inc/druwik1656468665229.jpg",['Duty & Tax Insurance Return Policy Contact Us Wholesale']
Women's EVA Insole & Inserts / Heel Protection Patch Anti-Wear Nonslip Office / Career / Daily Nude / Black / Pink 1 Pair All Seasons,$5.99,Nude,"https://litb-cgis.rightinthebox.com/images/170x170/202206/bps/product/inc/mpkkwa1656471449079.jpg,https://litb-cgis.rightinthebox.com/images/170x170/202206/bps/product/inc/mqrsvh1656471423582.jpg,https://litb-cgis.rightinthebox.com/images/170x170/202206/bps/product/inc/wocdvx1656468665038.jpg,https://litb-cgis.rightinthebox.com/images/170x170/202206/bps/product/inc/druwik1656468665229.jpg",['Duty & Tax Insurance Return Policy Contact Us Wholesale']
Women's EVA Insole & Inserts / Heel Protection Patch Anti-Wear Nonslip Office / Career / Daily Nude / Black / Pink 1 Pair All Seasons,$5.99,Pink,"https://litb-cgis.rightinthebox.com/images/170x170/202206/bps/product/inc/mpkkwa1656471449079.jpg,https://litb-cgis.rightinthebox.com/images/170x170/202206/bps/product/inc/mqrsvh1656471423582.jpg,https://litb-cgis.rightinthebox.com/images/170x170/202206/bps/product/inc/wocdvx1656468665038.jpg,https://litb-cgis.rightinthebox.com/images/170x170/202206/bps/product/inc/druwik1656468665229.jpg",['Duty & Tax Insurance Return Policy Contact Us Wholesale']
"Silicone Toe Separators for Bunion Relief, Toe Alignment, and Pain Prevention – Comfortable Gel Cushion for Daily Use",$9.99,,"https://litb-cgis.rightinthebox.com/images/170x170/202207/bps/product/inc/wiymkr1657170500304.jpg,https://litb-cgis.rightinthebox.com/images/170x170/202207/bps/product/inc/truzkd1657089919253.jpg,https://litb-cgis.rightinthebox.com/images/170x170/202207/bps/product/inc/zcozut1657089919460.jpg,https://litb-cgis.rightinthebox.com/images/170x170/202207/bps/product/inc/urbalu1657089918822.jpg",['Duty & Tax Insurance Return Policy Contact Us Wholesale']
"Silicone Toe Separators for Bunion Relief, Toe Alignment, and Pain Prevention – Comfortable Gel Cushion for Daily Use",$9.99,White,"https://litb-cgis.rightinthebox.com/images/170x170/202207/bps/product/inc/wiymkr1657170500304.jpg,https://litb-cgis.rightinthebox.com/images/170x170/202207/bps/product/inc/truzkd1657089919253.jpg,https://litb-cgis.rightinthebox.com/images/170x170/202207/bps/product/inc/zcozut1657089919460.jpg,https://litb-cgis.rightinthebox.com/images/170x170/202207/bps/product/inc/urbalu1657089918822.jpg",['Duty & Tax Insurance Return Policy Contact Us Wholesale']
"Silicone Toe Separators for Bunion Relief, Toe Alignment, and Pain Prevention – Comfortable Gel Cushion for Daily Use",$9.99,Nude,"https://litb-cgis.rightinthebox.com/images/170x170/202207/bps/product/inc/wiymkr1657170500304.jpg,https://litb-cgis.rightinthebox.com/images/170x170/202207/bps/product/inc/truzkd1657089919253.jpg,https://litb-cgis.rightinthebox.com/images/170x170/202207/bps/product/inc/zcozut1657089919460.jpg,https://litb-cgis.rightinthebox.com/images/170x170/202207/bps/product/inc/urbalu1657089918822.jpg",['Duty & Tax Insurance Return Policy Contact Us Wholesale']
"High Heel Protectors for Women – Clear Anti-Slip Stiletto Heel Covers for Weddings, Grass Events, and Outdoor Parties",$7.99,XXS,"https://litb-cgis.rightinthebox.com/images/170x170/202209/bps/product/inc/ftzyej1663308703995.jpg,https://litb-cgis.rightinthebox.com/images/170x170/202309/bps/product/inc/wpkanr1695200122699.jpg,https://litb-cgis.rightinthebox.com/images/170x170/202204/bps/product/inc/qysaar1649224114168.jpg,https://litb-cgis.rightinthebox.com/images/170x170/202204/bps/product/inc/trbcmk1649224100321.jpg",['Duty & Tax Insurance Return Policy Contact Us Wholesale']
"High Heel Protectors for Women – Clear Anti-Slip Stiletto Heel Covers for Weddings, Grass Events, and Outdoor Parties",$7.99,XS,"https://litb-cgis.rightinthebox.com/images/170x170/202209/bps/product/inc/ftzyej1663308703995.jpg,https://litb-cgis.rightinthebox.com/images/170x170/202309/bps/product/inc/wpkanr1695200122699.jpg,https://litb-cgis.rightinthebox.com/images/170x170/202204/bps/product/inc/qysaar1649224114168.jpg,https://litb-cgis.rightinthebox.com/images/170x170/202204/bps/product/inc/trbcmk1649224100321.jpg",['Duty & Tax Insurance Return Policy Contact Us Wholesale']
"High Heel Protectors for Women – Clear Anti-Slip Stiletto Heel Covers for Weddings, Grass Events, and Outdoor Parties",$7.99,S,"https://litb-cgis.rightinthebox.com/images/170x170/202209/bps/product/inc/ftzyej1663308703995.jpg,https://litb-cgis.rightinthebox.com/images/170x170/202309/bps/product/inc/wpkanr1695200122699.jpg,https://litb-cgis.rightinthebox.com/images/170x170/202204/bps/product/inc/qysaar1649224114168.jpg,https://litb-cgis.rightinthebox.com/images/170x170/202204/bps/product/inc/trbcmk1649224100321.jpg",['Duty & Tax Insurance Return Policy Contact Us Wholesale']
"High Heel Protectors for Women – Clear Anti-Slip Stiletto Heel Covers for Weddings, Grass Events, and Outdoor Parties",$7.99,M,"https://litb-cgis.rightinthebox.com/images/170x170/202209/bps/product/inc/ftzyej1663308703995.jpg,https://litb-cgis.rightinthebox.com/images/170x170/202309/bps/product/inc/wpkanr1695200122699.jpg,https://litb-cgis.rightinthebox.com/images/170x170/202204/bps/product/inc/qysaar1649224114168.jpg,https://litb-cgis.rightinthebox.com/images/170x170/202204/bps/product/inc/trbcmk1649224100321.jpg",['Duty & Tax Insurance Return Policy Contact Us Wholesale']
"High Heel Protectors for Women – Clear Anti-Slip Stiletto Heel Covers for Weddings, Grass Events, and Outdoor Parties",$7.99,L,"https://litb-cgis.rightinthebox.com/images/170x170/202209/bps/product/inc/ftzyej1663308703995.jpg,https://litb-cgis.rightinthebox.com/images/170x170/202309/bps/product/inc/wpkanr1695200122699.jpg,https://litb-cgis.rightinthebox.com/images/170x170/202204/bps/product/inc/qysaar1649224114168.jpg,https://litb-cgis.rightinthebox.com/images/170x170/202204/bps/product/inc/trbcmk1649224100321.jpg",['Duty & Tax Insurance Return Policy Contact Us Wholesale']
"Heel Grips for Shoes – Anti-Slip Padded Heel Liners for Men and Women, Blister Prevention Cushions for Loose Shoes & Daily Walking",$5.99,Grey,"https://litb-cgis.rightinthebox.com/images/170x170/202205/bps/product/inc/pgptho1653536965914.jpg,https://litb-cgis.rightinthebox.com/images/170x170/202205/bps/product/inc/nurgrm1653537000567.jpg,https://litb-cgis.rightinthebox.com/images/170x170/202205/bps/product/inc/xxvuzg1653537002141.jpg,https://litb-cgis.rightinthebox.com/images/170x170/202205/bps/product/inc/yyivyn1653537003447.jpg",['Duty & Tax Insurance Return Policy Contact Us Wholesale']
"Heel Grips for Shoes – Anti-Slip Padded Heel Liners for Men and Women, Blister Prevention Cushions for Loose Shoes & Daily Walking",$5.99,Beige,"https://litb-cgis.rightinthebox.com/images/170x170/202205/bps/product/inc/pgptho1653536965914.jpg,https://litb-cgis.rightinthebox.com/images/170x170/202205/bps/product/inc/nurgrm1653537000567.jpg,https://litb-cgis.rightinthebox.com/images/170x170/202205/bps/product/inc/xxvuzg1653537002141.jpg,https://litb-cgis.rightinthebox.com/images/170x170/202205/bps/product/inc/yyivyn1653537003447.jpg",['Duty & Tax Insurance Return Policy Contact Us Wholesale']
"Heel Grips for Shoes – Anti-Slip Padded Heel Liners for Men and Women, Blister Prevention Cushions for Loose Shoes & Daily Walking",$5.99,Black,"https://litb-cgis.rightinthebox.com/images/170x170/202205/bps/product/inc/pgptho1653536965914.jpg,https://litb-cgis.rightinthebox.com/images/170x170/202205/bps/product/inc/nurgrm1653537000567.jpg,https://litb-cgis.rightinthebox.com/images/170x170/202205/bps/product/inc/xxvuzg1653537002141.jpg,https://litb-cgis.rightinthebox.com/images/170x170/202205/bps/product/inc/yyivyn1653537003447.jpg",['Duty & Tax Insurance Return Policy Contact Us Wholesale']
1Pair Heel Patch Anti Wear Half Size Insole High Heel Patch,$18.99,,"https://litb-cgis.rightinthebox.com/images/170x170/202405/bps/product/inc/cqxsxg1715048256211.jpg,https://litb-cgis.rightinthebox.com/images/170x170/202405/bps/product/inc/asidsd1715048256960.jpg,https://litb-cgis.rightinthebox.com/images/170x170/202405/bps/product/inc/ytzwgw1715048257559.jpg,https://litb-cgis.rightinthebox.com/images/170x170/202405/bps/product/inc/rdkygb1715048258059.jpg",['Duty & Tax Insurance Return Policy Contact Us Wholesale']
1Pair Thickened Front Foot Pad Silicone Forefoot Pad For High Heels Half Foot Pad,$18.99,,"https://litb-cgis.rightinthebox.com/images/170x170/202405/bps/product/inc/wdmhoj1715048006529.jpg,https://litb-cgis.rightinthebox.com/images/170x170/202405/bps/product/inc/amkrqd1715048007175.jpg,https://litb-cgis.rightinthebox.com/images/170x170/202405/bps/product/inc/iyzcnw1715048007661.jpg,https://litb-cgis.rightinthebox.com/images/170x170/202405/bps/product/inc/drfarp1715048008107.jpg",['Duty & Tax Insurance Return Policy Contact Us Wholesale']
"1 Pair Multi-Color Memory Foam Insoles for Shoes - Soft Cushioning, Shock Absorption, Non-Slip Design, Unisex Comfort for Sports, Casual, and Formal Footwear",$7.99,Black,"https://litb-cgis.rightinthebox.com/images/170x170/202207/bps/product/inc/fdgkxa1658985789194.jpg,https://litb-cgis.rightinthebox.com/images/170x170/202207/bps/product/inc/gnwthl1658988350542.jpg,https://litb-cgis.rightinthebox.com/images/170x170/202207/bps/product/inc/gfczpm1658988347798.jpg,https://litb-cgis.rightinthebox.com/images/170x170/202207/bps/product/inc/mhguau1658988353106.jpg",['Duty & Tax Insurance Return Policy Contact Us Wholesale']
"1 Pair Multi-Color Memory Foam Insoles for Shoes - Soft Cushioning, Shock Absorption, Non-Slip Design, Unisex Comfort for Sports, Casual, and Formal Footwear",$7.99,Beige,"https://litb-cgis.rightinthebox.com/images/170x170/202207/bps/product/inc/fdgkxa1658985789194.jpg,https://litb-cgis.rightinthebox.com/images/170x170/202207/bps/product/inc/gnwthl1658988350542.jpg,https://litb-cgis.rightinthebox.com/images/170x170/202207/bps/product/inc/gfczpm1658988347798.jpg,https://litb-cgis.rightinthebox.com/images/170x170/202207/bps/product/inc/mhguau1658988353106.jpg",['Duty & Tax Insurance Return Policy Contact Us Wholesale']
"1 Pair Multi-Color Memory Foam Insoles for Shoes - Soft Cushioning, Shock Absorption, Non-Slip Design, Unisex Comfort for Sports, Casual, and Formal Footwear",$7.99,Pink,"https://litb-cgis.rightinthebox.com/images/170x170/202207/bps/product/inc/fdgkxa1658985789194.jpg,https://litb-cgis.rightinthebox.com/images/170x170/202207/bps/product/inc/gnwthl1658988350542.jpg,https://litb-cgis.rightinthebox.com/images/170x170/202207/bps/product/inc/gfczpm1658988347798.jpg,https://litb-cgis.rightinthebox.com/images/170x170/202207/bps/product/inc/mhguau1658988353106.jpg",['Duty & Tax Insurance Return Policy Contact Us Wholesale']
