name,img,Description,price
"Doctor's Best, Lutein, Lutemax 2020, 20 mg, 180 Softgels","https://cloudinary.images-iherb.com/image/upload/f_auto,q_auto:eco/images/drb/drb00370/r/83.jpg,https://cloudinary.images-iherb.com/image/upload/f_auto,q_auto:eco/images/drb/drb00370/r/88.jpg,https://cloudinary.images-iherb.com/image/upload/w_240/f_auto,q_auto:eco/images/cms/banners/dPDP_Authenticity_Graphic2_2025_009en-us.jpg,https://cloudinary.images-iherb.com/image/upload/w_240/f_auto,q_auto:eco/images/cms/banners/dPDP_Fresh_Graphic2_2025_003en-us.jpg,https://cloudinary.images-iherb.com/image/upload/f_auto,q_auto:eco/images/drb/drb00370/r/83.jpg",,
"California Gold Nutrition, Lutein with Zeaxanthin from Marigold Extract, 20 mg, 60 Veggie Softgels","https://cloudinary.images-iherb.com/image/upload/f_auto,q_auto:eco/images/cgn/cgn01408/r/162.jpg,https://cloudinary.images-iherb.com/image/upload/f_auto,q_auto:eco/images/cgn/cgn01408/r/167.jpg,https://cloudinary.images-iherb.com/image/upload/f_auto,q_auto:eco/images/cgn/cgn01408/r/170.jpg,https://cloudinary.images-iherb.com/image/upload/f_auto,q_auto:eco/images/cgn/cgn01408/r/152.jpg,https://cloudinary.images-iherb.com/image/upload/f_auto,q_auto:eco/images/cgn/cgn01408/r/130.jpg",,"₨2,750.89"
"Nutricost, Zeaxanthin with Lutein, 120 Softgels","https://cloudinary.images-iherb.com/image/upload/f_auto,q_auto:eco/images/ncs/ncs67030/r/24.jpg,https://cloudinary.images-iherb.com/image/upload/f_auto,q_auto:eco/images/ncs/ncs67030/r/29.jpg,https://cloudinary.images-iherb.com/image/upload/w_240/f_auto,q_auto:eco/images/cms/banners/dPDP_Authenticity_Graphic2_2025_009en-us.jpg,https://cloudinary.images-iherb.com/image/upload/w_240/f_auto,q_auto:eco/images/cms/banners/dPDP_Fresh_Graphic2_2025_003en-us.jpg,https://cloudinary.images-iherb.com/image/upload/f_auto,q_auto:eco/images/ncs/ncs67030/r/24.jpg",,"₨3,823.73"
"NOW Foods, Lutein & Zeaxanthin, 60 Softgels","https://cloudinary.images-iherb.com/image/upload/f_auto,q_auto:eco/images/now/now03064/r/19.jpg,https://cloudinary.images-iherb.com/image/upload/f_auto,q_auto:eco/images/now/now03064/r/24.jpg,https://cloudinary.images-iherb.com/image/upload/w_240/f_auto,q_auto:eco/images/cms/banners/dPDP_Authenticity_Graphic2_2025_009en-us.jpg,https://cloudinary.images-iherb.com/image/upload/w_240/f_auto,q_auto:eco/images/cms/banners/dPDP_Fresh_Graphic2_2025_003en-us.jpg,https://cloudinary.images-iherb.com/image/upload/f_auto,q_auto:eco/images/now/now03064/r/29.jpg",,"₨5,649.10"
"Doctor's Best, Lutein, Lutemax 2020, 60 Softgels","https://cloudinary.images-iherb.com/image/upload/f_auto,q_auto:eco/images/drb/drb00369/r/81.jpg,https://cloudinary.images-iherb.com/image/upload/f_auto,q_auto:eco/images/drb/drb00369/r/86.jpg,https://cloudinary.images-iherb.com/image/upload/w_240/f_auto,q_auto:eco/images/cms/banners/dPDP_Authenticity_Graphic2_2025_009en-us.jpg,https://cloudinary.images-iherb.com/image/upload/w_240/f_auto,q_auto:eco/images/cms/banners/dPDP_Fresh_Graphic2_2025_003en-us.jpg,https://cloudinary.images-iherb.com/image/upload/f_auto,q_auto:eco/images/drb/drb00369/r/81.jpg",,"₨3,734.70"
"21st Century, Healthy Eyes, Lutein and Antioxidants, 60 Tablets","https://cloudinary.images-iherb.com/image/upload/f_auto,q_auto:eco/images/cen/cen27452/r/39.jpg,https://cloudinary.images-iherb.com/image/upload/f_auto,q_auto:eco/images/cen/cen27452/r/44.jpg,https://cloudinary.images-iherb.com/image/upload/w_240/f_auto,q_auto:eco/images/cms/banners/dPDP_Authenticity_Graphic2_2025_009en-us.jpg,https://cloudinary.images-iherb.com/image/upload/w_240/f_auto,q_auto:eco/images/cms/banners/dPDP_Fresh_Graphic2_2025_003en-us.jpg,https://cloudinary.images-iherb.com/image/upload/f_auto,q_auto:eco/images/cen/cen27452/r/39.jpg",,"₨1,606.83"
"Sports Research, Lutein + Zeaxanthin, Plant-Based, 120 Veggie Softgels","https://cloudinary.images-iherb.com/image/upload/f_auto,q_auto:eco/images/sre/sre01210/r/93.jpg,https://cloudinary.images-iherb.com/image/upload/f_auto,q_auto:eco/images/sre/sre01210/r/98.jpg,https://cloudinary.images-iherb.com/image/upload/w_240/f_auto,q_auto:eco/images/cms/banners/dPDP_Authenticity_Graphic2_2025_009en-us.jpg,https://cloudinary.images-iherb.com/image/upload/w_240/f_auto,q_auto:eco/images/cms/banners/dPDP_Fresh_Graphic2_2025_003en-us.jpg,https://cloudinary.images-iherb.com/image/upload/f_auto,q_auto:eco/images/sre/sre01210/r/101.jpg",,"₨8,084.55"
"Swanson, Lutein & Bilberry, 120 Softgels","https://cloudinary.images-iherb.com/image/upload/f_auto,q_auto:eco/images/swv/swv02990/r/32.jpg,https://cloudinary.images-iherb.com/image/upload/f_auto,q_auto:eco/images/swv/swv02990/r/34.jpg,https://cloudinary.images-iherb.com/image/upload/w_240/f_auto,q_auto:eco/images/cms/banners/dPDP_Authenticity_Graphic2_2025_009en-us.jpg,https://cloudinary.images-iherb.com/image/upload/w_240/f_auto,q_auto:eco/images/cms/banners/dPDP_Fresh_Graphic2_2025_003en-us.jpg,https://img.youtube.com/vi/rajQKy4WxkU/0.jpg",,"₨3,815.40"
"California Gold Nutrition, Lutein with Zeaxanthin from Marigold Extract, 10 mg, 120 Veggie Softgels","https://cloudinary.images-iherb.com/image/upload/f_auto,q_auto:eco/images/cgn/cgn01168/r/128.jpg,https://cloudinary.images-iherb.com/image/upload/f_auto,q_auto:eco/images/cgn/cgn01168/r/133.jpg,https://cloudinary.images-iherb.com/image/upload/f_auto,q_auto:eco/images/cgn/cgn01168/r/136.jpg,https://cloudinary.images-iherb.com/image/upload/f_auto,q_auto:eco/images/cgn/cgn01168/r/118.jpg,https://cloudinary.images-iherb.com/image/upload/f_auto,q_auto:eco/images/cgn/cgn01168/r/137.jpg",,
"Doctor's Best, Lutein, 120 Veggie Caps","https://cloudinary.images-iherb.com/image/upload/f_auto,q_auto:eco/images/drb/drb00143/r/143.jpg,https://cloudinary.images-iherb.com/image/upload/f_auto,q_auto:eco/images/drb/drb00143/r/148.jpg,https://cloudinary.images-iherb.com/image/upload/w_240/f_auto,q_auto:eco/images/cms/banners/dPDP_Authenticity_Graphic2_2025_009en-us.jpg,https://cloudinary.images-iherb.com/image/upload/w_240/f_auto,q_auto:eco/images/cms/banners/dPDP_Fresh_Graphic2_2025_003en-us.jpg,https://cloudinary.images-iherb.com/image/upload/f_auto,q_auto:eco/images/drb/drb00143/r/143.jpg",,
"NOW Foods, Lutein, 20 mg, 90 Veg Capsules","https://cloudinary.images-iherb.com/image/upload/f_auto,q_auto:eco/images/now/now03069/r/29.jpg,https://cloudinary.images-iherb.com/image/upload/f_auto,q_auto:eco/images/now/now03069/r/34.jpg,https://cloudinary.images-iherb.com/image/upload/w_240/f_auto,q_auto:eco/images/cms/banners/dPDP_Authenticity_Graphic2_2025_009en-us.jpg,https://cloudinary.images-iherb.com/image/upload/w_240/f_auto,q_auto:eco/images/cms/banners/dPDP_Fresh_Graphic2_2025_003en-us.jpg,https://cloudinary.images-iherb.com/image/upload/f_auto,q_auto:eco/images/now/now03069/r/39.jpg",,"₨5,704.61"
"California Gold Nutrition, Lutein and Zeaxanthin Gummies, Tropical, 90 Vegetarian Gummies","https://cloudinary.images-iherb.com/image/upload/f_auto,q_auto:eco/images/cgn/cgn02287/r/15.jpg,https://cloudinary.images-iherb.com/image/upload/f_auto,q_auto:eco/images/cgn/cgn02287/r/14.jpg,https://cloudinary.images-iherb.com/image/upload/f_auto,q_auto:eco/images/cgn/cgn02287/r/16.jpg,https://cloudinary.images-iherb.com/image/upload/f_auto,q_auto:eco/images/cgn/cgn02287/r/29.jpg,https://cloudinary.images-iherb.com/image/upload/f_auto,q_auto:eco/images/cgn/cgn02287/r/26.jpg",,"₨4,863.50"
"Natural Factors, Lutein With Zeaxanthin, 120 Softgels","https://cloudinary.images-iherb.com/image/upload/f_auto,q_auto:eco/images/nfs/nfs01033/r/71.jpg,https://cloudinary.images-iherb.com/image/upload/f_auto,q_auto:eco/images/nfs/nfs01033/r/76.jpg,https://cloudinary.images-iherb.com/image/upload/w_240/f_auto,q_auto:eco/images/cms/banners/dPDP_Authenticity_Graphic2_2025_009en-us.jpg,https://cloudinary.images-iherb.com/image/upload/w_240/f_auto,q_auto:eco/images/cms/banners/dPDP_Fresh_Graphic2_2025_003en-us.jpg,https://cloudinary.images-iherb.com/image/upload/f_auto,q_auto:eco/images/nfs/nfs01033/r/71.jpg",,"₨5,811.45"
"NOW Foods, Lutein & Zeaxanthin , 120 Softgels","https://cloudinary.images-iherb.com/image/upload/f_auto,q_auto:eco/images/now/now03089/r/64.jpg,https://cloudinary.images-iherb.com/image/upload/f_auto,q_auto:eco/images/now/now03089/r/69.jpg,https://cloudinary.images-iherb.com/image/upload/w_240/f_auto,q_auto:eco/images/cms/banners/dPDP_Authenticity_Graphic2_2025_009en-us.jpg,https://cloudinary.images-iherb.com/image/upload/w_240/f_auto,q_auto:eco/images/cms/banners/dPDP_Fresh_Graphic2_2025_003en-us.jpg,https://cloudinary.images-iherb.com/image/upload/f_auto,q_auto:eco/images/now/now03089/r/64.jpg",,"₨9,407.15"
"Natural Factors, Lutein, 60 Softgels","https://cloudinary.images-iherb.com/image/upload/f_auto,q_auto:eco/images/nfs/nfs01035/r/67.jpg,https://cloudinary.images-iherb.com/image/upload/f_auto,q_auto:eco/images/nfs/nfs01035/r/72.jpg,https://cloudinary.images-iherb.com/image/upload/w_240/f_auto,q_auto:eco/images/cms/banners/dPDP_Authenticity_Graphic2_2025_009en-us.jpg,https://cloudinary.images-iherb.com/image/upload/w_240/f_auto,q_auto:eco/images/cms/banners/dPDP_Fresh_Graphic2_2025_003en-us.jpg,https://cloudinary.images-iherb.com/image/upload/f_auto,q_auto:eco/images/nfs/nfs01035/r/67.jpg",,"₨5,835.73"
"NOW Foods, Lutein, 10 mg, 120 Softgels","https://cloudinary.images-iherb.com/image/upload/f_auto,q_auto:eco/images/now/now03057/r/21.jpg,https://cloudinary.images-iherb.com/image/upload/f_auto,q_auto:eco/images/now/now03057/r/27.jpg,https://cloudinary.images-iherb.com/image/upload/w_240/f_auto,q_auto:eco/images/cms/banners/dPDP_Authenticity_Graphic2_2025_009en-us.jpg,https://cloudinary.images-iherb.com/image/upload/w_240/f_auto,q_auto:eco/images/cms/banners/dPDP_Fresh_Graphic2_2025_003en-us.jpg,https://cloudinary.images-iherb.com/image/upload/f_auto,q_auto:eco/images/now/now03057/r/31.jpg",,"₨4,386.40"
"Micro Ingredients, Lutein With Zeaxanthin, 240 Softgels","https://cloudinary.images-iherb.com/image/upload/f_auto,q_auto:eco/images/mii/mii02343/r/6.jpg,https://cloudinary.images-iherb.com/image/upload/f_auto,q_auto:eco/images/mii/mii02343/r/7.jpg,https://cloudinary.images-iherb.com/image/upload/w_240/f_auto,q_auto:eco/images/cms/banners/dPDP_Authenticity_Graphic2_2025_009en-us.jpg,https://cloudinary.images-iherb.com/image/upload/w_240/f_auto,q_auto:eco/images/cms/banners/dPDP_Fresh_Graphic2_2025_003en-us.jpg,https://cloudinary.images-iherb.com/image/upload/f_auto,q_auto:eco/images/mii/mii02343/r/6.jpg",,
"Doctor's Best, Lutein , 20 mg, 60 Softgels","https://cloudinary.images-iherb.com/image/upload/f_auto,q_auto:eco/images/drb/drb00192/r/148.jpg,https://cloudinary.images-iherb.com/image/upload/f_auto,q_auto:eco/images/drb/drb00192/r/153.jpg,https://cloudinary.images-iherb.com/image/upload/w_240/f_auto,q_auto:eco/images/cms/banners/dPDP_Authenticity_Graphic2_2025_009en-us.jpg,https://cloudinary.images-iherb.com/image/upload/w_240/f_auto,q_auto:eco/images/cms/banners/dPDP_Fresh_Graphic2_2025_003en-us.jpg,https://cloudinary.images-iherb.com/image/upload/f_auto,q_auto:eco/images/drb/drb00192/r/148.jpg",,"₨2,754.53"
"Jarrow Formulas, Lutein, 20 mg, 60 Softgels","https://cloudinary.images-iherb.com/image/upload/f_auto,q_auto:eco/images/jrw/jrw12025/r/72.jpg,https://cloudinary.images-iherb.com/image/upload/f_auto,q_auto:eco/images/jrw/jrw12025/r/78.jpg,https://cloudinary.images-iherb.com/image/upload/w_240/f_auto,q_auto:eco/images/cms/banners/dPDP_Authenticity_Graphic2_2025_009en-us.jpg,https://cloudinary.images-iherb.com/image/upload/w_240/f_auto,q_auto:eco/images/cms/banners/dPDP_Fresh_Graphic2_2025_003en-us.jpg,https://cloudinary.images-iherb.com/image/upload/f_auto,q_auto:eco/images/jrw/jrw12025/r/72.jpg",,
"Solgar, Lutein, 20 mg, 60 Softgels","https://cloudinary.images-iherb.com/image/upload/f_auto,q_auto:eco/images/sol/sol01675/r/99.jpg,https://cloudinary.images-iherb.com/image/upload/f_auto,q_auto:eco/images/sol/sol01675/r/105.jpg,https://cloudinary.images-iherb.com/image/upload/w_240/f_auto,q_auto:eco/images/cms/banners/dPDP_Authenticity_Graphic2_2025_009en-us.jpg,https://cloudinary.images-iherb.com/image/upload/w_240/f_auto,q_auto:eco/images/cms/banners/dPDP_Fresh_Graphic2_2025_003en-us.jpg,https://cloudinary.images-iherb.com/image/upload/f_auto,q_auto:eco/images/sol/sol01675/r/99.jpg",,"₨7,508.51"
"Swanson, Lutein, 40 mg, 60 Softgels","https://cloudinary.images-iherb.com/image/upload/f_auto,q_auto:eco/images/swv/swv02981/r/32.jpg,https://cloudinary.images-iherb.com/image/upload/f_auto,q_auto:eco/images/swv/swv02981/r/34.jpg,https://cloudinary.images-iherb.com/image/upload/w_240/f_auto,q_auto:eco/images/cms/banners/dPDP_Authenticity_Graphic2_2025_009en-us.jpg,https://cloudinary.images-iherb.com/image/upload/w_240/f_auto,q_auto:eco/images/cms/banners/dPDP_Fresh_Graphic2_2025_003en-us.jpg,https://img.youtube.com/vi/rajQKy4WxkU/0.jpg",,"₨4,540.42"
"21st Century, Healthy Eyes, Extra With Lutein, Zinc & Vitamin B, 36 Tablets","https://cloudinary.images-iherb.com/image/upload/f_auto,q_auto:eco/images/cen/cen27418/r/16.jpg,https://cloudinary.images-iherb.com/image/upload/f_auto,q_auto:eco/images/cen/cen27418/r/22.jpg,https://cloudinary.images-iherb.com/image/upload/w_240/f_auto,q_auto:eco/images/cms/banners/dPDP_Authenticity_Graphic2_2025_009en-us.jpg,https://cloudinary.images-iherb.com/image/upload/w_240/f_auto,q_auto:eco/images/cms/banners/dPDP_Fresh_Graphic2_2025_003en-us.jpg,https://cloudinary.images-iherb.com/image/upload/f_auto,q_auto:eco/images/cen/cen27418/r/16.jpg",,"₨1,426.67"
"Jarrow Formulas, Lutein, 20 mg, 120 Softgels","https://cloudinary.images-iherb.com/image/upload/f_auto,q_auto:eco/images/jrw/jrw12035/r/76.jpg,https://cloudinary.images-iherb.com/image/upload/f_auto,q_auto:eco/images/jrw/jrw12035/r/81.jpg,https://cloudinary.images-iherb.com/image/upload/w_240/f_auto,q_auto:eco/images/cms/banners/dPDP_Authenticity_Graphic2_2025_009en-us.jpg,https://cloudinary.images-iherb.com/image/upload/w_240/f_auto,q_auto:eco/images/cms/banners/dPDP_Fresh_Graphic2_2025_003en-us.jpg,https://cloudinary.images-iherb.com/image/upload/f_auto,q_auto:eco/images/jrw/jrw12035/r/76.jpg",,
"Super Nutrition, SimplyOne®, See Clearly, Triple Power Vision Formula with Lutein, Zeaxanthin, Vitamins, Minerals and Botanical Extracts, Wild Berry , 30 Chewable Tablets","https://cloudinary.images-iherb.com/image/upload/f_auto,q_auto:eco/images/spn/spn00264/r/48.jpg,https://cloudinary.images-iherb.com/image/upload/f_auto,q_auto:eco/images/spn/spn00264/r/50.jpg,https://cloudinary.images-iherb.com/image/upload/f_auto,q_auto:eco/images/spn/spn00264/r/38.jpg,https://cloudinary.images-iherb.com/image/upload/f_auto,q_auto:eco/images/spn/spn00264/r/39.jpg,https://cloudinary.images-iherb.com/image/upload/w_240/f_auto,q_auto:eco/images/cms/banners/dPDP_Authenticity_Graphic2_2025_009en-us.jpg",,"₨3,184.51"
"21st Century, Healthy Eyes, Lutein & Zeaxanthin, 60 Capsules","https://cloudinary.images-iherb.com/image/upload/f_auto,q_auto:eco/images/cen/cen27454/r/31.jpg,https://cloudinary.images-iherb.com/image/upload/f_auto,q_auto:eco/images/cen/cen27454/r/36.jpg,https://cloudinary.images-iherb.com/image/upload/w_240/f_auto,q_auto:eco/images/cms/banners/dPDP_Authenticity_Graphic2_2025_009en-us.jpg,https://cloudinary.images-iherb.com/image/upload/w_240/f_auto,q_auto:eco/images/cms/banners/dPDP_Fresh_Graphic2_2025_003en-us.jpg,https://cloudinary.images-iherb.com/image/upload/f_auto,q_auto:eco/images/cen/cen27454/r/40.jpg",,"₨3,012.92"
"Swanson, Lutein & Bilberry, 60 Softgels","https://cloudinary.images-iherb.com/image/upload/f_auto,q_auto:eco/images/swv/swv02989/r/24.jpg,https://cloudinary.images-iherb.com/image/upload/f_auto,q_auto:eco/images/swv/swv02989/r/30.jpg,https://cloudinary.images-iherb.com/image/upload/w_240/f_auto,q_auto:eco/images/cms/banners/dPDP_Authenticity_Graphic2_2025_009en-us.jpg,https://cloudinary.images-iherb.com/image/upload/w_240/f_auto,q_auto:eco/images/cms/banners/dPDP_Fresh_Graphic2_2025_003en-us.jpg,https://cloudinary.images-iherb.com/image/upload/f_auto,q_auto:eco/images/swv/swv02989/r/24.jpg",,"₨2,147.75"
"California Gold Nutrition, Lutein Plus with Bilberry Powder and Zeaxanthin, 120 Veggie Capsules","https://cloudinary.images-iherb.com/image/upload/f_auto,q_auto:eco/images/spn/spn02454/r/46.jpg,https://cloudinary.images-iherb.com/image/upload/f_auto,q_auto:eco/images/spn/spn02454/r/47.jpg,https://cloudinary.images-iherb.com/image/upload/f_auto,q_auto:eco/images/spn/spn02454/r/48.jpg,https://cloudinary.images-iherb.com/image/upload/f_auto,q_auto:eco/images/spn/spn02454/r/26.jpg,https://cloudinary.images-iherb.com/image/upload/f_auto,q_auto:eco/images/spn/spn02454/r/45.jpg",,
"Vitamatic, Lutein & Zeaxanthin, 240 Softgels","https://cloudinary.images-iherb.com/image/upload/f_auto,q_auto:eco/images/vmc/vmc47521/r/8.jpg,https://cloudinary.images-iherb.com/image/upload/f_auto,q_auto:eco/images/vmc/vmc47521/r/14.jpg,https://cloudinary.images-iherb.com/image/upload/w_240/f_auto,q_auto:eco/images/cms/banners/dPDP_Authenticity_Graphic2_2025_009en-us.jpg,https://cloudinary.images-iherb.com/image/upload/w_240/f_auto,q_auto:eco/images/cms/banners/dPDP_Fresh_Graphic2_2025_003en-us.jpg,https://cloudinary.images-iherb.com/image/upload/f_auto,q_auto:eco/images/vmc/vmc47521/r/8.jpg",,"₨6,788.77"
"Dr. Mercola, Eye Support, 30 Capsules","https://cloudinary.images-iherb.com/image/upload/f_auto,q_auto:eco/images/mcl/mcl01235/r/39.jpg,https://cloudinary.images-iherb.com/image/upload/f_auto,q_auto:eco/images/mcl/mcl01235/r/44.jpg,https://cloudinary.images-iherb.com/image/upload/w_240/f_auto,q_auto:eco/images/cms/banners/dPDP_Authenticity_Graphic2_2025_009en-us.jpg,https://cloudinary.images-iherb.com/image/upload/w_240/f_auto,q_auto:eco/images/cms/banners/dPDP_Fresh_Graphic2_2025_003en-us.jpg,https://cloudinary.images-iherb.com/image/upload/f_auto,q_auto:eco/images/mcl/mcl01235/r/39.jpg",,"₨8,648.37"
"Country Life, Lutein & Zeaxanthin Gummies, Natural Mango, 60 Gummies","https://cloudinary.images-iherb.com/image/upload/f_auto,q_auto:eco/images/clf/clf05607/r/8.jpg,https://cloudinary.images-iherb.com/image/upload/f_auto,q_auto:eco/images/clf/clf05607/r/11.jpg,https://cloudinary.images-iherb.com/image/upload/w_240/f_auto,q_auto:eco/images/cms/banners/dPDP_Authenticity_Graphic2_2025_009en-us.jpg,https://cloudinary.images-iherb.com/image/upload/w_240/f_auto,q_auto:eco/images/cms/banners/dPDP_Fresh_Graphic2_2025_003en-us.jpg,https://cloudinary.images-iherb.com/image/upload/f_auto,q_auto:eco/images/clf/clf05607/r/8.jpg",,"₨5,675.23"
"Solgar, Lutein, 40 mg, 30 Softgels","https://cloudinary.images-iherb.com/image/upload/f_auto,q_auto:eco/images/sol/sol01677/r/93.jpg,https://cloudinary.images-iherb.com/image/upload/f_auto,q_auto:eco/images/sol/sol01677/r/99.jpg,https://cloudinary.images-iherb.com/image/upload/w_240/f_auto,q_auto:eco/images/cms/banners/dPDP_Authenticity_Graphic2_2025_009en-us.jpg,https://cloudinary.images-iherb.com/image/upload/w_240/f_auto,q_auto:eco/images/cms/banners/dPDP_Fresh_Graphic2_2025_003en-us.jpg,https://cloudinary.images-iherb.com/image/upload/f_auto,q_auto:eco/images/sol/sol01677/r/93.jpg",,"₨6,948.32"
"Swanson, Astaxanthin & Zeaxanthin, 60 Softgels","https://cloudinary.images-iherb.com/image/upload/f_auto,q_auto:eco/images/swv/swv02925/r/24.jpg,https://cloudinary.images-iherb.com/image/upload/f_auto,q_auto:eco/images/swv/swv02925/r/30.jpg,https://cloudinary.images-iherb.com/image/upload/w_240/f_auto,q_auto:eco/images/cms/banners/dPDP_Authenticity_Graphic2_2025_009en-us.jpg,https://cloudinary.images-iherb.com/image/upload/w_240/f_auto,q_auto:eco/images/cms/banners/dPDP_Fresh_Graphic2_2025_003en-us.jpg,https://cloudinary.images-iherb.com/image/upload/f_auto,q_auto:eco/images/swv/swv02925/r/24.jpg",,"₨7,513.21"
"Swanson, Lutein, High Potency, 20 mg, 120 Softgels","https://cloudinary.images-iherb.com/image/upload/f_auto,q_auto:eco/images/swv/swv02994/r/24.jpg,https://cloudinary.images-iherb.com/image/upload/f_auto,q_auto:eco/images/swv/swv02994/r/30.jpg,https://cloudinary.images-iherb.com/image/upload/w_240/f_auto,q_auto:eco/images/cms/banners/dPDP_Authenticity_Graphic2_2025_009en-us.jpg,https://cloudinary.images-iherb.com/image/upload/w_240/f_auto,q_auto:eco/images/cms/banners/dPDP_Fresh_Graphic2_2025_003en-us.jpg,https://cloudinary.images-iherb.com/image/upload/f_auto,q_auto:eco/images/swv/swv02994/r/24.jpg",,
"Carlson, Lutein, 180 Soft Gels","https://cloudinary.images-iherb.com/image/upload/f_auto,q_auto:eco/images/car/car08652/r/44.jpg,https://cloudinary.images-iherb.com/image/upload/f_auto,q_auto:eco/images/car/car08652/r/49.jpg,https://cloudinary.images-iherb.com/image/upload/w_240/f_auto,q_auto:eco/images/cms/banners/dPDP_Authenticity_Graphic2_2025_009en-us.jpg,https://cloudinary.images-iherb.com/image/upload/w_240/f_auto,q_auto:eco/images/cms/banners/dPDP_Fresh_Graphic2_2025_003en-us.jpg,https://cloudinary.images-iherb.com/image/upload/f_auto,q_auto:eco/images/car/car08652/r/44.jpg",,"₨5,574.87"
"Swanson, Synergistic Eye Health, 60 Softgels","https://cloudinary.images-iherb.com/image/upload/f_auto,q_auto:eco/images/swv/swv02986/r/16.jpg,https://cloudinary.images-iherb.com/image/upload/f_auto,q_auto:eco/images/swv/swv02986/r/18.jpg,https://cloudinary.images-iherb.com/image/upload/w_240/f_auto,q_auto:eco/images/cms/banners/dPDP_Authenticity_Graphic2_2025_009en-us.jpg,https://cloudinary.images-iherb.com/image/upload/w_240/f_auto,q_auto:eco/images/cms/banners/dPDP_Fresh_Graphic2_2025_003en-us.jpg,https://cloudinary.images-iherb.com/image/upload/f_auto,q_auto:eco/images/swv/swv02986/r/16.jpg",,"₨3,928.61"
"Nutricost, Zeaxanthin with Lutein, 60 Softgels","https://cloudinary.images-iherb.com/image/upload/f_auto,q_auto:eco/images/ncs/ncs57384/r/8.jpg,https://cloudinary.images-iherb.com/image/upload/f_auto,q_auto:eco/images/ncs/ncs57384/r/13.jpg,https://cloudinary.images-iherb.com/image/upload/w_240/f_auto,q_auto:eco/images/cms/banners/dPDP_Authenticity_Graphic2_2025_009en-us.jpg,https://cloudinary.images-iherb.com/image/upload/w_240/f_auto,q_auto:eco/images/cms/banners/dPDP_Fresh_Graphic2_2025_003en-us.jpg,https://cloudinary.images-iherb.com/image/upload/f_auto,q_auto:eco/images/ncs/ncs57384/r/8.jpg",,"₨2,753.05"
"Natural Factors, Lutein, 20 mg, 60 Softgels","https://cloudinary.images-iherb.com/image/upload/f_auto,q_auto:eco/images/nfs/nfs01032/r/30.jpg,https://cloudinary.images-iherb.com/image/upload/f_auto,q_auto:eco/images/nfs/nfs01032/r/33.jpg,https://cloudinary.images-iherb.com/image/upload/w_240/f_auto,q_auto:eco/images/cms/banners/dPDP_Authenticity_Graphic2_2025_009en-us.jpg,https://cloudinary.images-iherb.com/image/upload/w_240/f_auto,q_auto:eco/images/cms/banners/dPDP_Fresh_Graphic2_2025_003en-us.jpg,https://cloudinary.images-iherb.com/image/upload/f_auto,q_auto:eco/images/nfs/nfs01032/r/30.jpg",,"₨3,403.19"
"Phytoral, Kids, Lutein Gummies, Mango, 60 Gummies","https://cloudinary.images-iherb.com/image/upload/f_auto,q_auto:eco/images/pht/pht38627/r/24.jpg,https://cloudinary.images-iherb.com/image/upload/f_auto,q_auto:eco/images/pht/pht38627/r/30.jpg,https://cloudinary.images-iherb.com/image/upload/w_240/f_auto,q_auto:eco/images/cms/banners/dPDP_Authenticity_Graphic2_2025_009en-us.jpg,https://cloudinary.images-iherb.com/image/upload/w_240/f_auto,q_auto:eco/images/cms/banners/dPDP_Fresh_Graphic2_2025_003en-us.jpg,https://cloudinary.images-iherb.com/image/upload/f_auto,q_auto:eco/images/pht/pht38627/r/24.jpg",,
"Dr. Mercola, Eye Support, 90 Capsules","https://cloudinary.images-iherb.com/image/upload/f_auto,q_auto:eco/images/mcl/mcl03295/r/8.jpg,https://cloudinary.images-iherb.com/image/upload/f_auto,q_auto:eco/images/mcl/mcl03295/r/13.jpg,https://cloudinary.images-iherb.com/image/upload/w_240/f_auto,q_auto:eco/images/cms/banners/dPDP_Authenticity_Graphic2_2025_009en-us.jpg,https://cloudinary.images-iherb.com/image/upload/w_240/f_auto,q_auto:eco/images/cms/banners/dPDP_Fresh_Graphic2_2025_003en-us.jpg,https://cloudinary.images-iherb.com/image/upload/f_auto,q_auto:eco/images/mcl/mcl03295/r/8.jpg","Description
Dietary Supplement
Eye & Vision Health
Antioxidant 
Mitochondrial Health
Dr. Mercola Has Been Providing Quality Products Since 2001
Contrary to popular opinion, declining eyesight isn’t a result of growing older. Rather, it’s often a side effect of our modern lifestyle – and a lack of the nutrients your eyes need to thrive.
Smoking, obesity, blood sugar and blood pressure issues as well as lack of sleep can hasten a decline in your ability to see clearly.
Too many hours of screen time with its potentially harmful short-wavelength blue light can also take its toll on your eye health and visual acuity and comfort over time.
To help you support your eyesight and eye health through these kinds of challenging conditions, we formulated Eye Support with four of the most powerful ingredients:
Anthocyanins from Black Currant Extract are one of the newest groups of antioxidants recognized for their powerful eye support benefits. They are easily absorbed into your plasma and eye tissue to nourish your eyes and help provide support against visual fatigue.
Lutein is a naturally-occurring carotenoid that is used by your body as an antioxidant and provides valuable support for your eyes by absorbing harmful blue light from electronic devices, fighting free radicals and protecting cells from oxidative damage.
Zeaxanthin is the strongest antioxidant carotenoid found in your retina and moves easily into eye tissues. Together with Lutein, it significantly increases macular pigment density for visual acuity and helps ease common visual complaints.
Organic Astaxanthin from Haematococcus pluvialis microalga, the preferred source, readily crosses into the tissues of your eyes and promotes optimal eye energy levels and visual acuity while supporting your retina during bright light exposures.
Based on scientific research, our formula contains the optimal doses of these ingredients for effective protection against damaging free radicals and for promoting optimal macula and retina health.
It is also free of synthetic ingredients, as our Organic Astaxanthin is grown in a pure, toxin-free environment and extracted without solvents.
We’ve taken the guesswork out of finding the right combination of botanicals for healthy eyes and vision. Use Eye Support with confidence to help maintain your healthy eyesight.
Suggested use
Adults, as a dietary supplement, take one (1) capsule daily.
Other ingredients
Organic tapioca maltodextrin, capsule (hydroxypropyl methylcellulose), sucrose, hydroxypropyl methylcellulose, tapioca starch, mixed tocopherols.
Warnings
Keep out of reach of children.
Do not use if safety seal is broken.
If you are nursing, pregnant, taking medication or have a medical condition, consult your physician before taking this product.
Disclaimer
While iHerb strives to ensure the accuracy of its product images and information, some manufacturing changes to packaging and/or ingredients may be pending update on our site. Although items may occasionally ship with alternate packaging, freshness is always guaranteed. We recommend that you read labels, warnings and directions of all products before use and not rely solely on the information provided by iHerb.","₨20,716.46"
"Swanson, Zeaxanthin, 4 mg, 60 Softgels","https://cloudinary.images-iherb.com/image/upload/f_auto,q_auto:eco/images/swv/swv02254/r/24.jpg,https://cloudinary.images-iherb.com/image/upload/f_auto,q_auto:eco/images/swv/swv02254/r/32.jpg,https://cloudinary.images-iherb.com/image/upload/w_240/f_auto,q_auto:eco/images/cms/banners/dPDP_Authenticity_Graphic2_2025_009en-us.jpg,https://cloudinary.images-iherb.com/image/upload/w_240/f_auto,q_auto:eco/images/cms/banners/dPDP_Fresh_Graphic2_2025_003en-us.jpg,https://cloudinary.images-iherb.com/image/upload/f_auto,q_auto:eco/images/swv/swv02254/r/24.jpg",,"₨3,812.98"
"Dr. Mercola, Lutein with Zeaxanthin, 40 mg, 30 Capsules","https://cloudinary.images-iherb.com/image/upload/f_auto,q_auto:eco/images/mcl/mcl03661/r/24.jpg,https://cloudinary.images-iherb.com/image/upload/f_auto,q_auto:eco/images/mcl/mcl03661/r/27.jpg,https://cloudinary.images-iherb.com/image/upload/w_240/f_auto,q_auto:eco/images/cms/banners/dPDP_Authenticity_Graphic2_2025_009en-us.jpg,https://cloudinary.images-iherb.com/image/upload/w_240/f_auto,q_auto:eco/images/cms/banners/dPDP_Fresh_Graphic2_2025_003en-us.jpg,https://cloudinary.images-iherb.com/image/upload/f_auto,q_auto:eco/images/mcl/mcl03661/r/24.jpg",,"₨10,404.78"
"NOW Foods, Lutein, 10 mg, 60 Softgels","https://cloudinary.images-iherb.com/image/upload/f_auto,q_auto:eco/images/now/now03058/r/40.jpg,https://cloudinary.images-iherb.com/image/upload/f_auto,q_auto:eco/images/now/now03058/r/45.jpg,https://cloudinary.images-iherb.com/image/upload/w_240/f_auto,q_auto:eco/images/cms/banners/dPDP_Authenticity_Graphic2_2025_009en-us.jpg,https://cloudinary.images-iherb.com/image/upload/w_240/f_auto,q_auto:eco/images/cms/banners/dPDP_Fresh_Graphic2_2025_003en-us.jpg,https://cloudinary.images-iherb.com/image/upload/f_auto,q_auto:eco/images/now/now03058/r/50.jpg",,"₨2,846.17"
"Solaray, Advanced Lutein Eyes™ 24 with Bilberry & Blueberry, 60 VegCaps","https://cloudinary.images-iherb.com/image/upload/f_auto,q_auto:eco/images/sor/sor83218/r/54.jpg,https://cloudinary.images-iherb.com/image/upload/f_auto,q_auto:eco/images/sor/sor83218/r/62.jpg,https://cloudinary.images-iherb.com/image/upload/w_240/f_auto,q_auto:eco/images/cms/banners/dPDP_Authenticity_Graphic2_2025_009en-us.jpg,https://cloudinary.images-iherb.com/image/upload/w_240/f_auto,q_auto:eco/images/cms/banners/dPDP_Fresh_Graphic2_2025_003en-us.jpg,https://cloudinary.images-iherb.com/image/upload/f_auto,q_auto:eco/images/sor/sor83218/r/54.jpg",,"₨12,098.61"
"Carlson, Lutein & Greens , 30 Vegetarian Capsules","https://cloudinary.images-iherb.com/image/upload/f_auto,q_auto:eco/images/car/car86680/r/8.jpg,https://cloudinary.images-iherb.com/image/upload/f_auto,q_auto:eco/images/car/car86680/r/13.jpg,https://cloudinary.images-iherb.com/image/upload/w_240/f_auto,q_auto:eco/images/cms/banners/dPDP_Authenticity_Graphic2_2025_009en-us.jpg,https://cloudinary.images-iherb.com/image/upload/w_240/f_auto,q_auto:eco/images/cms/banners/dPDP_Fresh_Graphic2_2025_003en-us.jpg,https://cloudinary.images-iherb.com/image/upload/f_auto,q_auto:eco/images/car/car86680/r/8.jpg",,
"Codeage, Amen, Eyes, Lutein, Zeaxanthin + Black Pepper Extract, 90 Vegetable Capsules","https://cloudinary.images-iherb.com/image/upload/f_auto,q_auto:eco/images/age/age60904/r/8.jpg,https://cloudinary.images-iherb.com/image/upload/f_auto,q_auto:eco/images/age/age60904/r/14.jpg,https://cloudinary.images-iherb.com/image/upload/w_240/f_auto,q_auto:eco/images/cms/banners/dPDP_Authenticity_Graphic2_2025_009en-us.jpg,https://cloudinary.images-iherb.com/image/upload/w_240/f_auto,q_auto:eco/images/cms/banners/dPDP_Fresh_Graphic2_2025_003en-us.jpg,https://cloudinary.images-iherb.com/image/upload/f_auto,q_auto:eco/images/age/age60904/r/8.jpg",,"₨7,802.29"
"Source Naturals, Zeaxanthin With Lutein, 10 mg, 60 Capsules","https://cloudinary.images-iherb.com/image/upload/f_auto,q_auto:eco/images/sns/sns01882/r/22.jpg,https://cloudinary.images-iherb.com/image/upload/f_auto,q_auto:eco/images/sns/sns01882/r/28.jpg,https://cloudinary.images-iherb.com/image/upload/w_240/f_auto,q_auto:eco/images/cms/banners/dPDP_Authenticity_Graphic2_2025_009en-us.jpg,https://cloudinary.images-iherb.com/image/upload/w_240/f_auto,q_auto:eco/images/cms/banners/dPDP_Fresh_Graphic2_2025_003en-us.jpg,https://cloudinary.images-iherb.com/image/upload/f_auto,q_auto:eco/images/sns/sns01882/r/22.jpg",,"₨4,994.85"
"Swanson, Lutein, 10 mg, 60 Softgels","https://cloudinary.images-iherb.com/image/upload/f_auto,q_auto:eco/images/swv/swv02979/r/8.jpg,https://cloudinary.images-iherb.com/image/upload/f_auto,q_auto:eco/images/swv/swv02979/r/14.jpg,https://cloudinary.images-iherb.com/image/upload/w_240/f_auto,q_auto:eco/images/cms/banners/dPDP_Authenticity_Graphic2_2025_009en-us.jpg,https://cloudinary.images-iherb.com/image/upload/w_240/f_auto,q_auto:eco/images/cms/banners/dPDP_Fresh_Graphic2_2025_003en-us.jpg,https://cloudinary.images-iherb.com/image/upload/f_auto,q_auto:eco/images/swv/swv02979/r/8.jpg",,"₨2,337.62"
"Natural Factors, Lutein, 20 mg , 30 Softgels","https://cloudinary.images-iherb.com/image/upload/f_auto,q_auto:eco/images/nfs/nfs01031/r/40.jpg,https://cloudinary.images-iherb.com/image/upload/f_auto,q_auto:eco/images/nfs/nfs01031/r/43.jpg,https://cloudinary.images-iherb.com/image/upload/w_240/f_auto,q_auto:eco/images/cms/banners/dPDP_Authenticity_Graphic2_2025_009en-us.jpg,https://cloudinary.images-iherb.com/image/upload/w_240/f_auto,q_auto:eco/images/cms/banners/dPDP_Fresh_Graphic2_2025_003en-us.jpg,https://cloudinary.images-iherb.com/image/upload/f_auto,q_auto:eco/images/nfs/nfs01031/r/40.jpg",,"₨1,996.57"
"Swanson, Lutein Esters, 20 mg, 60 Softgels","https://cloudinary.images-iherb.com/image/upload/f_auto,q_auto:eco/images/swv/swv01902/r/24.jpg,https://cloudinary.images-iherb.com/image/upload/f_auto,q_auto:eco/images/swv/swv01902/r/30.jpg,https://cloudinary.images-iherb.com/image/upload/w_240/f_auto,q_auto:eco/images/cms/banners/dPDP_Authenticity_Graphic2_2025_009en-us.jpg,https://cloudinary.images-iherb.com/image/upload/w_240/f_auto,q_auto:eco/images/cms/banners/dPDP_Fresh_Graphic2_2025_003en-us.jpg,https://cloudinary.images-iherb.com/image/upload/f_auto,q_auto:eco/images/swv/swv01902/r/24.jpg",,"₨2,361.91"
"NaturesPlus, Ultra Lutein® with Zeaxanthin, 20 mg, 60 Softgels","https://cloudinary.images-iherb.com/image/upload/f_auto,q_auto:eco/images/nap/nap49265/r/66.jpg,https://cloudinary.images-iherb.com/image/upload/f_auto,q_auto:eco/images/nap/nap49265/r/71.jpg,https://cloudinary.images-iherb.com/image/upload/w_240/f_auto,q_auto:eco/images/cms/banners/dPDP_Authenticity_Graphic2_2025_009en-us.jpg,https://cloudinary.images-iherb.com/image/upload/w_240/f_auto,q_auto:eco/images/cms/banners/dPDP_Fresh_Graphic2_2025_003en-us.jpg,https://cloudinary.images-iherb.com/image/upload/f_auto,q_auto:eco/images/nap/nap49265/r/66.jpg",,"₨9,342.17"
"Natural Factors, Lutein, 40 mg, 30 Softgels","https://cloudinary.images-iherb.com/image/upload/f_auto,q_auto:eco/images/nfs/nfs01034/r/24.jpg,https://cloudinary.images-iherb.com/image/upload/f_auto,q_auto:eco/images/nfs/nfs01034/r/27.jpg,https://cloudinary.images-iherb.com/image/upload/w_240/f_auto,q_auto:eco/images/cms/banners/dPDP_Authenticity_Graphic2_2025_009en-us.jpg,https://cloudinary.images-iherb.com/image/upload/w_240/f_auto,q_auto:eco/images/cms/banners/dPDP_Fresh_Graphic2_2025_003en-us.jpg,https://cloudinary.images-iherb.com/image/upload/f_auto,q_auto:eco/images/nfs/nfs01034/r/24.jpg",,"₨3,204.00"
"Carlson, Super DHA Plus Lutein, 60 Soft Gels","https://cloudinary.images-iherb.com/image/upload/f_auto,q_auto:eco/images/car/car18810/r/26.jpg,https://cloudinary.images-iherb.com/image/upload/f_auto,q_auto:eco/images/car/car18810/r/31.jpg,https://cloudinary.images-iherb.com/image/upload/w_240/f_auto,q_auto:eco/images/cms/banners/dPDP_Authenticity_Graphic2_2025_009en-us.jpg,https://cloudinary.images-iherb.com/image/upload/w_240/f_auto,q_auto:eco/images/cms/banners/dPDP_Fresh_Graphic2_2025_003en-us.jpg,https://cloudinary.images-iherb.com/image/upload/f_auto,q_auto:eco/images/car/car18810/r/26.jpg",,"₨8,936.53"
"New Nordic, Blue Berry™ Eye Vitamin , 120 Tablets","https://cloudinary.images-iherb.com/image/upload/f_auto,q_auto:eco/images/nno/nno71755/r/58.jpg,https://cloudinary.images-iherb.com/image/upload/f_auto,q_auto:eco/images/nno/nno71755/r/59.jpg,https://cloudinary.images-iherb.com/image/upload/w_240/f_auto,q_auto:eco/images/cms/banners/dPDP_Authenticity_Graphic2_2025_009en-us.jpg,https://cloudinary.images-iherb.com/image/upload/w_240/f_auto,q_auto:eco/images/cms/banners/dPDP_Fresh_Graphic2_2025_003en-us.jpg,https://cloudinary.images-iherb.com/image/upload/f_auto,q_auto:eco/images/nno/nno71755/r/58.jpg",,"₨12,349.53"
"Solaray, Once Daily Bilberry & Lutein, 30 VegCaps","https://cloudinary.images-iherb.com/image/upload/f_auto,q_auto:eco/images/sor/sor03115/r/51.jpg,https://cloudinary.images-iherb.com/image/upload/f_auto,q_auto:eco/images/sor/sor03115/r/59.jpg,https://cloudinary.images-iherb.com/image/upload/w_240/f_auto,q_auto:eco/images/cms/banners/dPDP_Authenticity_Graphic2_2025_009en-us.jpg,https://cloudinary.images-iherb.com/image/upload/w_240/f_auto,q_auto:eco/images/cms/banners/dPDP_Fresh_Graphic2_2025_003en-us.jpg,https://cloudinary.images-iherb.com/image/upload/f_auto,q_auto:eco/images/sor/sor03115/r/51.jpg",,"₨7,152.32"
"Force Factor, Lutein, 20 mg, 60 Vegetable Capsules","https://cloudinary.images-iherb.com/image/upload/f_auto,q_auto:eco/images/foa/foa66042/r/24.jpg,https://cloudinary.images-iherb.com/image/upload/f_auto,q_auto:eco/images/foa/foa66042/r/27.jpg,https://cloudinary.images-iherb.com/image/upload/w_240/f_auto,q_auto:eco/images/cms/banners/dPDP_Authenticity_Graphic2_2025_009en-us.jpg,https://cloudinary.images-iherb.com/image/upload/w_240/f_auto,q_auto:eco/images/cms/banners/dPDP_Fresh_Graphic2_2025_003en-us.jpg,https://cloudinary.images-iherb.com/image/upload/f_auto,q_auto:eco/images/foa/foa66042/r/32.jpg",,"₨2,604.04"
"California Gold Nutrition, Lutein with Zeaxanthin from Marigold Extract, 20 mg, 120 Veggie Softgels","https://cloudinary.images-iherb.com/image/upload/f_auto,q_auto:eco/images/cgn/cgn01403/r/106.jpg,https://cloudinary.images-iherb.com/image/upload/f_auto,q_auto:eco/images/cgn/cgn01403/r/111.jpg,https://cloudinary.images-iherb.com/image/upload/f_auto,q_auto:eco/images/cgn/cgn01403/r/114.jpg,https://cloudinary.images-iherb.com/image/upload/f_auto,q_auto:eco/images/cgn/cgn01403/r/115.jpg,https://cloudinary.images-iherb.com/image/upload/f_auto,q_auto:eco/images/cgn/cgn01403/r/75.jpg",,
"21st Century, Lutein, 10 mg, 60 Tablets","https://cloudinary.images-iherb.com/image/upload/f_auto,q_auto:eco/images/cen/cen22408/r/29.jpg,https://cloudinary.images-iherb.com/image/upload/f_auto,q_auto:eco/images/cen/cen22408/r/35.jpg,https://cloudinary.images-iherb.com/image/upload/w_240/f_auto,q_auto:eco/images/cms/banners/dPDP_Authenticity_Graphic2_2025_009en-us.jpg,https://cloudinary.images-iherb.com/image/upload/w_240/f_auto,q_auto:eco/images/cms/banners/dPDP_Fresh_Graphic2_2025_003en-us.jpg,https://cloudinary.images-iherb.com/image/upload/f_auto,q_auto:eco/images/cen/cen22408/r/37.jpg",,"₨3,029.57"
"Nature's Bounty, Lutein, 40 mg, 30 Rapid Release Softgels","https://cloudinary.images-iherb.com/image/upload/f_auto,q_auto:eco/images/nrt/nrt44250/r/51.jpg,https://cloudinary.images-iherb.com/image/upload/f_auto,q_auto:eco/images/nrt/nrt44250/r/56.jpg,https://cloudinary.images-iherb.com/image/upload/w_240/f_auto,q_auto:eco/images/cms/banners/dPDP_Authenticity_Graphic2_2025_009en-us.jpg,https://cloudinary.images-iherb.com/image/upload/w_240/f_auto,q_auto:eco/images/cms/banners/dPDP_Fresh_Graphic2_2025_003en-us.jpg,https://cloudinary.images-iherb.com/image/upload/f_auto,q_auto:eco/images/nrt/nrt44250/r/51.jpg",,"₨9,228.85"
"Source Naturals, Lutein, 90 Capsules","https://cloudinary.images-iherb.com/image/upload/f_auto,q_auto:eco/images/sns/sns00052/r/20.jpg,https://cloudinary.images-iherb.com/image/upload/f_auto,q_auto:eco/images/sns/sns00052/r/25.jpg,https://cloudinary.images-iherb.com/image/upload/w_240/f_auto,q_auto:eco/images/cms/banners/dPDP_Authenticity_Graphic2_2025_009en-us.jpg,https://cloudinary.images-iherb.com/image/upload/w_240/f_auto,q_auto:eco/images/cms/banners/dPDP_Fresh_Graphic2_2025_003en-us.jpg,https://cloudinary.images-iherb.com/image/upload/f_auto,q_auto:eco/images/sns/sns00052/r/20.jpg",,"₨4,946.98"
"Swanson, Vision Defense, 60 Softgels","https://cloudinary.images-iherb.com/image/upload/f_auto,q_auto:eco/images/swv/swv21032/r/16.jpg,https://cloudinary.images-iherb.com/image/upload/f_auto,q_auto:eco/images/swv/swv21032/r/22.jpg,https://cloudinary.images-iherb.com/image/upload/w_240/f_auto,q_auto:eco/images/cms/banners/dPDP_Authenticity_Graphic2_2025_009en-us.jpg,https://cloudinary.images-iherb.com/image/upload/w_240/f_auto,q_auto:eco/images/cms/banners/dPDP_Fresh_Graphic2_2025_003en-us.jpg,https://cloudinary.images-iherb.com/image/upload/f_auto,q_auto:eco/images/swv/swv21032/r/16.jpg",,"₨12,979.27"
"Source Naturals, Zea-Tein 20/20™, 60 Vegetarian Capsules","https://cloudinary.images-iherb.com/image/upload/f_auto,q_auto:eco/images/sns/sns02647/r/44.jpg,https://cloudinary.images-iherb.com/image/upload/f_auto,q_auto:eco/images/sns/sns02647/r/49.jpg,https://cloudinary.images-iherb.com/image/upload/w_240/f_auto,q_auto:eco/images/cms/banners/dPDP_Authenticity_Graphic2_2025_009en-us.jpg,https://cloudinary.images-iherb.com/image/upload/w_240/f_auto,q_auto:eco/images/cms/banners/dPDP_Fresh_Graphic2_2025_003en-us.jpg,https://cloudinary.images-iherb.com/image/upload/f_auto,q_auto:eco/images/sns/sns02647/r/44.jpg",,"₨10,729.99"
"Solaray, Ultra Zeaxanthin™, Eye Health Formula + Lutein, 30 VegCaps","https://cloudinary.images-iherb.com/image/upload/f_auto,q_auto:eco/images/sor/sor10619/r/52.jpg,https://cloudinary.images-iherb.com/image/upload/f_auto,q_auto:eco/images/sor/sor10619/r/60.jpg,https://cloudinary.images-iherb.com/image/upload/w_240/f_auto,q_auto:eco/images/cms/banners/dPDP_Authenticity_Graphic2_2025_009en-us.jpg,https://cloudinary.images-iherb.com/image/upload/w_240/f_auto,q_auto:eco/images/cms/banners/dPDP_Fresh_Graphic2_2025_003en-us.jpg,https://cloudinary.images-iherb.com/image/upload/f_auto,q_auto:eco/images/sor/sor10619/r/52.jpg",,"₨5,005.34"
"21st Century, Lutein, 20 mg, 60 Softgels","https://cloudinary.images-iherb.com/image/upload/f_auto,q_auto:eco/images/cen/cen27073/r/13.jpg,https://cloudinary.images-iherb.com/image/upload/f_auto,q_auto:eco/images/cen/cen27073/r/19.jpg,https://cloudinary.images-iherb.com/image/upload/w_240/f_auto,q_auto:eco/images/cms/banners/dPDP_Authenticity_Graphic2_2025_009en-us.jpg,https://cloudinary.images-iherb.com/image/upload/w_240/f_auto,q_auto:eco/images/cms/banners/dPDP_Fresh_Graphic2_2025_003en-us.jpg,https://cloudinary.images-iherb.com/image/upload/f_auto,q_auto:eco/images/cen/cen27073/r/21.jpg",,"₨4,492.32"
"Swanson, Lutein Esters, 6 mg, 100 Softgels","https://cloudinary.images-iherb.com/image/upload/f_auto,q_auto:eco/images/swv/swv01912/r/24.jpg,https://cloudinary.images-iherb.com/image/upload/f_auto,q_auto:eco/images/swv/swv01912/r/30.jpg,https://cloudinary.images-iherb.com/image/upload/w_240/f_auto,q_auto:eco/images/cms/banners/dPDP_Authenticity_Graphic2_2025_009en-us.jpg,https://cloudinary.images-iherb.com/image/upload/w_240/f_auto,q_auto:eco/images/cms/banners/dPDP_Fresh_Graphic2_2025_003en-us.jpg,https://cloudinary.images-iherb.com/image/upload/f_auto,q_auto:eco/images/swv/swv01912/r/24.jpg",,"₨1,934.53"
"Nature's Truth, Lutein plus Zeaxanthin & Bilberry, 39 Quick Release Softgels","https://cloudinary.images-iherb.com/image/upload/f_auto,q_auto:eco/images/nth/nth10074/r/72.jpg,https://cloudinary.images-iherb.com/image/upload/f_auto,q_auto:eco/images/nth/nth10074/r/77.jpg,https://cloudinary.images-iherb.com/image/upload/w_240/f_auto,q_auto:eco/images/cms/banners/dPDP_Authenticity_Graphic2_2025_009en-us.jpg,https://cloudinary.images-iherb.com/image/upload/w_240/f_auto,q_auto:eco/images/cms/banners/dPDP_Fresh_Graphic2_2025_003en-us.jpg,https://cloudinary.images-iherb.com/image/upload/f_auto,q_auto:eco/images/nth/nth10074/r/72.jpg",,"₨4,392.22"
"Swanson, Ultimate Ocular Antioxidant, 30 Softgels","https://cloudinary.images-iherb.com/image/upload/f_auto,q_auto:eco/images/swv/swv02868/r/24.jpg,https://cloudinary.images-iherb.com/image/upload/f_auto,q_auto:eco/images/swv/swv02868/r/30.jpg,https://cloudinary.images-iherb.com/image/upload/w_240/f_auto,q_auto:eco/images/cms/banners/dPDP_Authenticity_Graphic2_2025_009en-us.jpg,https://cloudinary.images-iherb.com/image/upload/w_240/f_auto,q_auto:eco/images/cms/banners/dPDP_Fresh_Graphic2_2025_003en-us.jpg,https://cloudinary.images-iherb.com/image/upload/f_auto,q_auto:eco/images/swv/swv02868/r/24.jpg",,"₨6,674.88"
"Sports Research, Lutein + Zeaxanthin, Plant-Based, 30 Veggie Softgels","https://cloudinary.images-iherb.com/image/upload/f_auto,q_auto:eco/images/sre/sre01252/r/77.jpg,https://cloudinary.images-iherb.com/image/upload/f_auto,q_auto:eco/images/sre/sre01252/r/82.jpg,https://cloudinary.images-iherb.com/image/upload/w_240/f_auto,q_auto:eco/images/cms/banners/dPDP_Authenticity_Graphic2_2025_009en-us.jpg,https://cloudinary.images-iherb.com/image/upload/w_240/f_auto,q_auto:eco/images/cms/banners/dPDP_Fresh_Graphic2_2025_003en-us.jpg,https://cloudinary.images-iherb.com/image/upload/f_auto,q_auto:eco/images/sre/sre01252/r/85.jpg",,"₨5,382.41"
"NOW Foods, Macular Vision, 50 Softgels","https://cloudinary.images-iherb.com/image/upload/f_auto,q_auto:eco/images/now/now03402/r/8.jpg,https://cloudinary.images-iherb.com/image/upload/f_auto,q_auto:eco/images/now/now03402/r/14.jpg,https://cloudinary.images-iherb.com/image/upload/w_240/f_auto,q_auto:eco/images/cms/banners/dPDP_Authenticity_Graphic2_2025_009en-us.jpg,https://cloudinary.images-iherb.com/image/upload/w_240/f_auto,q_auto:eco/images/cms/banners/dPDP_Fresh_Graphic2_2025_003en-us.jpg,https://cloudinary.images-iherb.com/image/upload/f_auto,q_auto:eco/images/now/now03402/r/18.jpg",,"₨8,307.49"
"Swanson, Lutein, 20 mg, 60 Softgels","https://cloudinary.images-iherb.com/image/upload/f_auto,q_auto:eco/images/swv/swv02993/r/24.jpg,https://cloudinary.images-iherb.com/image/upload/f_auto,q_auto:eco/images/swv/swv02993/r/30.jpg,https://cloudinary.images-iherb.com/image/upload/w_240/f_auto,q_auto:eco/images/cms/banners/dPDP_Authenticity_Graphic2_2025_009en-us.jpg,https://cloudinary.images-iherb.com/image/upload/w_240/f_auto,q_auto:eco/images/cms/banners/dPDP_Fresh_Graphic2_2025_003en-us.jpg,https://cloudinary.images-iherb.com/image/upload/f_auto,q_auto:eco/images/swv/swv02993/r/24.jpg",,"₨2,806.63"
"Micro Ingredients, Lutein With Zeaxanthin, 400 Softgels","https://cloudinary.images-iherb.com/image/upload/f_auto,q_auto:eco/images/mii/mii16732/r/2.jpg,https://cloudinary.images-iherb.com/image/upload/f_auto,q_auto:eco/images/mii/mii16732/r/3.jpg,https://cloudinary.images-iherb.com/image/upload/w_240/f_auto,q_auto:eco/images/cms/banners/dPDP_Authenticity_Graphic2_2025_009en-us.jpg,https://cloudinary.images-iherb.com/image/upload/w_240/f_auto,q_auto:eco/images/cms/banners/dPDP_Fresh_Graphic2_2025_003en-us.jpg,https://cloudinary.images-iherb.com/image/upload/f_auto,q_auto:eco/images/mii/mii16732/r/2.jpg",,"₨7,038.99"
"Twinlab, OcuGuard® Plus, 120 Veggie Capsules","https://cloudinary.images-iherb.com/image/upload/f_auto,q_auto:eco/images/twl/twl03207/r/43.jpg,https://cloudinary.images-iherb.com/image/upload/f_auto,q_auto:eco/images/twl/twl03207/r/48.jpg,https://cloudinary.images-iherb.com/image/upload/w_240/f_auto,q_auto:eco/images/cms/banners/dPDP_Authenticity_Graphic2_2025_009en-us.jpg,https://cloudinary.images-iherb.com/image/upload/w_240/f_auto,q_auto:eco/images/cms/banners/dPDP_Fresh_Graphic2_2025_003en-us.jpg,https://cloudinary.images-iherb.com/image/upload/f_auto,q_auto:eco/images/twl/twl03207/r/43.jpg",,"₨14,688.08"
"Oregon's Wild Harvest, Eyes Love Lutein™, 60 Vegan Capsules","https://cloudinary.images-iherb.com/image/upload/f_auto,q_auto:eco/images/owh/owh00468/r/11.jpg,https://cloudinary.images-iherb.com/image/upload/f_auto,q_auto:eco/images/owh/owh00468/r/16.jpg,https://cloudinary.images-iherb.com/image/upload/w_240/f_auto,q_auto:eco/images/cms/banners/dPDP_Authenticity_Graphic2_2025_009en-us.jpg,https://cloudinary.images-iherb.com/image/upload/w_240/f_auto,q_auto:eco/images/cms/banners/dPDP_Fresh_Graphic2_2025_003en-us.jpg,https://cloudinary.images-iherb.com/image/upload/f_auto,q_auto:eco/images/owh/owh00468/r/11.jpg",,"₨9,343.31"
"Healths Harmony, Lutein Eye Vitamins, 60 Capsules","https://cloudinary.images-iherb.com/image/upload/f_auto,q_auto:eco/images/hrm/hrm38864/r/8.jpg,https://cloudinary.images-iherb.com/image/upload/f_auto,q_auto:eco/images/hrm/hrm38864/r/14.jpg,https://cloudinary.images-iherb.com/image/upload/w_240/f_auto,q_auto:eco/images/cms/banners/dPDP_Authenticity_Graphic2_2025_009en-us.jpg,https://cloudinary.images-iherb.com/image/upload/w_240/f_auto,q_auto:eco/images/cms/banners/dPDP_Fresh_Graphic2_2025_003en-us.jpg,https://cloudinary.images-iherb.com/image/upload/f_auto,q_auto:eco/images/hrm/hrm38864/r/8.jpg",,"₨4,112.12"
"Sunergetic, Eye Pressure Support, 30 Capsules","https://cloudinary.images-iherb.com/image/upload/f_auto,q_auto:eco/images/sgc/sgc00869/r/8.jpg,https://cloudinary.images-iherb.com/image/upload/f_auto,q_auto:eco/images/sgc/sgc00869/r/13.jpg,https://cloudinary.images-iherb.com/image/upload/w_240/f_auto,q_auto:eco/images/cms/banners/dPDP_Authenticity_Graphic2_2025_009en-us.jpg,https://cloudinary.images-iherb.com/image/upload/w_240/f_auto,q_auto:eco/images/cms/banners/dPDP_Fresh_Graphic2_2025_003en-us.jpg,https://cloudinary.images-iherb.com/image/upload/f_auto,q_auto:eco/images/sgc/sgc00869/r/8.jpg",,"₨5,387.52"
"Nature's Way, Lutein, 20 mg, 60 Softgels","https://cloudinary.images-iherb.com/image/upload/f_auto,q_auto:eco/images/nwy/nwy15491/r/38.jpg,https://cloudinary.images-iherb.com/image/upload/f_auto,q_auto:eco/images/nwy/nwy15491/r/44.jpg,https://cloudinary.images-iherb.com/image/upload/w_240/f_auto,q_auto:eco/images/cms/banners/dPDP_Authenticity_Graphic2_2025_009en-us.jpg,https://cloudinary.images-iherb.com/image/upload/w_240/f_auto,q_auto:eco/images/cms/banners/dPDP_Fresh_Graphic2_2025_003en-us.jpg,https://cloudinary.images-iherb.com/image/upload/f_auto,q_auto:eco/images/nwy/nwy15491/r/38.jpg",,"₨8,306.10"
"Solaray, LuteinEyes 18, With Bilberry & Blueberry, Triple Strength, 60 VegCaps","https://cloudinary.images-iherb.com/image/upload/f_auto,q_auto:eco/images/sor/sor83216/r/8.jpg,https://cloudinary.images-iherb.com/image/upload/f_auto,q_auto:eco/images/sor/sor83216/r/12.jpg,https://cloudinary.images-iherb.com/image/upload/w_240/f_auto,q_auto:eco/images/cms/banners/dPDP_Authenticity_Graphic2_2025_009en-us.jpg,https://cloudinary.images-iherb.com/image/upload/w_240/f_auto,q_auto:eco/images/cms/banners/dPDP_Fresh_Graphic2_2025_003en-us.jpg,https://cloudinary.images-iherb.com/image/upload/f_auto,q_auto:eco/images/sor/sor83216/r/8.jpg",,"₨7,210.37"
"Quantum Health, Macula 30+®, Eye Health, 60 Softgels","https://cloudinary.images-iherb.com/image/upload/f_auto,q_auto:eco/images/qua/qua32291/r/31.jpg,https://cloudinary.images-iherb.com/image/upload/f_auto,q_auto:eco/images/qua/qua32291/r/34.jpg,https://cloudinary.images-iherb.com/image/upload/f_auto,q_auto:eco/images/qua/qua32291/r/23.jpg,https://cloudinary.images-iherb.com/image/upload/w_240/f_auto,q_auto:eco/images/cms/banners/dPDP_Authenticity_Graphic2_2025_009en-us.jpg,https://cloudinary.images-iherb.com/image/upload/w_240/f_auto,q_auto:eco/images/cms/banners/dPDP_Fresh_Graphic2_2025_003en-us.jpg",,"₨9,684.44"
"LifeSeasons, Therapeutics, Visibili-T® With AREDS 2 Formula, 90 Veg Capsules","https://cloudinary.images-iherb.com/image/upload/f_auto,q_auto:eco/images/lse/lse44218/r/8.jpg,https://cloudinary.images-iherb.com/image/upload/f_auto,q_auto:eco/images/lse/lse44218/r/14.jpg,https://cloudinary.images-iherb.com/image/upload/w_240/f_auto,q_auto:eco/images/cms/banners/dPDP_Authenticity_Graphic2_2025_009en-us.jpg,https://cloudinary.images-iherb.com/image/upload/w_240/f_auto,q_auto:eco/images/cms/banners/dPDP_Fresh_Graphic2_2025_003en-us.jpg,https://cloudinary.images-iherb.com/image/upload/f_auto,q_auto:eco/images/lse/lse44218/r/8.jpg",,"₨12,805.12"
"Source Naturals, Zeaxanthin with Lutein, 10 mg, 120 Capsules","https://cloudinary.images-iherb.com/image/upload/f_auto,q_auto:eco/images/sns/sns02587/r/8.jpg,https://cloudinary.images-iherb.com/image/upload/f_auto,q_auto:eco/images/sns/sns02587/r/13.jpg,https://cloudinary.images-iherb.com/image/upload/w_240/f_auto,q_auto:eco/images/cms/banners/dPDP_Authenticity_Graphic2_2025_009en-us.jpg,https://cloudinary.images-iherb.com/image/upload/w_240/f_auto,q_auto:eco/images/cms/banners/dPDP_Fresh_Graphic2_2025_003en-us.jpg,https://cloudinary.images-iherb.com/image/upload/f_auto,q_auto:eco/images/sns/sns02587/r/8.jpg",,"₨9,670.79"
"Sundance Vitamins, Broad Spectrum Eye Health, 50 Quick Release Softgels","https://cloudinary.images-iherb.com/image/upload/f_auto,q_auto:eco/images/sde/sde14070/r/8.jpg,https://cloudinary.images-iherb.com/image/upload/f_auto,q_auto:eco/images/sde/sde14070/r/13.jpg,https://cloudinary.images-iherb.com/image/upload/w_240/f_auto,q_auto:eco/images/cms/banners/dPDP_Authenticity_Graphic2_2025_009en-us.jpg,https://cloudinary.images-iherb.com/image/upload/w_240/f_auto,q_auto:eco/images/cms/banners/dPDP_Fresh_Graphic2_2025_003en-us.jpg,https://cloudinary.images-iherb.com/image/upload/f_auto,q_auto:eco/images/sde/sde14070/r/8.jpg",,"₨2,936.57"
"Nature's Life, Lutein, 20 mg, 60 Softgels","https://cloudinary.images-iherb.com/image/upload/f_auto,q_auto:eco/images/nli/nli00741/r/11.jpg,https://cloudinary.images-iherb.com/image/upload/f_auto,q_auto:eco/images/nli/nli00741/r/16.jpg,https://cloudinary.images-iherb.com/image/upload/w_240/f_auto,q_auto:eco/images/cms/banners/dPDP_Authenticity_Graphic2_2025_009en-us.jpg,https://cloudinary.images-iherb.com/image/upload/w_240/f_auto,q_auto:eco/images/cms/banners/dPDP_Fresh_Graphic2_2025_003en-us.jpg,https://cloudinary.images-iherb.com/image/upload/f_auto,q_auto:eco/images/nli/nli00741/r/11.jpg",,
"Sunergetic, Advanced Eye Gummies, Mango, 60 Gummies","https://cloudinary.images-iherb.com/image/upload/f_auto,q_auto:eco/images/sgc/sgc00824/r/8.jpg,https://cloudinary.images-iherb.com/image/upload/f_auto,q_auto:eco/images/sgc/sgc00824/r/14.jpg,https://cloudinary.images-iherb.com/image/upload/w_240/f_auto,q_auto:eco/images/cms/banners/dPDP_Authenticity_Graphic2_2025_009en-us.jpg,https://cloudinary.images-iherb.com/image/upload/w_240/f_auto,q_auto:eco/images/cms/banners/dPDP_Fresh_Graphic2_2025_003en-us.jpg,https://cloudinary.images-iherb.com/image/upload/f_auto,q_auto:eco/images/sgc/sgc00824/r/8.jpg",,"₨5,158.13"
"NaturesPlus, Advanced Therapeutics, Lutein RX-Eye, 60 Capsules","https://cloudinary.images-iherb.com/image/upload/f_auto,q_auto:eco/images/nap/nap05003/r/34.jpg,https://cloudinary.images-iherb.com/image/upload/f_auto,q_auto:eco/images/nap/nap05003/r/40.jpg,https://cloudinary.images-iherb.com/image/upload/w_240/f_auto,q_auto:eco/images/cms/banners/dPDP_Authenticity_Graphic2_2025_009en-us.jpg,https://cloudinary.images-iherb.com/image/upload/w_240/f_auto,q_auto:eco/images/cms/banners/dPDP_Fresh_Graphic2_2025_003en-us.jpg,https://cloudinary.images-iherb.com/image/upload/f_auto,q_auto:eco/images/nap/nap05003/r/42.jpg",,
"Solaray, Lutein Eyes 18, Natural Blueberry, 30 Chewables","https://cloudinary.images-iherb.com/image/upload/f_auto,q_auto:eco/images/sor/sor20583/r/8.jpg,https://cloudinary.images-iherb.com/image/upload/f_auto,q_auto:eco/images/sor/sor20583/r/12.jpg,https://cloudinary.images-iherb.com/image/upload/w_240/f_auto,q_auto:eco/images/cms/banners/dPDP_Authenticity_Graphic2_2025_009en-us.jpg,https://cloudinary.images-iherb.com/image/upload/w_240/f_auto,q_auto:eco/images/cms/banners/dPDP_Fresh_Graphic2_2025_003en-us.jpg,https://cloudinary.images-iherb.com/image/upload/f_auto,q_auto:eco/images/sor/sor20583/r/8.jpg",,
"The Vitamin Shoppe, Lutein, 20 mg, 60 Softgels","https://cloudinary.images-iherb.com/image/upload/f_auto,q_auto:eco/images/vsi/vsi03087/r/8.jpg,https://cloudinary.images-iherb.com/image/upload/f_auto,q_auto:eco/images/vsi/vsi03087/r/13.jpg,https://cloudinary.images-iherb.com/image/upload/w_240/f_auto,q_auto:eco/images/cms/banners/dPDP_Authenticity_Graphic2_2025_009en-us.jpg,https://cloudinary.images-iherb.com/image/upload/w_240/f_auto,q_auto:eco/images/cms/banners/dPDP_Fresh_Graphic2_2025_003en-us.jpg,https://cloudinary.images-iherb.com/image/upload/f_auto,q_auto:eco/images/vsi/vsi03087/r/8.jpg",,"₨4,608.18"
"Source Naturals, Lutein, 20 mg, 120 Capsules","https://cloudinary.images-iherb.com/image/upload/f_auto,q_auto:eco/images/sns/sns02601/r/36.jpg,https://cloudinary.images-iherb.com/image/upload/f_auto,q_auto:eco/images/sns/sns02601/r/42.jpg,https://cloudinary.images-iherb.com/image/upload/w_240/f_auto,q_auto:eco/images/cms/banners/dPDP_Authenticity_Graphic2_2025_009en-us.jpg,https://cloudinary.images-iherb.com/image/upload/w_240/f_auto,q_auto:eco/images/cms/banners/dPDP_Fresh_Graphic2_2025_003en-us.jpg,https://cloudinary.images-iherb.com/image/upload/f_auto,q_auto:eco/images/sns/sns02601/r/36.jpg",,"₨9,067.42"
"Nature's Life, Lutein I Care, 30 Capsules","https://cloudinary.images-iherb.com/image/upload/f_auto,q_auto:eco/images/nli/nli15734/r/8.jpg,https://cloudinary.images-iherb.com/image/upload/f_auto,q_auto:eco/images/nli/nli15734/r/13.jpg,https://cloudinary.images-iherb.com/image/upload/w_240/f_auto,q_auto:eco/images/cms/banners/dPDP_Authenticity_Graphic2_2025_009en-us.jpg,https://cloudinary.images-iherb.com/image/upload/w_240/f_auto,q_auto:eco/images/cms/banners/dPDP_Fresh_Graphic2_2025_003en-us.jpg,https://cloudinary.images-iherb.com/image/upload/f_auto,q_auto:eco/images/nli/nli15734/r/8.jpg",,
"The Vitamin Shoppe, Lutein, 6 mg, 120 Softgels","https://cloudinary.images-iherb.com/image/upload/f_auto,q_auto:eco/images/vsi/vsi03086/r/8.jpg,https://cloudinary.images-iherb.com/image/upload/f_auto,q_auto:eco/images/vsi/vsi03086/r/13.jpg,https://cloudinary.images-iherb.com/image/upload/w_240/f_auto,q_auto:eco/images/cms/banners/dPDP_Authenticity_Graphic2_2025_009en-us.jpg,https://cloudinary.images-iherb.com/image/upload/w_240/f_auto,q_auto:eco/images/cms/banners/dPDP_Fresh_Graphic2_2025_003en-us.jpg,https://cloudinary.images-iherb.com/image/upload/f_auto,q_auto:eco/images/vsi/vsi03086/r/8.jpg",,"₨4,112.02"
"Nature's Truth, Lutein, Plus Zeaxanthin, 40 mg, 30 Quick Release Softgels","https://cloudinary.images-iherb.com/image/upload/f_auto,q_auto:eco/images/nth/nth10914/r/24.jpg,https://cloudinary.images-iherb.com/image/upload/f_auto,q_auto:eco/images/nth/nth10914/r/29.jpg,https://cloudinary.images-iherb.com/image/upload/w_240/f_auto,q_auto:eco/images/cms/banners/dPDP_Authenticity_Graphic2_2025_009en-us.jpg,https://cloudinary.images-iherb.com/image/upload/w_240/f_auto,q_auto:eco/images/cms/banners/dPDP_Fresh_Graphic2_2025_003en-us.jpg,https://cloudinary.images-iherb.com/image/upload/f_auto,q_auto:eco/images/nth/nth10914/r/24.jpg",,"₨5,333.69"
"The Vitamin Shoppe, Lutein With Bilberry Extract, 240 Capsules","https://cloudinary.images-iherb.com/image/upload/f_auto,q_auto:eco/images/vsi/vsi02971/r/8.jpg,https://cloudinary.images-iherb.com/image/upload/f_auto,q_auto:eco/images/vsi/vsi02971/r/13.jpg,https://cloudinary.images-iherb.com/image/upload/w_240/f_auto,q_auto:eco/images/cms/banners/dPDP_Authenticity_Graphic2_2025_009en-us.jpg,https://cloudinary.images-iherb.com/image/upload/w_240/f_auto,q_auto:eco/images/cms/banners/dPDP_Fresh_Graphic2_2025_003en-us.jpg,https://cloudinary.images-iherb.com/image/upload/f_auto,q_auto:eco/images/vsi/vsi02971/r/8.jpg",,"₨20,279.13"
"The Vitamin Shoppe, Lutein with Zeaxanthin, 60 Softgels","https://cloudinary.images-iherb.com/image/upload/f_auto,q_auto:eco/images/vsi/vsi03649/r/8.jpg,https://cloudinary.images-iherb.com/image/upload/f_auto,q_auto:eco/images/vsi/vsi03649/r/13.jpg,https://cloudinary.images-iherb.com/image/upload/w_240/f_auto,q_auto:eco/images/cms/banners/dPDP_Authenticity_Graphic2_2025_009en-us.jpg,https://cloudinary.images-iherb.com/image/upload/w_240/f_auto,q_auto:eco/images/cms/banners/dPDP_Fresh_Graphic2_2025_003en-us.jpg,https://cloudinary.images-iherb.com/image/upload/f_auto,q_auto:eco/images/vsi/vsi03649/r/8.jpg",,"₨7,912.49"
"MaryRuth's, Eye Care Gummies, Strawberry, 90 Gummies","https://cloudinary.images-iherb.com/image/upload/f_auto,q_auto:eco/images/mro/mro00800/r/8.jpg,https://cloudinary.images-iherb.com/image/upload/f_auto,q_auto:eco/images/mro/mro00800/r/13.jpg,https://cloudinary.images-iherb.com/image/upload/w_240/f_auto,q_auto:eco/images/cms/banners/dPDP_Authenticity_Graphic2_2025_009en-us.jpg,https://cloudinary.images-iherb.com/image/upload/w_240/f_auto,q_auto:eco/images/cms/banners/dPDP_Fresh_Graphic2_2025_003en-us.jpg,https://cloudinary.images-iherb.com/image/upload/f_auto,q_auto:eco/images/mro/mro00800/r/8.jpg",,"₨5,690.04"
"Carlson, Lutein & Greens, 180 Vegetarian Capsules","https://cloudinary.images-iherb.com/image/upload/f_auto,q_auto:eco/images/car/car08662/r/9.jpg,https://cloudinary.images-iherb.com/image/upload/f_auto,q_auto:eco/images/car/car08662/r/14.jpg,https://cloudinary.images-iherb.com/image/upload/w_240/f_auto,q_auto:eco/images/cms/banners/dPDP_Authenticity_Graphic2_2025_009en-us.jpg,https://cloudinary.images-iherb.com/image/upload/w_240/f_auto,q_auto:eco/images/cms/banners/dPDP_Fresh_Graphic2_2025_003en-us.jpg,https://cloudinary.images-iherb.com/image/upload/f_auto,q_auto:eco/images/car/car08662/r/9.jpg",,
"Nature's Craft, Vision Support Gummies, Mango, 90 Gummies","https://cloudinary.images-iherb.com/image/upload/f_auto,q_auto:eco/images/nca/nca63978/r/24.jpg,https://cloudinary.images-iherb.com/image/upload/f_auto,q_auto:eco/images/nca/nca63978/r/30.jpg,https://cloudinary.images-iherb.com/image/upload/w_240/f_auto,q_auto:eco/images/cms/banners/dPDP_Authenticity_Graphic2_2025_009en-us.jpg,https://cloudinary.images-iherb.com/image/upload/w_240/f_auto,q_auto:eco/images/cms/banners/dPDP_Fresh_Graphic2_2025_003en-us.jpg,https://cloudinary.images-iherb.com/image/upload/f_auto,q_auto:eco/images/nca/nca63978/r/24.jpg",,"₨8,343.80"
"Swanson, EyesAlive Vision Nutrition, 120 Capsules","https://cloudinary.images-iherb.com/image/upload/f_auto,q_auto:eco/images/swv/swv02915/r/8.jpg,https://cloudinary.images-iherb.com/image/upload/f_auto,q_auto:eco/images/swv/swv02915/r/14.jpg,https://cloudinary.images-iherb.com/image/upload/w_240/f_auto,q_auto:eco/images/cms/banners/dPDP_Authenticity_Graphic2_2025_009en-us.jpg,https://cloudinary.images-iherb.com/image/upload/w_240/f_auto,q_auto:eco/images/cms/banners/dPDP_Fresh_Graphic2_2025_003en-us.jpg,https://cloudinary.images-iherb.com/image/upload/f_auto,q_auto:eco/images/swv/swv02915/r/8.jpg",,"₨22,016.16"
"Phytoral, Lutein Gummies, Mango, 60 Gummies","https://cloudinary.images-iherb.com/image/upload/f_auto,q_auto:eco/images/pht/pht77096/r/24.jpg,https://cloudinary.images-iherb.com/image/upload/f_auto,q_auto:eco/images/pht/pht77096/r/30.jpg,https://cloudinary.images-iherb.com/image/upload/w_240/f_auto,q_auto:eco/images/cms/banners/dPDP_Authenticity_Graphic2_2025_009en-us.jpg,https://cloudinary.images-iherb.com/image/upload/w_240/f_auto,q_auto:eco/images/cms/banners/dPDP_Fresh_Graphic2_2025_003en-us.jpg,https://cloudinary.images-iherb.com/image/upload/f_auto,q_auto:eco/images/pht/pht77096/r/24.jpg",,"₨6,154.41"
"Phytoral, Lutein Gummies, Mango, 60 Gummies","https://cloudinary.images-iherb.com/image/upload/f_auto,q_auto:eco/images/pht/pht77096/r/24.jpg,https://cloudinary.images-iherb.com/image/upload/f_auto,q_auto:eco/images/pht/pht77096/r/30.jpg,https://cloudinary.images-iherb.com/image/upload/w_240/f_auto,q_auto:eco/images/cms/banners/dPDP_Authenticity_Graphic2_2025_009en-us.jpg,https://cloudinary.images-iherb.com/image/upload/w_240/f_auto,q_auto:eco/images/cms/banners/dPDP_Fresh_Graphic2_2025_003en-us.jpg,https://cloudinary.images-iherb.com/image/upload/f_auto,q_auto:eco/images/pht/pht77096/r/24.jpg",,"₨6,154.41"
"Quantum Health, Digital Blue®, Eye Health, 60 Softgels","https://cloudinary.images-iherb.com/image/upload/f_auto,q_auto:eco/images/qua/qua32290/r/32.jpg,https://cloudinary.images-iherb.com/image/upload/f_auto,q_auto:eco/images/qua/qua32290/r/35.jpg,https://cloudinary.images-iherb.com/image/upload/f_auto,q_auto:eco/images/qua/qua32290/r/24.jpg,https://cloudinary.images-iherb.com/image/upload/w_240/f_auto,q_auto:eco/images/cms/banners/dPDP_Authenticity_Graphic2_2025_009en-us.jpg,https://cloudinary.images-iherb.com/image/upload/w_240/f_auto,q_auto:eco/images/cms/banners/dPDP_Fresh_Graphic2_2025_003en-us.jpg",,"₨6,744.14"
"The Vitamin Shoppe, Lutein With Bilberry Extract, 120 Capsules","https://cloudinary.images-iherb.com/image/upload/f_auto,q_auto:eco/images/vsi/vsi02970/r/8.jpg,https://cloudinary.images-iherb.com/image/upload/f_auto,q_auto:eco/images/vsi/vsi02970/r/13.jpg,https://cloudinary.images-iherb.com/image/upload/w_240/f_auto,q_auto:eco/images/cms/banners/dPDP_Authenticity_Graphic2_2025_009en-us.jpg,https://cloudinary.images-iherb.com/image/upload/w_240/f_auto,q_auto:eco/images/cms/banners/dPDP_Fresh_Graphic2_2025_003en-us.jpg,https://cloudinary.images-iherb.com/image/upload/f_auto,q_auto:eco/images/vsi/vsi02970/r/8.jpg",,
"Solgar, Age-Defying Nutrition, Digital Defense, 30 Vegan Softgels","https://cloudinary.images-iherb.com/image/upload/f_auto,q_auto:eco/images/sol/sol62029/r/20.jpg,https://cloudinary.images-iherb.com/image/upload/f_auto,q_auto:eco/images/sol/sol62029/r/23.jpg,https://cloudinary.images-iherb.com/image/upload/f_auto,q_auto:eco/images/sol/sol62029/r/12.jpg,https://cloudinary.images-iherb.com/image/upload/w_240/f_auto,q_auto:eco/images/cms/banners/dPDP_Authenticity_Graphic2_2025_009en-us.jpg,https://cloudinary.images-iherb.com/image/upload/w_240/f_auto,q_auto:eco/images/cms/banners/dPDP_Fresh_Graphic2_2025_003en-us.jpg",,"₨8,119.56"
"Solaray, Advanced Lutein Eyes™ 24 With Bilberry & Blueberry, 30 VegCaps","https://cloudinary.images-iherb.com/image/upload/f_auto,q_auto:eco/images/sor/sor83217/r/59.jpg,https://cloudinary.images-iherb.com/image/upload/f_auto,q_auto:eco/images/sor/sor83217/r/67.jpg,https://cloudinary.images-iherb.com/image/upload/w_240/f_auto,q_auto:eco/images/cms/banners/dPDP_Authenticity_Graphic2_2025_009en-us.jpg,https://cloudinary.images-iherb.com/image/upload/w_240/f_auto,q_auto:eco/images/cms/banners/dPDP_Fresh_Graphic2_2025_003en-us.jpg,https://cloudinary.images-iherb.com/image/upload/f_auto,q_auto:eco/images/sor/sor83217/r/59.jpg",,"₨6,375.62"
"Nature's Life, Lutein, 100 Softgels","https://cloudinary.images-iherb.com/image/upload/f_auto,q_auto:eco/images/nli/nli00742/r/24.jpg,https://cloudinary.images-iherb.com/image/upload/f_auto,q_auto:eco/images/nli/nli00742/r/29.jpg,https://cloudinary.images-iherb.com/image/upload/w_240/f_auto,q_auto:eco/images/cms/banners/dPDP_Authenticity_Graphic2_2025_009en-us.jpg,https://cloudinary.images-iherb.com/image/upload/w_240/f_auto,q_auto:eco/images/cms/banners/dPDP_Fresh_Graphic2_2025_003en-us.jpg,https://cloudinary.images-iherb.com/image/upload/f_auto,q_auto:eco/images/nli/nli00742/r/24.jpg",,"₨10,073.79"
"Nature's Craft, Vision Support Gummies, Mango , 30 Gummies","https://cloudinary.images-iherb.com/image/upload/f_auto,q_auto:eco/images/nca/nca63980/r/24.jpg,https://cloudinary.images-iherb.com/image/upload/f_auto,q_auto:eco/images/nca/nca63980/r/30.jpg,https://cloudinary.images-iherb.com/image/upload/w_240/f_auto,q_auto:eco/images/cms/banners/dPDP_Authenticity_Graphic2_2025_009en-us.jpg,https://cloudinary.images-iherb.com/image/upload/w_240/f_auto,q_auto:eco/images/cms/banners/dPDP_Fresh_Graphic2_2025_003en-us.jpg,https://img.youtube.com/vi/cihvyAcd41A/0.jpg",,"₨3,945.84"
"Mason Natural, Lutein, 40 mg, 30 Softgels","https://cloudinary.images-iherb.com/image/upload/f_auto,q_auto:eco/images/mav/mav16668/r/31.jpg,https://cloudinary.images-iherb.com/image/upload/f_auto,q_auto:eco/images/mav/mav16668/r/37.jpg,https://cloudinary.images-iherb.com/image/upload/w_240/f_auto,q_auto:eco/images/cms/banners/dPDP_Authenticity_Graphic2_2025_009en-us.jpg,https://cloudinary.images-iherb.com/image/upload/w_240/f_auto,q_auto:eco/images/cms/banners/dPDP_Fresh_Graphic2_2025_003en-us.jpg,https://cloudinary.images-iherb.com/image/upload/f_auto,q_auto:eco/images/mav/mav16668/r/31.jpg",,"₨5,723.57"
"Zhou Nutrition, Screen Eyes, Tropical Mango, 60 Vegetarian Gummies","https://cloudinary.images-iherb.com/image/upload/f_auto,q_auto:eco/images/zho/zho50583/r/49.jpg,https://cloudinary.images-iherb.com/image/upload/f_auto,q_auto:eco/images/zho/zho50583/r/55.jpg,https://cloudinary.images-iherb.com/image/upload/w_240/f_auto,q_auto:eco/images/cms/banners/dPDP_Authenticity_Graphic2_2025_009en-us.jpg,https://cloudinary.images-iherb.com/image/upload/w_240/f_auto,q_auto:eco/images/cms/banners/dPDP_Fresh_Graphic2_2025_003en-us.jpg,https://cloudinary.images-iherb.com/image/upload/f_auto,q_auto:eco/images/zho/zho50583/r/49.jpg",,"₨5,071.63"
"The Vitamin Shoppe, Opti-Vue with FloraGLO Lutein, 120 Capsules","https://cloudinary.images-iherb.com/image/upload/f_auto,q_auto:eco/images/vsi/vsi02981/r/8.jpg,https://cloudinary.images-iherb.com/image/upload/f_auto,q_auto:eco/images/vsi/vsi02981/r/11.jpg,https://cloudinary.images-iherb.com/image/upload/w_240/f_auto,q_auto:eco/images/cms/banners/dPDP_Authenticity_Graphic2_2025_009en-us.jpg,https://cloudinary.images-iherb.com/image/upload/w_240/f_auto,q_auto:eco/images/cms/banners/dPDP_Fresh_Graphic2_2025_003en-us.jpg,https://cloudinary.images-iherb.com/image/upload/f_auto,q_auto:eco/images/vsi/vsi02981/r/8.jpg",,
"DaVinci Laboratories, Healthy Eyes , 90 Capsules","https://cloudinary.images-iherb.com/image/upload/f_auto,q_auto:eco/images/dvi/dvi24509/r/8.jpg,https://cloudinary.images-iherb.com/image/upload/f_auto,q_auto:eco/images/dvi/dvi24509/r/14.jpg,https://cloudinary.images-iherb.com/image/upload/w_240/f_auto,q_auto:eco/images/cms/banners/dPDP_Authenticity_Graphic2_2025_009en-us.jpg,https://cloudinary.images-iherb.com/image/upload/w_240/f_auto,q_auto:eco/images/cms/banners/dPDP_Fresh_Graphic2_2025_003en-us.jpg,https://cloudinary.images-iherb.com/image/upload/f_auto,q_auto:eco/images/dvi/dvi24509/r/8.jpg",,"₨14,391.37"
"Twinlab, OcuGuard Plus, 60 Veggie Capsules","https://cloudinary.images-iherb.com/image/upload/f_auto,q_auto:eco/images/twl/twl03206/r/11.jpg,https://cloudinary.images-iherb.com/image/upload/f_auto,q_auto:eco/images/twl/twl03206/r/16.jpg,https://cloudinary.images-iherb.com/image/upload/w_240/f_auto,q_auto:eco/images/cms/banners/dPDP_Authenticity_Graphic2_2025_009en-us.jpg,https://cloudinary.images-iherb.com/image/upload/w_240/f_auto,q_auto:eco/images/cms/banners/dPDP_Fresh_Graphic2_2025_003en-us.jpg,https://cloudinary.images-iherb.com/image/upload/f_auto,q_auto:eco/images/twl/twl03206/r/11.jpg",,"₨8,000.37"
"The Vitamin Shoppe, Lutein, 20 mg, 120 Softgels","https://cloudinary.images-iherb.com/image/upload/f_auto,q_auto:eco/images/vsi/vsi03088/r/8.jpg,https://cloudinary.images-iherb.com/image/upload/f_auto,q_auto:eco/images/vsi/vsi03088/r/13.jpg,https://cloudinary.images-iherb.com/image/upload/w_240/f_auto,q_auto:eco/images/cms/banners/dPDP_Authenticity_Graphic2_2025_009en-us.jpg,https://cloudinary.images-iherb.com/image/upload/w_240/f_auto,q_auto:eco/images/cms/banners/dPDP_Fresh_Graphic2_2025_003en-us.jpg,https://cloudinary.images-iherb.com/image/upload/f_auto,q_auto:eco/images/vsi/vsi03088/r/8.jpg",,"₨8,479.00"
"California Gold Nutrition, AstaCarotenoid Complex with Lutein, Lycopene, Astaxanthin, and Vitamin A, 30 Veggie Softgels","https://cloudinary.images-iherb.com/image/upload/f_auto,q_auto:eco/images/cgn/cgn01206/r/73.jpg,https://cloudinary.images-iherb.com/image/upload/f_auto,q_auto:eco/images/cgn/cgn01206/r/76.jpg,https://cloudinary.images-iherb.com/image/upload/f_auto,q_auto:eco/images/cgn/cgn01206/r/51.jpg,https://cloudinary.images-iherb.com/image/upload/f_auto,q_auto:eco/images/cgn/cgn01206/r/81.jpg,https://cloudinary.images-iherb.com/image/upload/f_auto,q_auto:eco/images/cgn/cgn01206/r/63.jpg",,
"California Gold Nutrition, Lutein, 90 Veggie Capsules","https://cloudinary.images-iherb.com/image/upload/f_auto,q_auto:eco/images/cgn/cgn02547/r/10.jpg,https://cloudinary.images-iherb.com/image/upload/f_auto,q_auto:eco/images/cgn/cgn02547/r/15.jpg,https://cloudinary.images-iherb.com/image/upload/f_auto,q_auto:eco/images/cgn/cgn02547/r/18.jpg,https://cloudinary.images-iherb.com/image/upload/f_auto,q_auto:eco/images/cgn/cgn02547/r/20.jpg,https://cloudinary.images-iherb.com/image/upload/f_auto,q_auto:eco/images/cgn/cgn02547/r/21.jpg",,
